G,0.054933142203647846,0.07427063712003999,0.1053793004466218,0.15415707673744944,0.029914364932092524,0.07897984743142716,0.1286376723493828,0.06285435073742496,0.1110098486831497,0.05107472132020191,0.011549312372375614,0.010322366799484143,0.008509166057880454,0.005270818898667569,0.006177526231014392,0.00955557108090975,0.005253612286755371,0.012154832691016578,0.006528373430157839,0.0068372584918130475
G,0.05626544568837198,0.07578222923521588,0.1055289278242233,0.15400101262277557,0.029750246823883403,0.07872196213106675,0.12839996147951555,0.06291890210329804,0.1110001336705645,0.0510135810547484,0.011894447272137603,0.010235004438211102,0.008488725754863058,0.005332042226372925,0.0063786226364820585,0.009765673377440262,0.005625625322847443,0.012142662323019455,0.006532683033673833,0.006843433679689451
G,0.05715498525457073,0.07728222953435393,0.10503292177393131,0.153949044262236,0.030882691426444103,0.0784947273814145,0.1290741208487161,0.06141408428821841,0.11046773133240065,0.051880244470501914,0.012363687503864998,0.01065252906514537,0.008219209699300076,0.005362889190839796,0.007670178167469206,0.009489087293027266,0.005932639779313413,0.011786804948789288,0.006897381785212947,0.006034451483279943
G,0.05837490344240189,0.07900301195930802,0.10538782518158704,0.15455774796276,0.031233819139631656,0.07735048499604279,0.12884732206432223,0.05964530248745701,0.10980109380065448,0.05280728841082771,0.013481121564407162,0.012490991639920075,0.008698998772690179,0.006358629134662228,0.00791929591796826,0.00920700875186338,0.005780219811681302,0.011232040123959036,0.006331932438374219,0.006359383784663744
G,0.05762410445630216,0.07898548929625816,0.10566263844030352,0.1547048574054517,0.03163493324625916,0.0777321279476769,0.1290685355220116,0.05942683709525983,0.10946219041974944,0.0526759794514882,0.014912843674815828,0.01251395230988515,0.008550114109592057,0.006196241073727687,0.00828648131425874,0.009380260993673428,0.005761805168096363,0.011326468395352054,0.006771170018976192,0.006453902160216274
G,0.05786215752863114,0.07846070938066146,0.10376432618519893,0.15180005941075153,0.03076567456788095,0.0760904060810331,0.1267565744205886,0.05833548011249926,0.10783129768248953,0.05198176256891272,0.014981284780634175,0.012875094084284559,0.011383324530979937,0.01312151701126735,0.00904195322551018,0.010152477888239487,0.009501803982847851,0.011010758657140978,0.007737114137997394,0.007226640416530189
G,0.05582930223212007,0.07731301162980636,0.1034435359430315,0.15083611992795634,0.030936285755816438,0.07603167580321242,0.12590444667872153,0.05747628655727625,0.10630042011421865,0.05122116688390731,0.016334099994744174,0.013289904635284244,0.011393702006904606,0.013517167133149339,0.009174282282400019,0.010127627952416408,0.009735612596125735,0.011066823044540708,0.009148193980918033,0.007903366016567838
G,0.05367723819838869,0.07579452336981002,0.10240597796822273,0.148997469847404,0.03133547163494535,0.07605305119973682,0.12493493537415926,0.05663421642980433,0.10452222170524236,0.05020479047660446,0.01709276260380508,0.012960302510153482,0.011261038166385713,0.014027265369425484,0.009510841738236079,0.010127785506013584,0.010212367242165992,0.011636181608769124,0.011430343386859877,0.008632538971835952
G,0.05310349694715226,0.07529383817232023,0.1024896682180478,0.1475332706762429,0.032247886183773666,0.07768113943077186,0.12493641049762447,0.056981015686038784,0.10332374223366032,0.04861176917053563,0.01734796144515437,0.013189899927084317,0.011259234840376173,0.014813954996450739,0.010170742140779973,0.011541277301792564,0.010212566649712432,0.01157098778398007,0.012432124130972153,0.010092958675357245
G,0.051037278164652235,0.0743069476611682,0.10165047689614778,0.14657416178067983,0.0325468633370137,0.07739467556691289,0.12457271641183018,0.05589437429234897,0.10230292607235447,0.048501112952483286,0.018607864030757655,0.013595612617039522,0.010903112133479928,0.015032217862325715,0.010403713482813446,0.011290148707307879,0.010261194607000533,0.011222407572098077,0.013131206723959992,0.01021301540557027
G,0.05022300950566751,0.07393440565852234,0.10133015234015388,0.14548224197597046,0.03315228972813049,0.07764696042153416,0.12398845814015583,0.055400659566507804,0.10105206947957512,0.047696855186870946,0.019405910248177824,0.013953021018565211,0.011150943495005797,0.015666561819367594,0.010722139839551375,0.011266529577201935,0.01045703901214253,0.011476231561026203,0.013833709086703451,0.010399751460306536
G,0.05022536155003687,0.07362766202999754,0.09970789073461848,0.14324577505485306,0.033357075409412365,0.07702879317901125,0.12295984615341471,0.05401487696587483,0.09931667488910763,0.04722954648359202,0.019407231906572807,0.014037611278259062,0.010881782221300797,0.016676382178871487,0.010658572106156413,0.010373563424099836,0.010055446426149158,0.009041784692826241,0.01303983251168574,0.010884158153221782
G,0.04901340558227122,0.073335879318858,0.1000448634176867,0.14251505690984195,0.03344595669165957,0.07748062590561847,0.12231490580527185,0.053997552067423404,0.098073877023571,0.046030384784861954,0.02038620726083534,0.014217928600728794,0.010819159820180793,0.016634446069961593,0.010746681515168765,0.01056911986176849,0.009756393857502852,0.009050026255062979,0.013288840499560198,0.010706503418267541
G,0.048777708271221173,0.07248979280427764,0.09924505170604284,0.14130975912768212,0.03363337843685269,0.07696667525002257,0.12119585942062469,0.05330097071898837,0.0969822595493506,0.045611567453951306,0.02021384542391746,0.014132340244343873,0.010630200383797975,0.016409679088403444,0.01055760540230147,0.010715861637150463,0.010222503374148104,0.008166071057756404,0.012372564193776008,0.010700165396010479
G,0.048017584595350965,0.07262763319227693,0.09994811596220968,0.14120349565822146,0.03457967101769726,0.077988644339857,0.12117087757583984,0.05340730125014422,0.09612437590428465,0.044705397775508485,0.02056252446151116,0.01408939287791147,0.010395398040590057,0.016373415372300894,0.010682860061509916,0.010144743464087754,0.010217109414353352,0.008077524999874934,0.012276289861229691,0.009956021911203016
G,0.047829557865007526,0.07283433307846357,0.09995772435079586,0.14099485858011246,0.03512868601987344,0.07755109266766724,0.12059615277235028,0.052354824826256974,0.09495882626183753,0.044518837618946594,0.020469646385745516,0.014091753335048389,0.010400929260321845,0.016269156365903644,0.010175609084749862,0.010011857070480034,0.01004299013493025,0.006436091845957202,0.011224670348430311,0.009956235392933738
G,0.04675506717318682,0.07289942588534296,0.10078674847202465,0.14089222188254524,0.036228318615983926,0.07869378599752738,0.1205914405036865,0.05250547839098513,0.09408589001248939,0.0435152082091865,0.020897037673733375,0.014058586979698223,0.010051622158435811,0.016262811555160038,0.010164485853920921,0.009512188159810702,0.010043196078887854,0.006330875600902706,0.011260553643384678,0.009512044164542273
G,0.04487454862101189,0.07164742499637963,0.09986336853646957,0.1396074509015974,0.037068410140194664,0.0784602900696659,0.11983020062847896,0.051469573042521,0.09266247471432444,0.04304412034333864,0.020322637665301017,0.013655430626854627,0.010073390455094632,0.015980536535327258,0.00960227902548914,0.009656412525810324,0.010143621053523177,0.005577000712084666,0.010170624930285569,0.00931080223040204
G,0.04469781522093434,0.0714647952567792,0.09958013970397342,0.13837720971417755,0.03725653229756665,0.07834170077533018,0.1186665160981295,0.051294658541895174,0.0915197201805849,0.04207344275322387,0.020401606246277754,0.013688254631798211,0.010036659454070078,0.015318496105067195,0.009611411298407768,0.009705538271043947,0.009860972083488854,0.005706503020937797,0.009955363370402544,0.00871031501262317
G,0.042743601522222854,0.07002786231626171,0.09887802726510606,0.1376021765893391,0.0378958481373638,0.07812574713744211,0.11815475005288925,0.05037467820054996,0.09040135307981577,0.04179470542477777,0.019134023708240584,0.012392300114925517,0.009692038793447917,0.014997903276353,0.009135464621161903,0.00985897553633518,0.010072712799053769,0.0052251894170199644,0.00948565641013301,0.00865732092003334
G,0.04300570287592666,0.07019595103604816,0.09892947674628108,0.13673628393504006,0.03834016156662902,0.07795052926589427,0.11695426710841025,0.05011355167830343,0.08924699891396008,0.04087914577194175,0.01912232094610441,0.012407991188968348,0.009731932611614567,0.014132863007226763,0.009081083332872655,0.009942199359717824,0.009990413064154413,0.005282587817325723,0.008956734091559136,0.008100101345007675
G,0.04206796348785272,0.06997098115735415,0.09980642811089678,0.1373532305392064,0.03971608558424651,0.07853278526094169,0.11693664678621311,0.04936857072942077,0.08812692038399018,0.04040623904995411,0.018112697373618123,0.012091834945287497,0.01101607537994786,0.01496251788250717,0.008326987340990634,0.009704055888267884,0.009989518557189856,0.0046765626212693905,0.007875657517987026,0.007840811916204277
G,0.041845430346389226,0.0701635072216152,0.10128608582819683,0.13849641933484735,0.03969365233645851,0.07794919267842015,0.11560250841148778,0.049032758488831776,0.08718791611524436,0.03970662676259432,0.01776759048167585,0.012503531157671097,0.013338212670364476,0.016681306354622647,0.008300751692129058,0.009461838474285517,0.008781311749723195,0.004860441812036987,0.007413485366757469,0.007184216369803638
G,0.04090757247473348,0.07001416683079778,0.1023725380528167,0.13885055699444235,0.040218884906175506,0.07867758452768116,0.11491928760361711,0.04906415280913386,0.08582641957483697,0.03833640530438611,0.016045375592580194,0.012064267809741765,0.015537783250653917,0.017404333462417224,0.008635425295947503,0.009287420955897574,0.008090009858201755,0.004845674463607334,0.005529122660215302,0.004614842021615807
G,0.04235204507178217,0.0716579448552485,0.10376990358073035,0.1396073974497154,0.040291327985581174,0.07849459201206328,0.11413434086084855,0.04886082191274,0.0849629013451451,0.03767100440982186,0.015702662763430093,0.013113837354709652,0.016791531672983657,0.018149904747036556,0.008663335366289793,0.009185175501337533,0.007238586677404775,0.00478315423664572,0.004913641498285618,0.004292233692194156
G,0.04148181120788679,0.07272871616025792,0.10596942117846908,0.14224165271374203,0.04178478703264463,0.07939198856483756,0.11517637844117685,0.0485466380174548,0.08480328248374201,0.03784474298167958,0.014918181985262706,0.013376862320428172,0.0151354552487004,0.016087087613807324,0.006466953469773151,0.007688715940138134,0.005275457822875841,0.004825472338859543,0.004862633556507986,0.004362583923449066
G,0.04211022991916348,0.07326134741340802,0.10628001209937013,0.14266384608370203,0.04199810076348916,0.07929710852042424,0.11528517668521425,0.04875477524741077,0.08520488998427608,0.03800148182725531,0.014516187543475672,0.013136303948102576,0.015073948724682177,0.016034011340913815,0.006462439611272877,0.007695243030725461,0.00529660063524971,0.00491201083148248,0.005103379470234049,0.004395119900687015
G,0.04246598143528528,0.07359574819779577,0.10613628837576791,0.14277087953230136,0.042120741001268266,0.0790517689378055,0.1153860225848045,0.04889117337730699,0.08578634278460398,0.03843802109395303,0.014234315729084832,0.012986100431206975,0.015203518566864214,0.015940700955064696,0.006503519768772051,0.007862310483761873,0.005229397242036959,0.004728082718774899,0.004464417550711775,0.004470283687616599
G,0.04277721789313015,0.07438404402439167,0.10524738165625214,0.142351924561389,0.04203605695818002,0.0774492936051691,0.11464764521490686,0.04791984096469498,0.08569365180373333,0.03932906481158532,0.014244897645219287,0.012890724957118146,0.01586382112989814,0.0164802232021239,0.006436664818654516,0.005939840021133748,0.004641384148836001,0.00473312318795251,0.004560991667818429,0.003306540436682631
G,0.04347715637805434,0.07469781246906611,0.10479354085991502,0.14163156459620457,0.04230643096769747,0.07720464960885293,0.11419391360879369,0.04756093447662482,0.08509985001828695,0.03908845114741948,0.013452302279821403,0.012595810352312865,0.016180454849126634,0.017128748745435813,0.00659991637935152,0.005734156088242471,0.004563422672804195,0.004889937180570161,0.0054487867908089346,0.0036641805538393224
G,0.04392159740112016,0.07573666874610986,0.10540540055271024,0.14211084027621002,0.04243815824691208,0.07716209586009073,0.11413392231087119,0.04757997039973279,0.08495653266175539,0.03900578914449,0.012933655732969477,0.011948376348283628,0.0158277590460184,0.016821376095851805,0.006667518956762449,0.005723914221524962,0.004560769285913453,0.00488017761693142,0.005575265602982171,0.003713709356765125
G,0.04285756651784542,0.07647435819953229,0.106131345429254,0.14310985346824043,0.043201640402233094,0.07671665155029761,0.11399149324928821,0.046734847835803076,0.08431582440962551,0.039243363919201,0.012333767814159999,0.011832079879008868,0.01524915465800943,0.015720962836364875,0.0062903166608603,0.005287646380572414,0.004507199721704189,0.0042778279487022605,0.005807841869836172,0.0033794410758631326
G,0.04385566748447076,0.07739128840779445,0.10632990048458886,0.14351468019854619,0.04307898476693524,0.07630886655154875,0.11393358143610348,0.04652507148328362,0.0843661673942384,0.03950768967093634,0.011325718549719248,0.01136321797430151,0.015209841278038781,0.015650378465530187,0.006279912261795794,0.004826865443238486,0.004426302826257257,0.004238314553790929,0.005806039613433395,0.003340531377937242
G,0.04294115786106469,0.07810140401660923,0.10658209364117424,0.1436410262780386,0.044062204129474994,0.07675396623689602,0.11446739856469072,0.045837555108014974,0.08353417381055166,0.03937517618741463,0.010587872926839506,0.011061800379261575,0.015047250796499306,0.015574518887415005,0.004647617752909737,0.004538388777561375,0.0041191809393057,0.0034214351395117026,0.005020411481800721,0.0032994918510562774
G,0.043635473393541194,0.07873521665128026,0.10693555689541663,0.14380732065503257,0.0438117358904966,0.07648464841923752,0.11415747671574336,0.04585840600097131,0.08340767744263902,0.039179206504405636,0.010261444865047934,0.010915315970995597,0.015044715389280094,0.015614258138492418,0.004725987631710449,0.004384088054408335,0.0036629050843504573,0.0034336905265662868,0.00490257898969637,0.003094682872469097
G,0.04295613909124755,0.07908152171493779,0.10716697086157893,0.14386288422806875,0.04440527464123774,0.0766413620467205,0.11416424317053357,0.04553712555211788,0.08286793529303815,0.038980861096987666,0.009850138953914398,0.010899872438626623,0.015064663760907848,0.015628092233253364,0.0036706709534677076,0.004435945764727172,0.003670493441784336,0.002954566989871298,0.004196350529709086,0.0029856221577591636
G,0.044108742303450695,0.08012147307668957,0.1078205219447483,0.14458721809019168,0.04407447226544501,0.07633070582360946,0.11405441722884171,0.04554395854848253,0.08292884924721391,0.0390239844167555,0.00940893950218982,0.010623907090333598,0.015211254570407166,0.01580969504130461,0.0037575941557446914,0.004017900279178714,0.003520822635677058,0.002963817740908704,0.00424027233114102,0.0029815422505403595
G,0.04481853392649892,0.08094667485980188,0.10890235459426671,0.14588112321880142,0.04408638890350746,0.07691495373374306,0.114878359245605,0.04596175390442298,0.08344184169130527,0.039186339258980095,0.009097438969394063,0.009977692132859439,0.014727842768339624,0.015698742613372504,0.00374002774829653,0.003950704382392354,0.004549875386721682,0.0035283918866222223,0.005245091379203502,0.003247780807579973
G,0.045507213663858626,0.08185620604415375,0.10997120308658244,0.14701785111201243,0.04426245713890273,0.07772477786708808,0.11580605110579614,0.04647034906919823,0.08393088519931594,0.039231452494781174,0.008761524475334573,0.009507785910192598,0.01468752204246801,0.015700865572525872,0.0036007377804325312,0.004696735454000794,0.00529885006650516,0.004104847333559198,0.005584954651509876,0.003243171670461538
G,0.04608845252946267,0.08267351045929469,0.11105679294957485,0.147896388330014,0.04456258273661222,0.07856687377066561,0.11641991840101691,0.047054387560915456,0.08420062361809681,0.03898668079662858,0.008561232737826156,0.00898140582377148,0.01449344807070898,0.015579411181506136,0.0032112535150742787,0.004587701200285912,0.005204747591854807,0.0045850537910680535,0.005703996888188373,0.0032999657539041823
G,0.046159317474630944,0.08315034712423629,0.11176082044737967,0.14865182391746526,0.04456167546700686,0.07938654267359821,0.11735439325649596,0.04756906662193537,0.08465278932306028,0.038995047471083996,0.008554826611321727,0.008701322869727253,0.014618253562574096,0.01569254301731679,0.0032121362549024416,0.004729068310745039,0.004964917029057456,0.00504602752202241,0.005906563158060179,0.0032958393914175495
G,0.04583527307551419,0.08311580360774697,0.11164031237472818,0.1484549254682269,0.0443648936625909,0.07995048598237303,0.1179864471984527,0.048112305555121186,0.08503728922575236,0.03891856778427014,0.008403243343265572,0.008695086317947395,0.014532077886768179,0.015538012366905492,0.0031134664876216263,0.005399176230896291,0.005669405761598931,0.0054531001405355,0.006199356212656269,0.0032827692413071475
G,0.04497413474044154,0.08261315816223322,0.11115835562584393,0.14782492846716644,0.04415303438136603,0.08066137575621343,0.118705179966713,0.04865093654328253,0.0852571816240818,0.03870926737319404,0.006877495563432858,0.008071596455504872,0.013914196743611404,0.014760131845809365,0.0029148291737108698,0.005803449288318901,0.00570343346069347,0.005476377585282301,0.006166697028599815,0.003333134689652198
G,0.04432545752551175,0.08167554942638791,0.1106048608638823,0.14713235048734347,0.04403185925064515,0.08155356504655474,0.11940115978339431,0.04925780692960379,0.08553669706590096,0.03851717425941813,0.005643764529284895,0.0063549937284196134,0.012859555847766387,0.013658280956891207,0.0026854659035215633,0.007321614565261239,0.006269692824240095,0.005922926846897535,0.006132468701395149,0.0035644152363487947
G,0.04438060111703952,0.08144166147066449,0.10988584831942305,0.1468218349207904,0.04389008596294279,0.08140359578333196,0.11975091272744928,0.0492733351596292,0.08599621282059672,0.038999585508243416,0.005726277868224397,0.005920006201414823,0.01204465703948029,0.013330899585934574,0.002741208352458449,0.007343323329084733,0.006208714856871486,0.005921089333780852,0.006080528887901513,0.003506375543790827
G,0.0447011028198467,0.08146182928517942,0.11009189087121536,0.14710620979639713,0.04355507158788026,0.0817523995830202,0.12017631164337428,0.04969172835247891,0.08633630091605024,0.03900513374681814,0.006035848540778047,0.005936691204001892,0.012162408287693282,0.013537115763914167,0.003000938512450009,0.007138998080198115,0.006040510342802432,0.005893906190712508,0.006195969364520134,0.003510014019542173
G,0.045079098418677764,0.08208924342595682,0.11058190610966803,0.14765198351671094,0.043514186139573266,0.08197029150697319,0.12044160297162954,0.0494980927660302,0.0860982224558299,0.03901351481556595,0.005880775512699059,0.005591951179326658,0.01219470507208379,0.013646907369621352,0.003001697276902087,0.007083359571614471,0.006026878076439766,0.005853518334349501,0.006063556629293454,0.003513531701689446
G,0.04565804356626751,0.08271999334497318,0.1120996119032636,0.14928051649273774,0.043349149715338056,0.08288741193522406,0.12135582955243171,0.05024461112942443,0.08667913395673191,0.03892666265383921,0.005352679122085349,0.004972032212887483,0.011550339670431368,0.013365871787996099,0.002980988113110961,0.006841826216374025,0.006188590374191944,0.006014685363237659,0.006567038021616143,0.0034256742925533835
G,0.04586287261993489,0.08304417474875472,0.11417182708295455,0.15169759709903607,0.043235977063861064,0.08407369070155603,0.1224146882173236,0.051171788115477825,0.08734726935130996,0.038756905940644897,0.005447729019096404,0.005015343905296566,0.010187212752660296,0.011661900756210925,0.002907370032529241,0.006646073212681935,0.006234060148318492,0.005571545043696313,0.006544563982605622,0.0033160819573625944
G,0.04668258188925757,0.0842450056173774,0.11638870575259411,0.15412146554276523,0.0432636880246225,0.08515341952327565,0.12357255871647439,0.05199018995006517,0.08820507376045823,0.03890486213806451,0.004870847200318085,0.003301408486157778,0.009321853813366815,0.00960806073924623,0.0029624911146603535,0.007554200241454197,0.006094943515604607,0.005369902360420554,0.005517319128257881,0.003049762465073435
G,0.04745460656284221,0.0848207546763549,0.11766351864906066,0.15541617126341029,0.0433930242608598,0.08600868352405724,0.1242963750319543,0.05228904804194294,0.08837231976064923,0.03881372852732275,0.003678856050914467,0.0031555712442861987,0.009003918406753592,0.008755767026274681,0.0031756855632790477,0.007678652603891519,0.0057363769906760235,0.005148581629780948,0.005272867361729746,0.003160135616396439
G,0.04775734180982625,0.08487473485070343,0.1183525859747064,0.15648749985429908,0.04309397192808621,0.08609654427479486,0.1246726563010998,0.05258352396540461,0.08901763500929297,0.03913924531498379,0.003268679670039666,0.003109040724933421,0.008163062607347709,0.007350874190432974,0.0030781581433612947,0.007594703120387779,0.005301526578695844,0.0046987191129087705,0.004467404497339172,0.003240385786990134
G,0.04825322225549575,0.08519901901555484,0.11950387817827894,0.1576194146036107,0.04319504794390575,0.08696130241892294,0.12537228046895324,0.05316365068616854,0.08943052545893714,0.03902273356877227,0.003006893926795327,0.0029349621631244256,0.007844516070482645,0.007178125414722379,0.0030884237240783553,0.007625164976395335,0.005508219998350807,0.004478990229148384,0.004424813012344725,0.003194100570818915
G,0.04829572671537823,0.08515610441299047,0.12017059611529675,0.15866238685871234,0.042957582307993084,0.08709782952029607,0.12579208107432346,0.053385202803038725,0.08994831899528485,0.0393080316703758,0.002938896693163534,0.003014573128893369,0.006552928691097184,0.005097617155702285,0.003173286456755589,0.007485722672322281,0.005169820878971453,0.004107311169587107,0.003959182016846972,0.00343777075155484
G,0.048233522201926005,0.08505519024140948,0.12059323138235109,0.15924662577449716,0.04306069192120227,0.08759958123833621,0.1263799917792204,0.05362076359928727,0.09027594940730702,0.03940623018706306,0.003013228812263164,0.0031423518870788134,0.006155857782297092,0.004616669337721305,0.0031072154400724754,0.007082829806339319,0.004784114353339019,0.003926919676499734,0.003958504121840329,0.003502394648398277
G,0.04823811313208741,0.08507228273217379,0.12072991770704311,0.15980032077028902,0.04311499186871786,0.08763415806642263,0.1268551117248427,0.05373792172430456,0.09090549753259042,0.03987523865876774,0.0030046859266030703,0.0031259483661679314,0.005961120039231012,0.003872255080043341,0.003107816310952597,0.007045229855899752,0.004420118427378558,0.003766740177935944,0.0038615632066078295,0.003980918151395859
G,0.0477573768064946,0.0846455039534443,0.12048097971512894,0.16001652050568316,0.04321146863937352,0.08788670984365578,0.1276047561783992,0.0539789413691399,0.09167648056970218,0.040376963625791164,0.0032257744257941433,0.003385685270472987,0.006193381976939306,0.003739495240334541,0.003037402362306103,0.006820565962336525,0.004099434051778847,0.0036475612788377876,0.0044145422314010715,0.004461410411818981
G,0.04750649390484301,0.08450063004895857,0.12061815764601998,0.15999128278320496,0.04329648903021619,0.08801439983571804,0.12754158976989358,0.054106609343388345,0.09165841646848502,0.04019340250891527,0.0034249560351250347,0.003605438110245312,0.006043453992242017,0.003762599689043411,0.0029311269280336625,0.006732634407431665,0.004106502442598035,0.003701457634864096,0.00439092222610884,0.0043058257836768865
G,0.047163340577909316,0.08413812526184014,0.12008703477554994,0.15945772368512362,0.04327307435734541,0.08757447872752219,0.12710313011307323,0.053697176672232325,0.09131927201398607,0.040208549943206766,0.0037200601264163686,0.0038468294679871715,0.006557134298330362,0.004674971084481759,0.0029350187332919065,0.006912687970114137,0.004426336302048464,0.003954763489464807,0.004582930308648659,0.0043032884310391165
G,0.0467351813696566,0.0835686842654539,0.12011626191776945,0.15994999687188952,0.04359029829909587,0.08841424693387233,0.1283401308674172,0.05397933715117529,0.09206083923719006,0.04065046187208306,0.0040087166869393846,0.00453488840655863,0.0065524619914335835,0.004600582512749152,0.0032169967431018324,0.007647370475911496,0.005888242568229788,0.004307117008491887,0.005328129697794087,0.0042921694891751875
G,0.04653140684868833,0.08325614152769284,0.11993512420420885,0.15968271502479964,0.04381863638074118,0.08858581863866652,0.12838742874456752,0.0540237784063077,0.09194399618372259,0.04055228880162545,0.0041393702219433195,0.004805963395381002,0.006574750122214004,0.004845018161087865,0.003217501314889517,0.007674078179593101,0.0058643863823641925,0.004340157033321886,0.005363576347848753,0.004385729550998676
G,0.04620895308330251,0.083192021984762,0.11960027541667224,0.15974964888964838,0.043924379662731605,0.08819140530485461,0.12842057898697262,0.0535645242194787,0.09180501373181642,0.0410339721740725,0.00435731978944264,0.0047993847441686836,0.0066857539968886905,0.004842154757374251,0.003258884188848679,0.007725677181198443,0.005874806429778125,0.004463261426013839,0.0053626698439693185,0.004680887568086669
G,0.046375683958645844,0.08388501495316843,0.12051800549363453,0.16070377817271858,0.04421647436798698,0.08841756891471984,0.12866522959740437,0.05339406493305504,0.09162135264883457,0.04108830069002016,0.004570421961475267,0.006257053612389093,0.008382815693380992,0.006500863939804934,0.003584708549914833,0.007857958288803578,0.0058625486750973396,0.004508094474794683,0.005601274975267247,0.004627272597650537
G,0.046490466972155024,0.08442439507385877,0.12038302430280587,0.1610730348278432,0.04406779289355655,0.08736852329542068,0.12824797092188497,0.05245028588410894,0.09125533404298485,0.04159454300550878,0.004689053950221035,0.006850733909798974,0.0082357371011699,0.006831179318813488,0.003477252417556464,0.007473020363620703,0.005985490508198109,0.00512400476724444,0.006081226195167578,0.004198324571301702
G,0.04641224428960992,0.08506522049275594,0.12122117197524754,0.16159839931736514,0.044627399493163473,0.08776928030219844,0.1281933471164317,0.05198516085589812,0.09027885617348114,0.04120140825496825,0.004584841599933401,0.007917954085431443,0.008705472511085723,0.006984609720320159,0.0038911444386513115,0.00721968971267921,0.006047058520526791,0.005816866295995802,0.007628326551993324,0.004397027188827085
G,0.04652329533270423,0.08594613525569303,0.12187115000374338,0.16197040928312495,0.04523001072101951,0.08791021150574312,0.12800917901235995,0.05127329735856302,0.08922079870185798,0.040893142457768164,0.004776288826147492,0.008948084650420454,0.008993388105858157,0.007063271595090968,0.003772240988735274,0.007109412511528788,0.006290291460933261,0.0064511164943002255,0.008749775164406996,0.00458721455701293
G,0.04700301847251872,0.08685248594294906,0.12276318878665246,0.16256605525945886,0.04554334104810982,0.08815949481130333,0.1278727123493441,0.0510547365351804,0.08854355341516414,0.04055410398315655,0.005186512841374748,0.0096823526034363,0.00925182502761866,0.007000531725192707,0.0038394787851175043,0.006992117519513365,0.006433024755135665,0.0066006869389316535,0.009378080951728528,0.0048422744802632195
G,0.04723508736960169,0.08772006707444091,0.12305400116274819,0.16260255193707568,0.046019349971393654,0.08786321762572898,0.12729660207444812,0.05015611634642586,0.08727531291216811,0.040310800666018345,0.005241536517289069,0.010112775309111482,0.009298125718198604,0.007001581879662223,0.003977753917465446,0.007043107387790046,0.006629240160238055,0.006731977903849591,0.009765052029008394,0.004904885670703619
G,0.04705474727013929,0.08802882409922655,0.12300437808827995,0.16231762391383933,0.04622539851058159,0.0874505340062339,0.1266602473614492,0.049530638091518094,0.0863980202055449,0.04006804894432368,0.005194312580761299,0.010173782162327274,0.009281123678662573,0.006980038624891039,0.003978485142097003,0.006898251285146727,0.00668672042495289,0.006627759303556149,0.009955061784183173,0.005065410523542015
G,0.0468633923763932,0.0882910210970348,0.12255138140710556,0.16170943537546978,0.046184714413142244,0.08649960921617428,0.12567700347504385,0.048730137320974726,0.08554790269989784,0.039930249104484006,0.005121363926861536,0.01028093721179859,0.00896666755211499,0.006976433971881018,0.0039502321278141374,0.006186288807493251,0.006998450846017661,0.006471103875538552,0.01040125728303581,0.005247031417283351
G,0.04739144867656491,0.08919513124991295,0.1233102170231501,0.16255667966091553,0.046223820313235256,0.08614492002116687,0.12546538285063763,0.048400935998988016,0.0853385445061057,0.04002501658496236,0.005738110557851723,0.011106984409679504,0.00994161281461107,0.007889549092066479,0.003988335384980293,0.005870161996007914,0.00698165722196546,0.00650277619491688,0.01051060797405157,0.005158829918626729
G,0.04820707183993713,0.08992276442927641,0.12383103771826225,0.1632648588096271,0.04591586825006979,0.08551318866439493,0.125098009676545,0.04815311199631236,0.0853265782145033,0.040275646340320104,0.006570856226325711,0.011133478695593058,0.009733124746675481,0.00791422870038754,0.004556102521136025,0.00708992783627426,0.007345067502287219,0.0066122208854429146,0.010506489053879072,0.005413740954100726
G,0.048945209271983404,0.09065011944729143,0.12441069669447828,0.1638717736988325,0.04547331279920069,0.08463354563838142,0.12428007152529212,0.047779720865722644,0.0850098463572046,0.04029976336017508,0.007622692979748065,0.0113690883421801,0.010306002003110468,0.008630629572762671,0.005075477823575646,0.006891777633826838,0.007261397396212943,0.006309593959707315,0.010368146722508336,0.0054099415329109295
G,0.049380410790564606,0.09107485095027994,0.1253196705304368,0.164064261669135,0.04536033829573578,0.08469509762132439,0.12356002803781745,0.04797170080178748,0.08440358413005522,0.039538909270743675,0.007573019286423195,0.011089755246146795,0.010018284378822824,0.00850218456119853,0.005228186538205378,0.006861606801629217,0.007801014169012429,0.006380147923566925,0.010348930616770845,0.005774227173544724
G,0.04963856988671877,0.09134667496292603,0.12533920490138195,0.16412174957031386,0.045094835085221795,0.08408699158844049,0.12304869428624754,0.04763639328438186,0.0841682282508413,0.03961894236107538,0.0074755232675425345,0.0108845602792096,0.010005610274249298,0.008483775590207418,0.005517496660977583,0.007203590324777091,0.007782492174516971,0.006294157485546692,0.010194478872797596,0.005827265223547751
G,0.049926096217287524,0.09138598046803027,0.12579520716391465,0.16413802037719538,0.04469058855280229,0.08393630260580612,0.1224060900347151,0.04770886147274005,0.08369602525729643,0.03910390175055993,0.007311235075149741,0.010852929874031393,0.00965254381874119,0.008474923413038508,0.005890966507019797,0.007312331784247409,0.007889952967803635,0.006324521076444728,0.009834714935198238,0.005496459908019864
G,0.04992442018434802,0.09119547617430478,0.1255484046531627,0.16355920315767927,0.044446250543358864,0.08335997068133372,0.12150825731146427,0.04734508512569931,0.08299628650488607,0.03876854395521385,0.007313111013443952,0.011106013486205123,0.010045804734440616,0.009126272535179666,0.006099886427272867,0.007718229227751675,0.0076626608353329755,0.00613350609298895,0.008969523077705665,0.00505823735132258
G,0.049751977403322205,0.09094896062702536,0.1255326914913109,0.16292679052804165,0.04448305610719004,0.08324816886760393,0.1207743241767435,0.04703584415621886,0.08199331870866004,0.038155113016991156,0.00752416218942396,0.01144952714012555,0.01006215781271467,0.010002362456302916,0.006077382582428532,0.007716218741721543,0.007851720829915528,0.005791843719467353,0.008425316189129768,0.0053449351859397405
G,0.049536424679517944,0.09042954654110423,0.12504201005396573,0.16236917932764525,0.0441977000096354,0.0828242067883198,0.12033238749865753,0.04688322506539654,0.08183431736158178,0.038126635287599075,0.007832090949762354,0.012224895419703917,0.011049761824112946,0.011114035490011626,0.0062910605310006525,0.008074542082796645,0.008136270577565914,0.005819354813274179,0.008386477549047078,0.005338507151399105
G,0.049260160708038396,0.09017306174787247,0.12359694764896763,0.16028520207331337,0.04373089793292863,0.08118774576176517,0.1182512422820395,0.04584314552675843,0.08039926658977696,0.037647570628735624,0.00824781427552049,0.012632893104550185,0.01335047387873862,0.014126226049072864,0.0062384662698478045,0.007129410842741172,0.006393613719068934,0.004832264324305368,0.006752615050674766,0.005150076351578048
G,0.04867845396986709,0.08937497816558364,0.1218501927649425,0.1583488317960889,0.04325766911143993,0.07993078878622892,0.11699556222169742,0.04483501626815366,0.07949218110660652,0.03761276443384474,0.009106129075151296,0.013926137992466682,0.016057171571345914,0.01731141211187986,0.006405512450551038,0.007426566571413273,0.007189965472037317,0.004339852035585712,0.006726283423492473,0.005166901935004527
G,0.04813245555651068,0.08822504871869427,0.12024317218292271,0.15597862857264624,0.04285933032477149,0.07906518729578699,0.11545749537601643,0.04424476250538189,0.07843678907844372,0.03690409089094043,0.009887529316469822,0.015282320701655763,0.018204951829450203,0.019943718396551926,0.006457888059065192,0.00795736956432051,0.007406342510183905,0.004657464977240215,0.006567301893824963,0.00457897817099382
G,0.04661907950952705,0.08600013147406964,0.11698005250440544,0.15247914933072942,0.0423409920346327,0.07766122679050444,0.11396314154662739,0.04339864627056099,0.07766273330269625,0.03676656491053928,0.011159455703253732,0.016305751981850268,0.019598805483431403,0.021561865779542867,0.00621036406836498,0.0074619223242385945,0.007193130504680583,0.004954633876343785,0.006915856087267621,0.004614852260403665
G,0.04574516695436648,0.08491638446920324,0.11521944310099716,0.15013056308389255,0.04223299389879144,0.07709021524836636,0.1129763817138355,0.043121927268087216,0.07710463047875676,0.03637638256133782,0.01135780658569979,0.016274719483570413,0.02009129238868503,0.022019573103138908,0.006178278746394148,0.007678438677498368,0.007301889741569463,0.005262629662483526,0.007141836806325053,0.004425684985001961
G,0.04442623609126901,0.08305968504613628,0.1128295147941357,0.14744501040788718,0.041888595567747974,0.07630100325093289,0.11200401304235626,0.04283627593245808,0.07680499493322568,0.036176051065302174,0.01208125526766298,0.01617219948637193,0.020560774105543696,0.022861661133674285,0.0057651324398564786,0.007433518112754044,0.007475678079307892,0.005600170686911209,0.007542167273811813,0.00455880468292913
G,0.04279528803890012,0.08084618664374084,0.11029444691237048,0.14473328032363023,0.04142664008182083,0.07550410027277983,0.1111329715060784,0.04263192342210128,0.07669427081564627,0.03611949125863163,0.012644935103060799,0.01616009947895627,0.021161903500324618,0.023587532717145306,0.005441832731912656,0.007457996476021781,0.007723972555796664,0.005805575618507771,0.007649559657096627,0.004577626600834554
G,0.04142634472501493,0.0784176435241066,0.10746067969444165,0.14179828857936283,0.04103666438602323,0.07463185876530719,0.11030390823621024,0.04219601976912359,0.07647891640361255,0.03613901192561791,0.012642784102130303,0.01629597193966756,0.021603838054162137,0.024217650796881502,0.005131630875765718,0.00704670826810276,0.007625299386036333,0.0059728948593328925,0.007790138613909207,0.004568458732201542
G,0.04037235885531801,0.0766552571458101,0.10542380200876296,0.13956758751206355,0.040514459765173254,0.07384511106432859,0.10944268849116212,0.041903166863902594,0.07633507080356108,0.03606016876372998,0.012706251864431294,0.015666037337609313,0.02155830937543622,0.02420283766441613,0.004516878375974376,0.006850275536164205,0.007498467064333707,0.006181687385194734,0.00789175289831055,0.004570921845435498
G,0.0393156879229019,0.07521329373333449,0.10338036243136095,0.13737195664066368,0.040188474987520116,0.07286145712914079,0.10842909277915033,0.04126214353229106,0.07582655294733846,0.03605396301476029,0.013010542686556907,0.015423716737254041,0.021474799265806453,0.024228832682803462,0.004172826168656705,0.006437654713144179,0.0073700841512441195,0.0065140488363424915,0.008222335416973856,0.004573166525854634
G,0.03846035781304224,0.0738634651533333,0.10164697450883124,0.1355582018265044,0.03973941587066114,0.07201239415407215,0.10757002827623607,0.0408486266922572,0.07554214922218373,0.0360990296982685,0.013038749500443673,0.014805270055569161,0.021089231239940612,0.024126029121027813,0.0037058247871358902,0.0062453213484941665,0.00764734426592174,0.006688412094121702,0.008440761416800948,0.004535558487352375
G,0.036594895770873145,0.07135544633461252,0.09863110967640648,0.1322412734356759,0.03918282286814776,0.07092191996247912,0.10623335232614033,0.040397517024012855,0.07497981302418331,0.03587457006605726,0.012666100273127437,0.013027357403229496,0.01923940949956753,0.022482475842234898,0.0027716583927929147,0.005138698778603213,0.006962772501736407,0.006721027297050006,0.008638052415292733,0.004640668998600228
G,0.034822746587011164,0.06953373353633405,0.09627462269973638,0.12884594074096684,0.03942298244372762,0.07084380698475304,0.10512421086402253,0.03996070004493839,0.07356819463562944,0.03483726200493671,0.01136700720331547,0.011766776716350687,0.018765301836313402,0.02159335017924446,0.0026121760493901525,0.0052091152167377495,0.007312155320483806,0.006827066827461955,0.008565869387103344,0.004093340894032462
G,0.0331745715215893,0.06798871949175325,0.0936958707123193,0.1256753571871014,0.03969102586467242,0.0702979534172708,0.10415718227579895,0.039173156050081294,0.07249085092070755,0.03444392777423875,0.00882150852327145,0.009270788621613074,0.015934284441058655,0.018349015086751866,0.0024795948531886962,0.005014525797378198,0.006911610576624524,0.006589141524986364,0.00821183170512531,0.00398600743151751
G,0.03315459126557009,0.06698180567810577,0.09054365926654681,0.12225495685319862,0.03978808743765606,0.06938428863647525,0.10338246551275318,0.03816904271777279,0.07170134828797999,0.03461654553783357,0.008777724366690606,0.008091143152979945,0.014462454898611407,0.01797091090963018,0.0024223456049878174,0.004448477509946941,0.006960914417384117,0.006046368162243261,0.008309195261399291,0.0038462484479993104
G,0.032063117956840415,0.06563537045907711,0.08811182902288428,0.11925852102980243,0.0401375873303143,0.06895551165418294,0.10259296166030911,0.03738053700990644,0.07067147055194989,0.034320865805217746,0.008034247853727406,0.007048463156068318,0.01352708794303101,0.01598971077767313,0.0024581666174744304,0.0043611259218860705,0.006038944727048774,0.005991832177607015,0.007364599203353483,0.003282318473547249
G,0.03137956277265656,0.06411724521468022,0.08500918377699684,0.11569465987741079,0.040274267134919335,0.06826591595920568,0.10163266417989698,0.036429573953054066,0.06949551433885096,0.034061818711834814,0.007144734392159114,0.006380244353672675,0.0123446449697196,0.014452792639487134,0.002269746735033413,0.004073242480627268,0.005493509623182232,0.005206091540490504,0.006518036933027153,0.0031971003946128463
G,0.031041962432915925,0.06324766381449327,0.08300147007005906,0.11319089142345191,0.04057044752572467,0.0680098978986017,0.10101440520633172,0.03560367009296368,0.06833746348338146,0.033718507863454886,0.006799120706725794,0.006041236802500051,0.011774028126806871,0.012862151929234513,0.002208654707980742,0.0039524125181771156,0.004580097420752172,0.004726417290911864,0.005016698944682774,0.00258488045327874
G,0.030724492086083233,0.06256703191881449,0.08079146741466207,0.11113315399376207,0.04047084240122234,0.06707816966886126,0.10044663633560594,0.03465195734207084,0.067871684142116,0.03408450848125485,0.006562653944986215,0.005671889252915732,0.009505042976318248,0.01097511972473164,0.0022269217814658857,0.002332498539797306,0.0038536329738044247,0.0032925015634240233,0.0045878060892391185,0.002535555123772997
G,0.03113714870020688,0.062238804658836466,0.07924804384408413,0.10901956369146373,0.04071946961277694,0.06694530356623554,0.09992727506962082,0.03411360068656153,0.06693658839710392,0.03369106109261829,0.007147517358656121,0.005546688875980956,0.008887357928214771,0.010005935328683392,0.0020823493379762727,0.0021060008491268975,0.0030045080882631623,0.0024219067677416894,0.0032455775001891166,0.0023352989822271
G,0.03162457080271898,0.06210830107340114,0.07818837640527343,0.10783744271303355,0.04064522619150119,0.06653285313842641,0.09957079231187183,0.03361661339251604,0.06642154537927325,0.03373869608394019,0.0076756398808535235,0.005440096701398121,0.008751596561524742,0.009767216206135722,0.002132469149928882,0.0022630359574674157,0.0028523638159812445,0.0019227309405098001,0.0026214117550669444,0.002374153189029678
G,0.03194144050458708,0.06208633915423904,0.07758231928519606,0.1075155158758885,0.04056830511223517,0.06632371917180821,0.0998315435876366,0.033464456607575424,0.06676571746050215,0.034217084125478615,0.007746932406498974,0.0054483356662460205,0.008853106126182094,0.009661126372250865,0.0023006263337811725,0.002462244410198543,0.0031697945084835466,0.0017192078208586167,0.003510344628548727,0.003315001063710583
G,0.032669633979231325,0.062417101370752334,0.0772559196497331,0.10713035757382502,0.04045136597095083,0.06620920618391876,0.09982407478494752,0.03341767960620934,0.06680491813391061,0.034305744784933215,0.008143829213210023,0.00551668717307486,0.008801423376302346,0.009597138345179964,0.0024697594945677615,0.0025213655777021633,0.003169990894429939,0.001655225392821624,0.0035438925796085438,0.0033373790516098047
G,0.03341950462481603,0.0626745653570348,0.07716508243285128,0.10718174283024991,0.04012015581631864,0.06614249541916423,0.1000378054455349,0.033761262505303105,0.06738282552255896,0.03456829587716052,0.007943546028185606,0.005404813462146712,0.008803615900756751,0.009613165572628465,0.0028619095315371617,0.0025160333673655308,0.003367119450225154,0.0022710939820507784,0.0044097990592811605,0.003524812699049565
G,0.033592960323182756,0.06220967682980576,0.07698571614558444,0.1072724861180105,0.03975566666504553,0.06644659063178798,0.10053940257008431,0.03431739170032965,0.06803971823691891,0.03472618510373141,0.008011297460322886,0.0046666138527240615,0.0085120535143712,0.009774664569898247,0.0029293177120018462,0.003114601450341611,0.004346523769666165,0.003492473084168072,0.0054509263860330615,0.003604224557093989
G,0.03420576328355269,0.062248728125518585,0.07711838911367117,0.10796328173906844,0.03932252185110306,0.06654385246188638,0.10126467067404735,0.034821127179976465,0.06908856795352632,0.035305406525294555,0.007833136475429228,0.004703938769919415,0.008672745116968918,0.010730472777743956,0.0026317790756758535,0.0032855880045800892,0.005495588458202416,0.00404983828648825,0.006515590122706412,0.003921955477487721
G,0.035138308207603705,0.06279999790733307,0.07779088882254447,0.10900152365260467,0.0390700477835464,0.06688184743372319,0.10200772036409042,0.035390243186734185,0.06995973706586552,0.035658690744476376,0.007552113890767839,0.005031750712347991,0.009454414149510324,0.012065413497829731,0.0027038324789495347,0.003708160822237385,0.006311921383737647,0.004765640356426838,0.007446834179234262,0.004107863737168358
G,0.035995616655151504,0.06383708615477426,0.07845565277585638,0.10994862235633332,0.03888153443925098,0.06708545357766103,0.10268950007149551,0.03600355260988114,0.07101074542153679,0.03612620872761027,0.007714668715690307,0.005330187298201512,0.009849036790915037,0.012735989819071609,0.002656265871618205,0.003963871159574656,0.007105653476714921,0.005509435138281002,0.008674863182592541,0.004431901141728182
G,0.03670761238769885,0.06411378372910145,0.07868504856365956,0.1109063084824005,0.03854836318765713,0.06716891656175211,0.103622089737573,0.036449461641688455,0.07225087890714091,0.03695053769210511,0.007748246449970061,0.0055547128138671124,0.010085616157941403,0.014002888582098928,0.0027564636277662524,0.004001870380452147,0.008150336224884178,0.005748726927163356,0.010027575662653975,0.005565383451146466
G,0.037866935039032754,0.0646266346024892,0.07958832282086108,0.11229602935038623,0.038352249460488756,0.06797296200369296,0.10486818140217535,0.03731679283359403,0.07344091378073772,0.037368920251454364,0.007730333490222687,0.005988792584834078,0.0113293302319131,0.015734164611494315,0.002664881855633373,0.0051871934200259625,0.009287580234402433,0.0062782461748886525,0.01058328090309906,0.00566709551918388
G,0.03815368152250386,0.06430707952929657,0.079508178184018,0.11261616312599032,0.03844617027592458,0.06886235406293523,0.10606932718341393,0.03801652487734687,0.07427653302538485,0.03765667262075066,0.0075335452218507695,0.005972621944769979,0.011261470596965,0.01594522954332086,0.002738239430882413,0.006109744454726907,0.009733187006068782,0.006653486852622528,0.010657166210053817,0.0055693354754111
G,0.03962389102676182,0.06490070852230448,0.07963262897277387,0.11324954592609493,0.03827054754609804,0.06931759901611763,0.10717254710242392,0.038514936390658366,0.07533124417563095,0.038284435609561775,0.006977045816704374,0.005844708374878437,0.011305836596201548,0.016169231365274737,0.0027880446519746756,0.0062425108353020035,0.00992260887055662,0.006826935197417526,0.01089063232235705,0.005558136538187852
G,0.040438774608927794,0.06491322353747409,0.08014921477757722,0.11483359114008898,0.03811705400704492,0.07026201808953443,0.10918224344216414,0.03939806603721453,0.07721273286837518,0.039351182971463235,0.006355287415623042,0.005836188775181888,0.011441462277049433,0.01657177800731256,0.0027776671378568697,0.006970430575943002,0.010750590900776172,0.007331100023203827,0.011420324018123087,0.005389904912093158
G,0.04129914170265201,0.06493556570968333,0.08045922994309858,0.11609834322862292,0.038128473215432473,0.07131728677987521,0.11119855356230039,0.04033204958008969,0.07901378302939066,0.04027998345232002,0.006468210694173146,0.005857600232091581,0.011736806177243765,0.017548296679387874,0.0027898487113024494,0.007919759692053682,0.012140346241001547,0.007727171177507436,0.012170061843579676,0.005606475307860455
G,0.040663966094272266,0.0649379565922817,0.08209628182965854,0.11798238348823598,0.03869016810808,0.07296132139462491,0.11262040021849673,0.0412470478950979,0.0796205462371071,0.04009144431117987,0.00596610103113263,0.005858691333756426,0.012119281918446217,0.01684366135611089,0.003879950220034665,0.00942441031837226,0.011890686429092386,0.00777503497887239,0.011657342379842454,0.005900910953291103
G,0.04157312314335615,0.06544123899702965,0.08304406747025975,0.11961847357934936,0.03843537046742919,0.07363217156872472,0.11388743516547059,0.04204592762492683,0.08086622337039533,0.040649992385959295,0.00521703476050173,0.005732736073281966,0.011906256988893237,0.016802814591951574,0.0037054681149278905,0.009366664346833132,0.012112349207574518,0.007422670105158935,0.011688179348824915,0.006225596636242852
G,0.04168442527898746,0.06615914651350858,0.08424526523706445,0.12137310474972532,0.0387767355026076,0.07417457101718393,0.11492979949998994,0.04248133211531891,0.08169133145881718,0.04113352500766501,0.005092803540987653,0.004928639463538267,0.010720419157975763,0.015208031200504584,0.003982666178346713,0.009072264071137056,0.0113848242798236,0.0070688563922525,0.01098158825362007,0.005956500129424149
G,0.042211781387009116,0.06705341802687285,0.08572503387591968,0.12358563523558241,0.03864466960606864,0.07465124175344898,0.1161187781929514,0.0431866435842818,0.08307828691352578,0.041823288965114766,0.00491336331349421,0.00488203104164371,0.010322130864496069,0.014873758866859585,0.0038856201384807046,0.008957279418277094,0.011274400501525924,0.006536023629547295,0.010503597243068484,0.006074800788840689
G,0.04291015013745591,0.06813368803454815,0.08730581275312022,0.1256115367329992,0.03879514986821258,0.07536394747941992,0.11719383238702659,0.04384575411333669,0.08399317759183347,0.04218043379413438,0.004483419665340552,0.0054046478347161316,0.01032401444539942,0.014623065405968382,0.0039586232653952445,0.008617423576954407,0.010741417945266599,0.005980634714965246,0.009919620034802084,0.006003007846925278
G,0.043195233147931236,0.06928453791399196,0.0891564204264414,0.12815630953357746,0.03891997594321471,0.0757088207701794,0.11807862074986034,0.04429113168618902,0.0848929388465643,0.04271946341466938,0.004765235105926944,0.006209214252017484,0.010059056212244191,0.013218141141410122,0.004089503773551354,0.00851186718051152,0.010044280691879306,0.005516152512230247,0.008787376018351093,0.0054508151655335655
G,0.0435983980851853,0.07045119510381406,0.09089958531782168,0.13068850419188743,0.03913837076032905,0.07612727522370939,0.11926401719331792,0.044603151561770985,0.08596952410816468,0.04347610649776905,0.005164775611277724,0.0074328385820833735,0.009461670547677414,0.012119489998535585,0.0041778423805315665,0.008007751874574469,0.008868014589332979,0.004902207766629239,0.007522425796634358,0.005530814863856323
G,0.044660057173996695,0.07216407195374805,0.09279241835570971,0.1327543073696017,0.03958797179845687,0.0765392467572964,0.11987329335652097,0.04470449510699022,0.08621831582508624,0.04367024839653735,0.005780517232834368,0.008638558627933182,0.008933341313834251,0.011524511318047825,0.0041912511380020525,0.007468596215968467,0.008336700216698897,0.00470848334689081,0.007333111311123201,0.0056256354825767515
G,0.04491462785841206,0.07285338991867833,0.09401761076504561,0.13454433074870925,0.03988936377210557,0.07705681432713316,0.1208171147219033,0.04500878269857607,0.08686825856783173,0.04408899357438629,0.005853879884495804,0.008724054836558649,0.008129073814407169,0.009725565033878548,0.004130836360204132,0.006907880620282647,0.0069490082677334895,0.004265466089904208,0.006401032392669789,0.005342770263794594
G,0.04576718944859879,0.07443114994031998,0.09581682431186056,0.13658259420218838,0.04033023907171125,0.07730790410505904,0.12126847905290276,0.044875533989702544,0.0869092323549536,0.044290766461273015,0.006079581283240528,0.009566477982637206,0.007942017954849076,0.008728167253693747,0.0039246455195542694,0.00657408425841759,0.006160832899005609,0.004440871378122851,0.006351892073199868,0.005241344219370882
G,0.04629853351918494,0.07545888224048689,0.09646931296808052,0.13742620125750862,0.04070656490176567,0.07697373958547253,0.12131385153701832,0.04418251461660275,0.08667016253261019,0.044699191648985594,0.005869457407513309,0.009686242452175942,0.00792038005157555,0.008415079950898949,0.0038277892639314135,0.006853090497103038,0.006101615166661188,0.005233121040944953,0.006613213785497293,0.005051530211680476
G,0.046791793704062654,0.07634095260466076,0.09725544696071234,0.13809214326897484,0.040933421817780445,0.07695584527874812,0.12123418797893001,0.0439315239773594,0.08639093110838722,0.04464822094498275,0.00553304057097863,0.009687940779846256,0.007898984969545967,0.008223921438815248,0.0037418525289468615,0.006863657739461388,0.0061809940163542665,0.005365157088448653,0.006788101763550217,0.005074796652902819
G,0.04720530941209969,0.07697236126706923,0.09760157217414232,0.1384130322091473,0.041100327231204235,0.07666085149309441,0.12098632627360724,0.04340269848172991,0.08592396488426356,0.04469524317302406,0.005443828037323527,0.009726262585006966,0.00793166249309441,0.008164250247332739,0.003585239051054306,0.007087520096649274,0.006495260140951282,0.0056169712532842505,0.007132189436164426,0.005046234407884851
G,0.04721049286380631,0.07721429480655898,0.09791099799919287,0.1386317566502004,0.041179981563175067,0.07629008304869073,0.12043366083471434,0.04267839618925395,0.08501387194855856,0.04450350582075185,0.0054423342128883416,0.009738848969373035,0.007767616707347512,0.007930257688966593,0.0035275270055897777,0.00741205485584925,0.007240412949030148,0.005896660964958032,0.007644135134781707,0.005158579202769333
G,0.047017476597718225,0.07750921086271625,0.09814277692725427,0.138357485477841,0.04153879858216938,0.07624519373562212,0.11979281279593554,0.042187573350075135,0.08392302602912306,0.043902874497253205,0.005624006010658175,0.009639808754268257,0.007630175148675367,0.008051994721275808,0.0031852250137755275,0.007453975132937671,0.0077114674662982765,0.006191827822439042,0.007805770605842331,0.004987438716117555
G,0.04670103418520776,0.07772514876308943,0.09784003609213009,0.13779786545474298,0.04167959988071806,0.07549195184592533,0.11888233484616972,0.041381253856295416,0.08301393920107573,0.04373492293659696,0.005694613751230245,0.00961572396163894,0.007554666275922872,0.008027820575382167,0.0030751923487732386,0.00755598107809342,0.008145430642510712,0.0062720262226420905,0.008147765214437507,0.005080506806958241
G,0.04675813498292217,0.07823851624540276,0.09787260783880541,0.13746546594148876,0.04161112451252873,0.07462293860430949,0.11778743298808832,0.040577168876653566,0.08208375793642333,0.04348569458209922,0.005588148372973254,0.008993693670288136,0.007514810128698705,0.00862099441797532,0.003094761205627488,0.007622046081353099,0.009190741206747274,0.006384939496295622,0.009086534319395658,0.005441532976418077
G,0.04585896121501522,0.07791385054363019,0.09771004739283441,0.13694552503768267,0.0419952008832974,0.07441186280164695,0.1171991208999839,0.04005331024538552,0.08126736577324292,0.043125676094073126,0.006264201730227818,0.009418851369050116,0.00782383914871638,0.009616511263321753,0.002816154337422696,0.007654779131713692,0.00944554750387215,0.006381523112922656,0.00927361128256953,0.005620976780169335
G,0.04611305700873272,0.07835949469583828,0.09749046467674992,0.1356794210513479,0.04216617593363665,0.07353214782368858,0.11523018044979647,0.038949851503237515,0.07910616345763018,0.04204308483531344,0.006249940287936817,0.00880131444767991,0.008147028590628427,0.011414311682083653,0.002593398941613802,0.007473719823367732,0.01012389712527313,0.00615389707248235,0.010071574518749207,0.006477878172020209
G,0.045416144033639264,0.07802809725506069,0.09676853004792978,0.1342007568269208,0.04212165976680545,0.072485247077231,0.11345125142631643,0.03802877169031663,0.07753587840249457,0.04133935430624215,0.006514153580735618,0.009197422050390043,0.008981861920516374,0.012459925137466183,0.0026170225149838014,0.006804698375697316,0.008985899186954117,0.005405242857909174,0.008911863649812403,0.006295285450550065
G,0.04513361665084964,0.0778709733322703,0.09567968465461096,0.1332913173938544,0.041572041415820785,0.0707996083793265,0.11225789694380353,0.03709030102506791,0.07726422221549312,0.04181081138992933,0.00687521740802244,0.009398294392039009,0.009757831533142799,0.013401729081643589,0.0018385540128563634,0.0043902248111626855,0.00908757708677976,0.004778455822004775,0.009056967519177082,0.005702263749992704
G,0.044293772190705266,0.07721033068689762,0.09480071875296742,0.1316247440618292,0.04155925278247768,0.07007089531704584,0.11071013866060042,0.03644896798258221,0.07591965668581051,0.0410023541099334,0.007738306033448109,0.01042318944482421,0.011001133035780646,0.01508459946173137,0.0018598651290234421,0.004138317114789415,0.008904815380864716,0.004342409607353387,0.008607649454581609,0.005703733618477254
G,0.044393735223059276,0.07653907265495069,0.09385256917958211,0.1300695134549948,0.0410691193915714,0.0694783580788844,0.10959213420777499,0.035925146688618965,0.07500125246700245,0.0404796086387907,0.007655758591983553,0.011441154932306219,0.012556342867773459,0.017285519411157232,0.002124199570313331,0.004330956240758472,0.00947642175318726,0.004425520265496152,0.009107558314814803,0.006027347254811228
G,0.043696404681091996,0.07605200771744168,0.09314749081248869,0.12858713960521337,0.04110310303713425,0.06894994665789547,0.10825756401464617,0.035338818150900383,0.07373370180478891,0.03973966603949316,0.008141252467630693,0.011688496372327252,0.012756883809414426,0.017440883037703064,0.002116742409119911,0.004013474434308888,0.008881569869434782,0.003971236019056914,0.00830550591058043,0.005789561819880009
G,0.042723159839555123,0.07511915818104915,0.09199248565945323,0.1268311601920004,0.04098597636702533,0.06821470143919464,0.1069058840991411,0.03461463843484238,0.07259904046682734,0.03919960038570763,0.008861354065699783,0.012005786041821554,0.012917444048445088,0.017664610110859628,0.0021216248543696175,0.003626689674445395,0.008751113469928693,0.0034616215846996925,0.008076445637894373,0.005837026789338613
G,0.041731014869857225,0.07406701954866067,0.09074988825895922,0.12512099009686545,0.04084259353672202,0.06765198950722659,0.10586504853995955,0.03407836691050302,0.07178197952332363,0.038803780046921595,0.009046805200382105,0.012078932157430333,0.012774196743627715,0.017512094635879334,0.0019835245962107643,0.0031619674884824033,0.008570654434950201,0.002993387374034262,0.007942887742458063,0.005903538331737752
G,0.04033350606824905,0.07230640112604239,0.08919429840927744,0.1228658652066579,0.040516922029636644,0.06737532067166366,0.10471446173385024,0.034012557259392805,0.07096203180219325,0.037983096735964915,0.009448559453444458,0.012381864302853837,0.012945150690739902,0.017160482784022185,0.0021492184455635006,0.0031731830859518125,0.007965828147697605,0.0029353569897494275,0.00717901419901084,0.005218089600519915
G,0.03892702723192295,0.07072217275279466,0.08762387784544248,0.12067247598847941,0.04027010876014027,0.06699344037094405,0.10354935784190926,0.03378505342051247,0.07007892867073971,0.037270167118837225,0.008797221988919302,0.011487686726864677,0.0124386044429535,0.016472927665740593,0.0020162160077484273,0.0032536745023832364,0.007610247024694125,0.0029114110191925772,0.006724453801374043,0.004718264116579275
G,0.0381057120316597,0.06988912356430328,0.08641609036855516,0.11890383478128744,0.04021360782437379,0.06646352773648594,0.10256361380931549,0.033254521415058046,0.06930705643439308,0.03692300657002799,0.008581725814621709,0.011353287464895749,0.012345150220545041,0.016104075748551785,0.001984820123392855,0.0028807400469825035,0.006841922355084109,0.0024040293215966744,0.006024188321594899,0.004430302325356638
G,0.037134723415366847,0.06857806383913226,0.08494028560050434,0.11694697038502633,0.04009806007936841,0.06625113422548205,0.1018951320211828,0.03318075088344559,0.06887313048364388,0.03650799909354448,0.00760821307536617,0.009876238201144725,0.010865210100638865,0.014310681499192145,0.0019062133934740098,0.0027097307111122555,0.0063138762714293134,0.002280442208324471,0.005557991688426288,0.004171522861842917
G,0.03623596423859228,0.06751485146773537,0.08414058629248893,0.1158261366723562,0.039810814190565744,0.06602027007043146,0.10120406316926503,0.0333204869866543,0.06863556098521946,0.03609465049793561,0.0072065153240260865,0.009013316742998904,0.010112898068073336,0.013111937467433625,0.0018360372067712444,0.002730996896679837,0.00570648292615228,0.0022936389394613886,0.005287104430775245,0.0035561098025327096
G,0.03523101671289565,0.06624640666360046,0.08273831773828094,0.11404212741543848,0.03973935258192109,0.06554615020268867,0.10031346089915032,0.03289878254371872,0.06784434514083368,0.03570758018112336,0.006950050537224574,0.008253091314893182,0.00908344940418342,0.011785432036007251,0.0017901146105854405,0.0023154875659839886,0.004919788750520649,0.002013049486310668,0.0047528964991236525,0.0033218849171098713
G,0.034171582217701946,0.06542154292274319,0.08195258409815535,0.11279184685439761,0.03985936032110577,0.06535449274142036,0.09957457211369218,0.032714287486523344,0.0672362365306366,0.03523213996097974,0.0062001634699663044,0.007244210565251955,0.008033709799136299,0.010190371829078752,0.001833107411013472,0.0022141126137958317,0.004402609899326331,0.0019083524657707842,0.004388655833014154,0.0030465807577455275
G,0.03371616509741365,0.06497789630862846,0.0815726816811354,0.11221211149121042,0.039771479131765444,0.06520833170914278,0.09921726338289094,0.03270511619548217,0.06706995013604766,0.035048560948221855,0.005647154748771527,0.006577689083955658,0.0074890528083500696,0.009372377578980485,0.0018959938602831886,0.0022352025272084535,0.004155915456305645,0.0019046333667393253,0.004258035839731945,0.0028782595960756157
G,0.03364602665808055,0.06460561286896191,0.0808886040223501,0.11133522987193463,0.03952983574630721,0.06480116298523139,0.09872844692477192,0.03260242516794392,0.06691921038016299,0.03498848020411907,0.005577251526846253,0.006074998122899358,0.006748353571094114,0.008209030462026755,0.0019365261069581132,0.002271176965656531,0.003608370995495793,0.001893318325186997,0.004117167458799276,0.0027930209148405547
G,0.03269353001432842,0.06331205471516622,0.07982016189351993,0.1103182397572711,0.039436844792740046,0.06499449003576772,0.09892943293704251,0.03287774626310779,0.06721646447747291,0.03500666849459746,0.0056219327144436905,0.005676910318936813,0.005753782213126403,0.006581932618058227,0.0019289345593316266,0.0026157641021662716,0.004110139309940062,0.0023020926359766684,0.004613022254968139,0.002822393297768121
G,0.03239336073533434,0.06296439791525957,0.07984668889553127,0.11053636316964914,0.0392587471054956,0.06512496468605083,0.09919964835212466,0.03336289473139918,0.06785417214720282,0.035160034021848655,0.005555493207584691,0.005347265595155977,0.0057969304359063445,0.006943388792420471,0.002023540947470277,0.0027153924268962753,0.004286997408947855,0.0029946918066420824,0.005060266240932337,0.0028195305262165857
G,0.03232268519564401,0.06285885967987945,0.08049071937353926,0.11140732731422279,0.03905490893780529,0.06585259734504126,0.10003694054051471,0.03423137503765844,0.0688048220543809,0.035272556452453974,0.00555808307661022,0.0053707664305934575,0.006612549221383952,0.00834321776602247,0.0017762566241268914,0.005128921945550377,0.006761846898123247,0.005133042013782638,0.0070380531298188135,0.0029313504898602094
G,0.03206295910565191,0.06312678136604231,0.08095447080541922,0.11225571461973918,0.03886462715195002,0.06594898571563586,0.10060329592086384,0.034981399513125,0.07001957434657549,0.035740743003675884,0.004892755606272834,0.0058325785393164836,0.007123439901014151,0.008872718606729358,0.0018390028902042375,0.005162541443500252,0.006634816262116201,0.005507169910359705,0.0066362966572356226,0.002232367427783419
G,0.03207986513001099,0.06311858489784582,0.08201886737547838,0.11330027895156432,0.038345517809395165,0.0662119576238279,0.10065456265587905,0.03589339783633924,0.07063179197008762,0.03550204951937029,0.004908188837903403,0.00583128756924511,0.008381583455561312,0.009915697896356055,0.0026447792465608987,0.005345295527286942,0.006654471674891194,0.006655706500037079,0.0071191674149631455,0.0024070203647616217
G,0.032351210582892385,0.06328607433711184,0.08332191918499453,0.1150917447416471,0.038066612466199246,0.06666203553511642,0.10132929396205503,0.03678594128775927,0.0716865684942081,0.03572498869373011,0.005145263923599845,0.005915813643375574,0.00968264558440373,0.012328456096152832,0.002797403955212468,0.00541784814081975,0.007228591201331002,0.007192134094919946,0.008381206391516058,0.0028607068950096933
G,0.032952923497575934,0.06407897172584376,0.08488268910064092,0.11750183368400575,0.03786576290595949,0.06709090725607769,0.10253522939237818,0.03779397455880365,0.0734683487421941,0.03654252513409352,0.0053932148825091624,0.005889692559357287,0.010196758813353453,0.0140144111684828,0.0029112892253058595,0.00557657037818909,0.008343134968666177,0.008020090733265532,0.010518973655117263,0.00411540954984906
G,0.03265502064587953,0.06468263394276932,0.0868924481939855,0.12009629837738334,0.03790155809946388,0.06785843070748046,0.10360734464935521,0.03869993101128337,0.07470356820163786,0.03691391199088026,0.005213214782846117,0.005379657810875897,0.010144393919760505,0.013928199942129484,0.0028842717905191197,0.0059330829950911095,0.008586570175157507,0.008139603724358038,0.010486189332558115,0.004011956303361726
G,0.03294733712595696,0.06475074660932026,0.08764181851461644,0.12182069248845098,0.037413555926961,0.06798841465081276,0.10458228026869118,0.03945918099676667,0.07625557360203791,0.0378121972851564,0.0053073881417082585,0.0053988239836937416,0.010369128161554865,0.014997707245362948,0.0031397640538914137,0.005928989510168774,0.00917127348082122,0.008281504722849956,0.011508175567277894,0.00522361439807798
G,0.03388589592306166,0.06539474342024326,0.08903775353251875,0.1245555307291993,0.03692745743688131,0.06834103446545653,0.10622419627574449,0.04047942615113362,0.07850320333065505,0.03916871720901623,0.005838916647065519,0.005811825283288304,0.011003330147121439,0.017057784578604285,0.003470189383233003,0.00584519021060997,0.010177972592135596,0.008353065053845516,0.013075300503454231,0.007120904911158867
G,0.034484946548701954,0.06595682077840266,0.0905538734911198,0.12686415091885375,0.03665452634098549,0.06876632596352407,0.10731531960527987,0.04152510590184395,0.08026530936185171,0.0399917611593569,0.006083811154841273,0.006111591847174185,0.011774311338764963,0.018085119785376507,0.0033143356885452268,0.005903737857466204,0.010350207991879934,0.008508887601871167,0.013547351672458541,0.007427227020739634
G,0.03560948120757737,0.06732455172381298,0.09251035384271211,0.12986028013716677,0.036750266833336334,0.06934350076474079,0.10882898062895766,0.0423373870252761,0.08200053763455412,0.04102432835657756,0.006193140115138982,0.006225292084333801,0.011945160909763457,0.01901296221430823,0.0033323907463122127,0.006032879289422004,0.011083899051688372,0.008715712917587085,0.014348023450883653,0.008047604085040886
G,0.035896385829896627,0.06763697748042616,0.0939809060904244,0.13233992879405088,0.03654887939465095,0.06993043146661582,0.11026566776697413,0.043393316278091905,0.08392874289568189,0.04198203709047078,0.006048126853564892,0.0061267374683281585,0.01172882015755392,0.018856223375812754,0.0033090867093560454,0.005926935969072341,0.011041987744679441,0.008670211595809194,0.014559488333262267,0.008288479631949204
G,0.03695278594046159,0.06861631303324646,0.09696724896545968,0.13649355959732556,0.036305505024164395,0.07168695606513292,0.11282649697170673,0.04532020727009037,0.08656325331928846,0.042836689189642806,0.007126239490780945,0.0069483098870577525,0.014107655562916465,0.02145648158139982,0.003164147054922087,0.008453953400888187,0.013709913875064313,0.00984973124597778,0.016082381491865284,0.008647419824946245
G,0.0377412326036249,0.06933259253116851,0.09915997851801261,0.13927341804776444,0.03591312547587905,0.07267654680663393,0.11418064572248085,0.04671292509897409,0.08829144293752458,0.04330351990587579,0.00781880452167458,0.007567110698666661,0.015072732457619373,0.02174077331410383,0.0031278809105249688,0.008931865349606357,0.013786590607769942,0.010441976973721599,0.016171021584788618,0.00847541248093517
G,0.039785589137937324,0.0704470592913812,0.10201130356949437,0.1427264508622274,0.03531370435665061,0.07466835839534794,0.11649178461191137,0.04945266729422844,0.09122587542017434,0.04369196548547507,0.010630793638520299,0.008448717838438636,0.0175771178687258,0.023770067062780086,0.0038289882733561,0.010904398526278197,0.015021505789380753,0.013664782161445696,0.01824261688401707,0.008397468913464939
G,0.0419256916741131,0.07227251567340634,0.10480508008800923,0.14640651489394904,0.0347746070707783,0.07555078640584502,0.11816107316446738,0.051371385899710464,0.0937875720420048,0.044456557878684785,0.012141195028354404,0.009708468426130146,0.01773419264542272,0.023549893560804024,0.0038583779528845916,0.010656215682721086,0.014560185406356707,0.013537894021206838,0.01779153267942075,0.008183794857624343
G,0.04474747718583329,0.07388930000783996,0.10796812623601429,0.15006922572140663,0.03427235287679266,0.0781360405545614,0.12102776310631787,0.05497314382747489,0.09751340719539611,0.04480289833203642,0.014979965777966193,0.011272694262408225,0.01962498881700362,0.02406092034608528,0.003574238366182389,0.01358682914534722,0.015493102904045434,0.017051329133053763,0.01896824653964511,0.007811054430324748
G,0.04484756131565148,0.07402084828832026,0.10918510575125166,0.15257414628711422,0.03438215879403279,0.07940651688876713,0.12339754268348432,0.05630989268046371,0.10000201469616606,0.0461144050846744,0.014931690275798135,0.011255251783468579,0.019165948220713595,0.02345289793315513,0.003706154221640553,0.013344567632827228,0.015533198886958335,0.01634011431064228,0.01830249000253222,0.008405823212363276
G,0.045629298875424586,0.07499719138821408,0.11127901459221382,0.15562200677098606,0.03450038605508128,0.08016360536806913,0.12485526515914251,0.057415756109607474,0.10186485141988144,0.04696922180385309,0.014991883094721112,0.01166970214029384,0.018363046025606417,0.02225913005004036,0.0038209339514811732,0.012676531221755103,0.014452417782588203,0.015365732485614405,0.01693821548999027,0.008451167036141804
G,0.04684926918535296,0.07637789688573339,0.11322654311898113,0.15825574540004922,0.03451586782599564,0.08060804728041601,0.12586289979358029,0.05835771585238793,0.10343872234128548,0.04769321882436769,0.014097979633293602,0.010544862435543994,0.01642745145030704,0.020001540379252544,0.0038385508238791056,0.012508707038190209,0.014113135534534279,0.014748950212319936,0.01602225010352457,0.008418755746073887
G,0.04849223814784688,0.07783913814153123,0.11522467405362824,0.16106555568531072,0.034597887151193815,0.08127637224481873,0.1272982246081103,0.05948589466222579,0.10531779930406242,0.048518577442146084,0.01404399957896782,0.01087128688198065,0.01583896349947982,0.018881834642663114,0.003897506492863613,0.012191644443358284,0.013305651237928913,0.014291519912863537,0.01501944325910109,0.008089990856456153
G,0.050329702736060064,0.07966586391092853,0.1169490160718851,0.1631733024669491,0.034386231061480685,0.08133815012791942,0.12771123029707862,0.06011119915980292,0.10620320908335008,0.048899008593619196,0.014097712094374583,0.010901101731596233,0.015355110275314096,0.017839948584506243,0.003741533456884356,0.012217385506767176,0.013334967418144045,0.014245170410996955,0.0146321297529265,0.007817088528893732
G,0.05114901968072243,0.08044187752623258,0.11859268405841424,0.165439648871961,0.03422708552257109,0.08201542934410064,0.12901578885412804,0.0613805829558592,0.10808526414819034,0.04950873849135299,0.014122974290406296,0.011114970855398695,0.014427045883180624,0.015682599747900563,0.003717519376154792,0.011866167247394751,0.012228951603932852,0.0139487694336362,0.013421149522606427,0.007269654559496877
G,0.05318747119513405,0.08167591026515808,0.11978489984660208,0.16742725144559342,0.03432593708651636,0.08315894214251922,0.13077815773265816,0.06278768661543341,0.11020333625987351,0.05035692900878571,0.01481751559158298,0.0105733775785566,0.013924763130631726,0.013801253347217482,0.0036272393212629143,0.011982145269395568,0.010922011243180943,0.01436650052290156,0.01242274249545262,0.006002524617191658
G,0.05259038871695863,0.08151314791112105,0.11988527594688414,0.16808979384420408,0.034599126383629865,0.08374957465560909,0.13198493596278832,0.06324268958132569,0.11147773420711975,0.051251194241907785,0.015584974791623523,0.010807549603355551,0.013822662356540269,0.01310977657197934,0.0037891201834989335,0.011695649471112327,0.010276678558103797,0.014077324278256703,0.011669874642156944,0.0061991591263431374
G,0.05291853216806045,0.08195314170851244,0.12047536459717552,0.16853504769151412,0.034561261619682225,0.08385905447973165,0.13194749334423433,0.06321754304373196,0.11129440628430835,0.051159120905501065,0.01540214394186773,0.010563946841335206,0.013331748340125628,0.012616578957432041,0.003795306957458593,0.011606288934433035,0.010317234762418831,0.014094933381653702,0.011848939206925799,0.006235641350244733
G,0.053666907836970236,0.08273215536267721,0.12114162675044118,0.17013201008802578,0.034519015103111,0.08408409741647652,0.13317502678300397,0.06367580779609847,0.11269833598483943,0.05215684418543428,0.014768142098272284,0.009886203932063927,0.01290379973786541,0.011408901625559693,0.003783134033762865,0.011530457254843085,0.009758181961697856,0.013749591410751048,0.010357178806303886,0.0058440345135757936
G,0.05360511956939812,0.08302013628972546,0.12195231564897728,0.171097866687982,0.034841481474269166,0.0847930358124969,0.13401542607646635,0.06402468823304583,0.11321730527966385,0.05235940823862556,0.01483841020411749,0.009497487522011946,0.011883149975218634,0.010175308114033728,0.003761336992148578,0.011007500037492736,0.009224979235537839,0.01343763648201791,0.009868271914262055,0.005924661269487126
G,0.05399454604890316,0.08359657370360848,0.12271148629114577,0.17169565331134087,0.035141788563299844,0.0855456558842118,0.13451381646824762,0.0643191087226222,0.11311111113788916,0.05197316546546167,0.014734455055075675,0.009348436615797644,0.011388195106072672,0.010008913798043003,0.0036043187471580286,0.01049283666870002,0.009142132503810779,0.013206187978931135,0.009930493122947665,0.005612666508295619
G,0.05362079441747882,0.08355952288287659,0.12305235935370136,0.17191662807978886,0.0353302255725368,0.08630143530193653,0.1351556024922505,0.06444917583625506,0.11296260913173753,0.05166529198301849,0.015108476248365383,0.009385904088338946,0.01112398097134728,0.009718095593605147,0.003740154532763099,0.010144902033776073,0.008478088515414553,0.013103675568307428,0.01013696573282627,0.0058479913151652605
G,0.05383233560441403,0.08393460715603378,0.12381490880827468,0.17237752637379855,0.03538594567368528,0.08678181221417366,0.13529401258261187,0.06451922856182915,0.11255604319111341,0.05119934050517412,0.015042218714685496,0.009419196133373964,0.01086910036700433,0.009552091901854569,0.00379172747083606,0.009877351216800822,0.008388852353647655,0.01304185396241194,0.010603660150407838,0.005896346270161991
G,0.053565385323227244,0.08367932756371943,0.12417903451101284,0.17232700827755096,0.03552741660619829,0.08765864035434642,0.13565597159092124,0.06476843857200991,0.11216441735941689,0.05057195308773156,0.015407622525204627,0.009887348798600273,0.010384388479077728,0.009647644586332167,0.0038280429379216096,0.009513331691843391,0.008024364844311904,0.012866759314439417,0.011053728391728699,0.006310089316795049
G,0.05270725759997787,0.08303746164843118,0.12323491273643025,0.17075250563387942,0.035683107622666486,0.08719738625318237,0.1346309593609198,0.06410278042800505,0.11084388935865488,0.04987589358840979,0.015847268794603585,0.010292738621533213,0.010156446662246221,0.009435341185650972,0.003903462372518354,0.009183848341171369,0.0074060092288076255,0.012959452515729393,0.011551668335980944,0.006598279370304772
G,0.05194792848064237,0.08246330977066858,0.12269053265418292,0.17042983266634498,0.03601052076485417,0.08733407259295532,0.13495361750882798,0.0637878067946517,0.11070388846941506,0.04998807486612769,0.016231942210367254,0.010626734925544654,0.010262772430958819,0.009635902032860622,0.0038953691075744486,0.009189456720162862,0.007241138547733427,0.013028217602736557,0.011631833650915113,0.0065260303330263916
G,0.05029145367993374,0.08180176864744346,0.1211770247034534,0.1686078677052802,0.03660709154589272,0.08625279724842447,0.13367760976897763,0.06190228098918231,0.10863368432973555,0.049723244831635656,0.01579634903792851,0.010712220969582348,0.009276133618893477,0.009413090274416447,0.003075040296876151,0.008478751640682706,0.007403472453617782,0.01182042717087198,0.011474234485996318,0.006796946430193957
G,0.04823118956511183,0.08041697293891605,0.1199382596543244,0.16656190693568948,0.03720049202925686,0.086384673163482,0.1329239845196954,0.06088591532612252,0.10680889134164984,0.04883124507894879,0.015740362503907375,0.010592338124409826,0.009356800886896966,0.011032762761570551,0.0027648939869524365,0.008414769877828578,0.0084408777585445,0.012063668143755356,0.01310990586961602,0.007866823759811802
G,0.04600123375646777,0.07912013740558507,0.11791640979256839,0.16453820229319685,0.03727966797418221,0.08429891984737706,0.13098507163526302,0.05816245203593197,0.10425834657460395,0.048840469679951225,0.01331832199740121,0.00974269791980445,0.006852827598531218,0.0105835313793905,0.002622485482119766,0.005301207933393144,0.008014857492478093,0.0071431603654798495,0.011520448967213041,0.007855960945443018
G,0.04547474903871527,0.07861971620746723,0.11727449859693564,0.1626943910142668,0.03709698764538365,0.08372718426370543,0.1292446435023924,0.057572152220268145,0.10239698932430819,0.04742975281877867,0.013800503868986458,0.01024820875618879,0.007781343089993621,0.012419123980940873,0.0025673380219038634,0.005389140067233186,0.008302042631832547,0.007438219370342007,0.012039175487707518,0.007854413004173718
G,0.04437356826012986,0.07749329499368747,0.11606789206288363,0.16110786303383004,0.036979914993600475,0.08385828453603592,0.12907627917523562,0.05729260156010363,0.10171605261247671,0.04694495552069915,0.013937713443785001,0.010268251862198914,0.008487597907547552,0.012689791056988626,0.0025181577726616526,0.005225967835989117,0.008367821564179014,0.007670410496167878,0.012163452604855162,0.007635216556404088
G,0.04377511474515478,0.07698373713648686,0.11532980799598028,0.1598116005476375,0.0368404822583952,0.0834888341435859,0.12823179267252807,0.05661413250791556,0.1004591793665381,0.04628919156461707,0.014035156279544677,0.010361540615466812,0.009208356356558544,0.013507088657942841,0.002478176890557802,0.005718343269528645,0.008997364400318751,0.00820803153206715,0.012655393979926943,0.007547201987507943
G,0.04237196496663893,0.0758499466885171,0.11380428356707684,0.1576478159491645,0.03688327304272538,0.08310436581713379,0.12725697930511964,0.055502723040774846,0.09874262359982006,0.045621505379387736,0.01336606802163751,0.009640730839500684,0.009268942353051979,0.013564044561529476,0.0025077591814986135,0.006068971993265516,0.009448813194192955,0.008586081552866146,0.012907933565821754,0.007508236365919158
G,0.040688227911254815,0.07427962224852866,0.11187459035442293,0.1555096969030497,0.03681275190947948,0.0819787148264826,0.12599111880084554,0.05417547864757603,0.09732862361265973,0.045421830904841615,0.012064464339325773,0.00852943001474011,0.0099094096807789,0.01415627396060138,0.002573353216403107,0.0072189801795702405,0.010307695103619896,0.009055183176273771,0.013343837504073561,0.007527115180244552
G,0.03940326142192184,0.07304893710159965,0.11018994716433254,0.15369634081940373,0.036852656082843785,0.08112664382190776,0.12496358950107198,0.052673737006245246,0.09569593413839306,0.04525420060232315,0.011354215456215946,0.0077940902711528676,0.010256780956522066,0.014375136823035558,0.002523944498358998,0.00809459342222075,0.010811762330509475,0.00876767974539255,0.012832330221386211,0.00749331808493812
G,0.03721169347672552,0.07179635490028756,0.10871547237175894,0.15182780680718286,0.03689886761695687,0.07986670408201697,0.12354812889971864,0.0508176442299683,0.09361994108442744,0.04485953525521961,0.007298335019275489,0.007176360184009162,0.01012057959133614,0.014256592786552015,0.0024401137456720227,0.007755058662944508,0.010742674141987449,0.006289587067184259,0.011316559328263127,0.007519741790324726
G,0.037403539927715806,0.07184380699237196,0.10815896355007729,0.15033957043237195,0.03682269870218212,0.0793682618887738,0.12214879035492528,0.05002788728486535,0.09165895632597612,0.043615886142684204,0.007084654813416116,0.007131525045422244,0.010513036978824282,0.01483218899812833,0.002384245900903048,0.007818045672312047,0.010619601291467304,0.006263645173189438,0.010560251342577803,0.006750378493248636
G,0.03630265367807192,0.07082311299772617,0.10685905623952348,0.14861159074275596,0.03697710193595374,0.07915506390788304,0.12151431075757654,0.04940936748900115,0.09056927034770354,0.043095446207863555,0.007155557526168431,0.007318497028920831,0.011198240805813954,0.015762815003219174,0.002266456590474039,0.007980105392857019,0.011072255713436549,0.006533261339132385,0.010959681213594365,0.006807127798102125
G,0.03521437182395216,0.0697652748386875,0.10516981673873833,0.14571150160145532,0.03699871671575343,0.07835727451320786,0.11951845462326667,0.04835708317558938,0.08833269003957586,0.04187042380647883,0.006946349172909591,0.007265637456586567,0.011766322493072303,0.015752458495220206,0.002251508297064476,0.008409453148650731,0.011110009458258548,0.006827562953706137,0.010453905656662054,0.005935891985314864
G,0.03488228655238454,0.06930843408035468,0.10381133630163131,0.14356299782011123,0.03691885513629039,0.0774079656282198,0.11785044833460659,0.0472581869340969,0.08643464896892586,0.040990583610297275,0.007050077933118533,0.007355085829953166,0.012222174187865986,0.01570225125362845,0.002255317174900181,0.0088666806896177,0.011017646092344353,0.007386131953983849,0.010035848208262338,0.004896745296715929
G,0.03373096251079889,0.06796986318421301,0.10179194192164782,0.14068906129509812,0.03692505781318721,0.0765574877762177,0.11620424268785064,0.046295953762918514,0.08472338522712698,0.040203709019141554,0.005608058804945256,0.00646158219508092,0.012330422053836294,0.015009765924510728,0.002253141166705529,0.00888040890015879,0.010365964397824159,0.007354257687012291,0.009400087877439635,0.004110941954552731
G,0.033116821206372486,0.06692468437730037,0.10015208553175248,0.13876442483450052,0.036774887226549896,0.07587598270040827,0.1152930913536874,0.04573538965603719,0.08390040159165038,0.03993885270996421,0.006073581773017757,0.007103263750368299,0.012304411976219684,0.014743030467510783,0.0021567121374906203,0.008431709518487129,0.00970529794162547,0.007066968549705937,0.008946163643739895,0.004003845077790725
G,0.031843170159131864,0.06537116568746122,0.09801011870182653,0.1362486516852675,0.03663980299279516,0.07516333574663105,0.11430262631001623,0.045098450279432184,0.08301491523603058,0.03964211314727225,0.0046743945876959936,0.0054586225878419095,0.0110414288836544,0.01280290942385524,0.0020709030341450195,0.008163447164100314,0.009020968891311005,0.0068971357341258525,0.008491464521150951,0.003742948787578904
G,0.032093661591336774,0.06552276941018231,0.09709308352613794,0.1354924060293233,0.036507311012881745,0.07411402134785965,0.11357533378867106,0.04432138656563087,0.0825538035120118,0.039881189269985545,0.004713131225472742,0.005448066261310941,0.010464030054340169,0.012182027528340737,0.0020740414625301925,0.007232208707877299,0.008208934406236188,0.0062401383598426705,0.008010637522785257,0.003943019250502276
G,0.03201352971204528,0.06534979192669219,0.0965812677200493,0.1343978184515489,0.03633016481011432,0.07361850497278219,0.11248867932557108,0.04401901634476911,0.08170394984629062,0.03929127900781222,0.004649907671244179,0.005338991519142884,0.0097137210330607,0.011131229200042886,0.002000602168580131,0.006459768107829446,0.00742356724558841,0.0057987491363592596,0.007640366268291055,0.004617545327856819
G,0.0319121729499096,0.0653447832266575,0.0961076449986475,0.1332525666874326,0.036381183152009756,0.07310831654133836,0.11134500484221095,0.043300340055202245,0.08028243466282053,0.0385936314916852,0.00457004703013631,0.005333804069703388,0.008981883189131753,0.009321495227787874,0.002080093844281494,0.005565025620654038,0.0054885686954937955,0.004837624244816042,0.006080523943857784,0.004478166701169622
G,0.03137220715639149,0.0649027479540982,0.0955221775676603,0.13230962192798762,0.03648240146691603,0.07301909355129597,0.11091830851855947,0.04293166258079169,0.07952845187406096,0.038236925665344125,0.0043615674399536996,0.004938401060713168,0.008198241030265643,0.00821908997515615,0.0021781446697184963,0.005438019200098482,0.005066072713571681,0.004428152344912548,0.005775134857202602,0.004603040622867959
G,0.03162437282418683,0.06500367632861456,0.09511545938074642,0.13200152434010712,0.036365332354204374,0.07252229327517658,0.11057853445493274,0.04257246512783717,0.07929082830541534,0.038394192473066295,0.0043679538772792795,0.005024301873573084,0.007781994184664001,0.008075548193425123,0.001968248266395468,0.004879391407282984,0.0050180191493151395,0.004260440636136412,0.005910588678892699,0.004422535573090767
G,0.03135857440055968,0.06472775684502612,0.09451717586154769,0.1314840146431288,0.03652337198640006,0.07242464451279187,0.11061632911094363,0.04226299791710805,0.0791253073227858,0.038530253618769175,0.003956165646912334,0.004692835035305944,0.007144938280515821,0.007351331938095155,0.0018286366502601264,0.004853873876235519,0.005049207399214411,0.00394924808583527,0.005715845943054509,0.004500877450107098
G,0.03183560804564446,0.06499196381008901,0.09430767140016712,0.13166993549829253,0.0366634800837169,0.07238687928809417,0.11108864089322834,0.04205798360928452,0.0793794346059444,0.039065947415483145,0.00410156331295879,0.0047793483088556825,0.007024141928942173,0.007452066756920849,0.0019002174665278906,0.004817243875729266,0.00551720914393996,0.003729821604397043,0.0059219883876560735,0.004571192548987061
G,0.03196404992813527,0.06493572141926049,0.09425233883728909,0.13140254578160232,0.03650780430780888,0.07218594533944897,0.11064147295730034,0.04201559591235148,0.07903793063166548,0.038829654912447484,0.004150400669574563,0.004766580897650106,0.006984560236233176,0.007096094779374892,0.001996615900058265,0.004638662137146882,0.004742848148693197,0.0036621375250652237,0.005287393816845504,0.004330681565443234
G,0.03221474556492263,0.06509816354626284,0.09417638748744632,0.1312982579840151,0.03660769823061828,0.07219158730380035,0.11067502514328646,0.04198725412417999,0.07899826634334886,0.03886039809805952,0.004511043054239754,0.004994961970629237,0.006933221043033959,0.006994770577602026,0.0020300267785402755,0.004639335713262906,0.004766937082823463,0.003649790045234403,0.005255437031423356,0.004348680455606792
G,0.03270652026879327,0.06562598894515567,0.09447963502798098,0.1315346985150206,0.03661901602959734,0.07208323638804269,0.11054371866662085,0.04195776360065926,0.07890773068832123,0.03888383512495097,0.0053150381830957185,0.006077403050943219,0.007260086057570338,0.007249841219819904,0.0020439895344717698,0.004619298887276183,0.004717025949653366,0.0036512390835148536,0.005243423783122139,0.004354497458109758
G,0.0329130654205342,0.0658967184304413,0.09482878600643793,0.13181572185227808,0.03670888576632437,0.0723420023104435,0.11076156992660777,0.04219953021955346,0.07909241795394686,0.03884546052949864,0.005459874046322319,0.006198124019841551,0.007221372097528577,0.0073458607745608496,0.0019547427261197977,0.004322521203431718,0.004660759267010384,0.003570092084139501,0.005337539767491858,0.0043229596094285505
G,0.03306035697513206,0.06589459063200416,0.09523034238414615,0.13232006278856193,0.03681142576176437,0.07301718404251906,0.11152024078356655,0.04266427140965626,0.07959750371746079,0.0389137050722738,0.005517689362615838,0.006198015130866422,0.007281880826344756,0.007858237658204174,0.001865704030779868,0.004201465773592615,0.0056157212520298525,0.0038613604823566757,0.006211491284195737,0.0044317608894388905
G,0.033263354687259314,0.06638926263174356,0.09595243046773319,0.1328726062767194,0.037124343808695684,0.07360482402348376,0.11191723375489486,0.042938771229533504,0.07965774558831591,0.038726746125935275,0.005609628645695809,0.0063861539096377725,0.007971034314987007,0.00839628663341076,0.0016890510425769626,0.004550388649182695,0.005815650992666685,0.004081154323118638,0.0062471651568664814,0.00443522635671683
G,0.033479390436469074,0.06657031287013897,0.0962557224395134,0.1332932293256796,0.0371689912404337,0.07396102726560963,0.1124104273654031,0.043229353563120264,0.08009952370092066,0.03886166464280971,0.005609825746499104,0.006410655813641634,0.008066552500343552,0.008480992596369433,0.001719652573595801,0.004811268853440215,0.006029055155013345,0.004259062132872572,0.006372313673926472,0.0043976566585545536
G,0.03383749628039612,0.06682981433556769,0.09671330778369777,0.13406501156416795,0.03727616384842272,0.07437758773769085,0.11313121899860738,0.04363914319767264,0.08082193425455093,0.03913710599442779,0.005301875029979821,0.006234079675422972,0.007887527704939678,0.008296604651525957,0.0017517080727767263,0.004907416386507778,0.006284975612712012,0.0043924414939886195,0.006707726580876291,0.004470160776784485
G,0.03402706303311147,0.06678162719901136,0.0969283387161002,0.13475353676868643,0.03726520347506883,0.07483746801762581,0.1140961661697498,0.04419551148299173,0.08186391522510147,0.0396032673031642,0.0050900720785231396,0.006289543486800197,0.00762668044889796,0.007484471217050523,0.0017625521847556144,0.004553483313361228,0.005702809335228987,0.004149944135989654,0.00648391797902173,0.004475950426971516
G,0.03420700135635508,0.0666991684341195,0.09735782257906053,0.1355333536538445,0.03723145966167538,0.07537147847555861,0.11501120159418958,0.04504287089607952,0.08308906538000745,0.03996165919463385,0.00499096968339617,0.006342131112445811,0.007282895787962506,0.0070746637797091125,0.0017916622567297484,0.003849986536033697,0.00523668898076622,0.0034986696842106307,0.006565556491188623,0.004697130988655506
G,0.03451131708287654,0.06675980576989783,0.09798164679760782,0.1362238622573793,0.03698715594963874,0.07583790915612684,0.11552536162021601,0.0460149966997363,0.08413907444314075,0.03998687337581793,0.004954524725012154,0.0062820101154787,0.006419544103838606,0.005799571594040174,0.0022025840148748475,0.003520179573145852,0.004684352662368002,0.0039159147345277185,0.0063975257037422574,0.004683713241512598
G,0.03517002940979495,0.0672105729768323,0.09796640432118872,0.13621779300699718,0.036846086140165414,0.07536560756215921,0.11513659507680478,0.045966129694963664,0.084224803076063,0.040078392267211264,0.004175555603089031,0.00554683646479902,0.006451182315648411,0.005813932115717741,0.002300525562280047,0.00416248215981834,0.005105661966568826,0.003945425906053444,0.006368204723044105,0.004682656312659528
G,0.03588702310711106,0.06757338921975953,0.09824801429176126,0.13648974901094046,0.0365570212940338,0.07529010183390288,0.11508318135984033,0.04624441184473355,0.08455674150628137,0.04009331952562791,0.003680638832767339,0.0051038741848956305,0.00596363069957236,0.005291650882461269,0.0026391134147135484,0.004244504079147415,0.005150260567194864,0.0037713743352651053,0.0062635409149198636,0.004683587152655044
G,0.035930280400494334,0.06738096092351477,0.09790771110396858,0.135825638396937,0.03650393810001127,0.07491364976227793,0.11439360022535068,0.0461791784409519,0.08419292961043975,0.03979656456296175,0.0036773831628694677,0.005209042624300612,0.006314481474467927,0.005798768069901361,0.0026762990567066962,0.0048944520204571035,0.005822618338832234,0.0038462389853411516,0.006334919123891709,0.004525304221025705
G,0.03677918892765848,0.06814357456125417,0.09842608623011347,0.1367030968556032,0.036481609626430836,0.0743075735278754,0.11416326272265798,0.04566551821022029,0.08411130674788599,0.040172444132381156,0.005054130013577032,0.00614549163758503,0.007341366575128379,0.006865722266493282,0.0026864929651502943,0.005027414048575856,0.00615968601455067,0.003993718310675188,0.006436264331044388,0.0038588457557070487
G,0.03857718892539944,0.06979965579762902,0.10018004472599887,0.13838329181672673,0.03633623040322474,0.07393752166507375,0.11370766985448957,0.045633924512108695,0.0840674135345281,0.04009346049182666,0.008891840743830034,0.00993754040116288,0.011794027574993045,0.01034038117280179,0.002565686670907324,0.004954552989008425,0.006663361566325812,0.004012505441997395,0.00650560301898847,0.004020204739844082
G,0.040456192673151134,0.07205568427854228,0.1022869418112226,0.14018589361119219,0.03666013912385144,0.07385632763481034,0.11336631060247522,0.045435137929688334,0.0837124554659153,0.039885774875694543,0.010308891591891819,0.013234242967406558,0.015126969137466433,0.01230589819392846,0.0032603531812864443,0.004867025126099735,0.006907876144902274,0.004155972374165165,0.007163768834881847,0.004452028279320002
G,0.042158590593468236,0.07406437203030068,0.10425007905686785,0.1418821792200804,0.03688362378951753,0.07380697734684027,0.11306872494095654,0.04520271053089521,0.08330374039344388,0.039653892348436984,0.011823727631735786,0.01563203686171765,0.01705368511525421,0.013464291407408537,0.0035512563073726204,0.004874337988007693,0.007249638738820669,0.004502512351459374,0.007916799684718711,0.004821116278829849
G,0.043678074172639456,0.0760165015511513,0.10608986008023806,0.14311514147872953,0.03715795989192407,0.07365538256092882,0.1122955672647991,0.04486349188798244,0.08239263442129158,0.039074429945227515,0.012758105034382454,0.01711336711696766,0.01810124170775997,0.01410760737273567,0.0037077358212278724,0.004950817704000956,0.00779287559235428,0.004862869808771697,0.008744379972603241,0.005142943930383348
G,0.04503684053802864,0.07788734550263345,0.10782825697404552,0.14424085521524327,0.03732073676296748,0.07326917862830515,0.11127925412610362,0.04457361905655323,0.08159562812419911,0.038503775381235714,0.013465439904899092,0.0182568397111771,0.01874543623121652,0.014503087156079009,0.0038513861997123604,0.0049978677114149135,0.007940150307499368,0.005061341898484329,0.009053403752574246,0.0051145946691528105
G,0.04592867656723945,0.07924844530569211,0.10889222127361217,0.1447666284914108,0.037659127499702454,0.07310424589000225,0.11057623578910872,0.044095498028389454,0.08064850931762158,0.03796082918026404,0.013344933509600032,0.01829616256580335,0.01880304779902419,0.014477695808218831,0.0038263829724978836,0.005009633722840703,0.008174068643926617,0.005210401689001858,0.009501049320391471,0.005378130918740329
G,0.046810908407693023,0.08027737554492878,0.10994484819696893,0.14539861968862544,0.037580854034408605,0.07264116747657046,0.10961456870149977,0.043618401014614006,0.07975308649928067,0.03747350850770952,0.013559969458295944,0.018521398802243853,0.018761936634658038,0.014407244827722446,0.0038299131628969298,0.0054271084983564845,0.008775975023301644,0.005676431252532842,0.010076113753188485,0.0054588231212191465
G,0.0477277936398354,0.08145543582335309,0.1114452796252513,0.14637935946108474,0.03775647443296159,0.07269417292571637,0.10903557320887128,0.04333964147917734,0.07891488748786084,0.036799809714399286,0.014045564674359082,0.019324977374693564,0.01949296232529435,0.01476912123351591,0.00397955505955546,0.005424884777576275,0.009037062718625003,0.005905957720031515,0.010796682332163215,0.005896333668917897
G,0.04912412903978934,0.08321399115133167,0.11320568083194076,0.14752516140410127,0.038021504517027106,0.0726901427898694,0.10841959861519454,0.04303704915831437,0.07807871071467752,0.03622720540559939,0.014456159283118233,0.019903832464768977,0.01972827931536499,0.014883861413459128,0.004002031785111708,0.005427157458532412,0.009257081386960424,0.006054207988855951,0.011050485039416176,0.005915036902692124
G,0.05047242003778944,0.08502357928419883,0.11462116483518145,0.14815304335908983,0.03819177922271596,0.07214580744238831,0.10709834500654762,0.04231919512997865,0.07666070807807426,0.03548921545182916,0.014483994775007177,0.019919160154430085,0.019755472110520762,0.01502134972227112,0.00399022688082572,0.005345712237965749,0.008633204920844547,0.006107165392058682,0.010680138508488249,0.0054875288029340675
G,0.05203743384222072,0.08654932990310929,0.1156871247940781,0.14898638812978918,0.03808424264957126,0.07152856631895341,0.1063337894828084,0.041895592305178864,0.07613463635295321,0.03534834717637762,0.014709883230580317,0.02014406412481758,0.020055164342858246,0.015339720469028628,0.0039934515480979605,0.004890307960624773,0.008252364259181777,0.005939583688625602,0.010568205433815432,0.005486476388323224
G,0.05355484857588113,0.08839692928081469,0.11737746427394143,0.15020582419531853,0.03818319265036485,0.07119585759878706,0.10546466265100762,0.041502890326571736,0.07518857844595137,0.0348199466715371,0.014493191602784877,0.020158648057154366,0.02022583234414147,0.015465348738878379,0.004033320981838474,0.004457219633979579,0.007700148012114316,0.005743502661700696,0.010481763448988948,0.005624821555429388
G,0.055346860017780844,0.09036070442936074,0.11888838754494746,0.15124821650691705,0.03818178714969726,0.07058452816368878,0.10440660946531584,0.04079366971684876,0.0740411061370307,0.03437346896236246,0.013992054283158046,0.01969068493258731,0.019842391039310292,0.01540386811327084,0.0040331060023268035,0.0041070178153832845,0.006724807150174796,0.0056564529347550244,0.00996181145570883,0.005309642515769962
G,0.05726248424161947,0.09266465579722773,0.12099276261294505,0.15263988329260694,0.03839430776588083,0.07032718846352447,0.103399772034435,0.04027366701645383,0.07279354496065804,0.03363373664143659,0.012979842809958257,0.01856362664252163,0.01882629315170676,0.014848163327118396,0.00399390861640344,0.003944888959795821,0.005813314257847549,0.005480359424881744,0.009387583858922669,0.004921161230363632
G,0.05924971422900375,0.09506604346475128,0.12328825062385673,0.15420140730433615,0.03859790700363182,0.07041303103811664,0.10268520485461718,0.039928712753199445,0.07163309848416946,0.03282449907744682,0.012150567154804805,0.017503173315833714,0.018367743168463263,0.014985367369189645,0.00393834958559034,0.004060644771719187,0.004296581368009581,0.005047679494880107,0.007861058192972475,0.0040406704707236785
G,0.06144976528776821,0.09759236089507839,0.1255353576420216,0.15618332461004536,0.03869759726077161,0.06995618103010923,0.1019752912425643,0.03917126521302439,0.07059461279940571,0.03256017536366602,0.011867996539429384,0.01599665233150444,0.017424170088459038,0.014381169524890068,0.003774357503783395,0.0037188394633544865,0.0032305157549837463,0.0032800820744067817,0.006143989230752156,0.003880850613340257
G,0.06333267158730242,0.10004985365150532,0.1283254348838424,0.15845722809735469,0.03895783372938352,0.07022628364166018,0.1016879217032122,0.03897100555936216,0.06982959270401776,0.03199303355773751,0.010605762416261669,0.013962453735425259,0.014910503019993037,0.01230911475271925,0.003613547694341451,0.003590580467500133,0.003100400789429244,0.003152159933312904,0.005487058866417052,0.0034234085422759535
G,0.06549868015518728,0.10300852718798095,0.13144194330779724,0.16117130801465984,0.03947251914112253,0.07033855288471602,0.10134932119069877,0.038470624705170056,0.06887033792166378,0.031537776003564874,0.01002440732926194,0.012288999629146369,0.013003058052409627,0.011329972821823728,0.0031328626530948297,0.0036169615035722205,0.0024418723953260417,0.0026802584083097394,0.00413613939969003,0.002808416622705218
G,0.06823476438574548,0.10638503517046263,0.13520608437472068,0.16462344675152202,0.0397613944878217,0.07104610892602994,0.101746631356457,0.03867278590456726,0.06874431105973478,0.031269083723006116,0.009036371501023002,0.009780855993914895,0.010669756837804644,0.010344477682172913,0.0028841407760908638,0.003583815882330246,0.0031418020597996743,0.003009837300190302,0.0038379636426370987,0.0022396388494433333
G,0.0704757138676386,0.10895733672034932,0.13750121323333248,0.16662214829085029,0.03990094414082051,0.07123050835207796,0.10172198870659244,0.03871561514707294,0.06848426424423563,0.031061076345235222,0.010196502512941645,0.009888515798550003,0.01139259261987182,0.011636213943938687,0.002715146762041968,0.0034882374712033692,0.0031321626857298787,0.003029613657208701,0.0035425156533794955,0.0019341043857670883
G,0.0721143456151051,0.11089540612576158,0.13925731807073632,0.16842910950445614,0.04003035291566244,0.07157457999826537,0.10217987032112108,0.03885901910049187,0.06866236981464907,0.031198184415762737,0.012457994380660212,0.012236133612097615,0.01418223642631545,0.014743350610907004,0.002641010872997219,0.0038127427203439234,0.0037835563943863664,0.00328400693779825,0.0038617632705284185,0.0020401104001373654
G,0.07360988904227754,0.11249198803195815,0.14098179175146933,0.1702860352784118,0.040123688212576676,0.0720753959543973,0.10277547176837805,0.03911116441868936,0.06889434915943896,0.031212271959585664,0.013343688127250727,0.014022544179152137,0.01651065450577395,0.01695412327389496,0.0028726202400373786,0.005110567878247824,0.0049727124871039195,0.0035874968271972295,0.003933710512204751,0.00202653502999639
G,0.07561892486182496,0.11463833246009958,0.14367186987205777,0.17316160436181857,0.04026676060035015,0.07312889580441181,0.10392150761853569,0.03990920892011706,0.06969250977901878,0.03133905664046868,0.015261663389470277,0.01658545099161033,0.019944285097825927,0.020602921542350664,0.0030967410640290057,0.006953069332084664,0.006939872747874369,0.004568022354681658,0.004712238740611821,0.0020304818164677825
G,0.07764585627777117,0.11659301531452253,0.14609644722910511,0.17592744347062422,0.04019338626748262,0.0737717809475931,0.10485376608552636,0.040531931191558436,0.07050968008499184,0.031603001385247645,0.01645151534085627,0.01782569859933026,0.021459548032341017,0.02254336405885306,0.003076044412143262,0.0071997557528297035,0.007532617985600127,0.004918941682890243,0.005397795159375862,0.00227229377429588
G,0.07985908181972466,0.11880456214471027,0.14894190778199373,0.1790593870490858,0.04017957106131838,0.0745716732472582,0.10580906655739489,0.04109184316019346,0.07107428698173958,0.03169020802957295,0.017513715723883626,0.019128686537143107,0.02300878045768969,0.024383651118738296,0.003067598548996096,0.007506674433469997,0.008107495237018938,0.005271635634424165,0.005938460843077796,0.002368608625844038
G,0.08271468791241056,0.12162283760117701,0.15232215298902957,0.1828239542215319,0.04014220079362777,0.07517247480167549,0.10681167962927085,0.041716414182067695,0.07205335725135673,0.032099125263953775,0.017490704625900126,0.019228020230609866,0.023472301352276886,0.02525812876242236,0.0030669211288860483,0.007689831960798971,0.008696099195937994,0.005592847924110676,0.0067839032145533785,0.0027594749061883375
G,0.08516047189164326,0.12425261606059661,0.1556925473062343,0.186323140607774,0.04029305968376247,0.07626538696236562,0.10801697298333257,0.04264002653864898,0.07301288957023899,0.032240118977101176,0.017349078939137865,0.018874927472026168,0.02331494923883716,0.025287327072039043,0.0029646520989991066,0.007509732666208623,0.008670118557709,0.005727750158437317,0.007064151125907038,0.002819475100283512
G,0.08724680791026082,0.1262073316568655,0.15814384437235812,0.18930788932538398,0.040139830590043064,0.07688441076646754,0.10923128612630244,0.043446544503433146,0.07436993120818912,0.03285352822403891,0.017156570277153303,0.01886167494002801,0.023588101505081935,0.02565191859758912,0.0029123365715849263,0.007719907292452278,0.009085638991537975,0.005859295024226652,0.0074127124509298275,0.0028839693020855733
G,0.08892123892958496,0.12787995586675233,0.16025410860010522,0.1919262622973487,0.040118247363965256,0.07736374331431306,0.11025028115265482,0.043974710737643086,0.07538954955183222,0.0334201984259372,0.016685551324784286,0.01850891599030741,0.023086659111475002,0.025184414981747356,0.00290838480109589,0.0075479419995435155,0.009057532584209698,0.005750439417382479,0.007700898734185925,0.0034435869670070797
G,0.09096483753981582,0.1300500053072986,0.16327365558980644,0.19523491355905864,0.04027054854762466,0.07858799135432082,0.11163499553897402,0.04495984111984368,0.07644013045248368,0.03357232595726951,0.015943094526153577,0.017927499455363097,0.022674798484575764,0.02477353761917597,0.0029531257399993877,0.00787298656975646,0.009310041633929034,0.00582448872567394,0.007784805358930189,0.003435006100801914
G,0.09257517827968836,0.131927228154736,0.16575800204296787,0.19785941313599117,0.04052271881991217,0.07945437047929733,0.11255328946742663,0.04545030361849253,0.0769345739043744,0.03362180820518508,0.015256136593659129,0.017045086543868722,0.02175071794448554,0.023954931094387927,0.0028724401429812097,0.007771474689516246,0.009345957438867307,0.005820599422396346,0.007889192963424456,0.0034486474254740536
G,0.09415852798519983,0.13347323337632408,0.16776664504230238,0.200040159120808,0.040540352304030615,0.07982397986058595,0.11317073932253027,0.04585880088326642,0.0776175040286243,0.033885689874602165,0.013995117490284486,0.016003585267400765,0.02068993171128163,0.022667212026442937,0.002874803308909308,0.007684231307794981,0.00904980237514303,0.005758465977890803,0.007599594332863534,0.0032297988290279096
G,0.09521331881273289,0.13494001977717449,0.16995344165336052,0.20221902346121895,0.04081732849136221,0.08073454113018592,0.11405173306061012,0.04657924038135158,0.07830323405105283,0.03387694443022772,0.012752936484961886,0.014536798402741788,0.01859301746737568,0.020750141948114104,0.002958023038213914,0.007201763935438816,0.008672237022134488,0.0051983957347406075,0.007292823003684008,0.0032297376176890287
G,0.09643323951971772,0.1361618872940144,0.17171265826358878,0.20419408366612452,0.04070923700819908,0.0811479673517341,0.1147167440114903,0.047207261442724066,0.07914877555056027,0.034159534246508555,0.011195284912049016,0.012922730822697282,0.01642345168251861,0.01836318503896583,0.003036326080151102,0.006825202132028494,0.008016839149269055,0.004770814175155767,0.0067037210739487015,0.003059014723611306
G,0.09661537210366947,0.13642937310729142,0.17239463283714002,0.20531494978263543,0.040768101433566344,0.08127209923312567,0.11527858650447487,0.04751914772316627,0.07996403605966522,0.03469752098925315,0.010834520818997743,0.012422375636046763,0.01540113084337105,0.016887863770651698,0.003022720633907195,0.0067641364481531765,0.007821533139187261,0.0047056505848282765,0.006770282814112805,0.003224021752304131
G,0.09605638060898156,0.13613176980735192,0.17282171001086152,0.2058826197702152,0.04123320655757596,0.08184926558678426,0.11591388533658593,0.04789080857088606,0.08047365260599923,0.03479171495528009,0.011874190361947602,0.013068071640241872,0.014575689160937821,0.01586933882294666,0.002510158761629924,0.006113098977278876,0.007110103979952558,0.004520678705402767,0.006554930944993055,0.003184076465857256
G,0.09499823016512243,0.1348351355477731,0.17231039865243986,0.20581875882362347,0.04113977310981061,0.08228597856194339,0.11668851478449087,0.04842419714658312,0.08137152666411539,0.035149173465994235,0.014477903886714813,0.016367667689787205,0.01583384877006382,0.016023881186913932,0.002618496205108969,0.005618470760100171,0.006156771130436017,0.004060632352410717,0.0059234448868895504,0.0029697391741308897
G,0.09372273486784405,0.1329204836907671,0.17119641575978176,0.20486333718880045,0.04071722651101981,0.0824672654908548,0.11697851041625998,0.04913930456690048,0.08220849033293848,0.03525495148558179,0.016442149634741648,0.01949931701347225,0.017844079634032322,0.017841021950547434,0.0031918861779734777,0.005343553337432188,0.005645109411856355,0.003017268581135225,0.004853786077516937,0.002871138710001772
G,0.0917954943359811,0.1305578071300196,0.1691262369506869,0.2031761363555705,0.04059703088182224,0.0823465866971575,0.1171260413786241,0.049154410897149434,0.08251116397545125,0.035480625600071994,0.018767916142538848,0.022334605801026825,0.020764705027164373,0.020197743995126402,0.003264258735675351,0.005477700571573312,0.005509206195346164,0.0029983631214950974,0.004704783052166888,0.002944741577184681
G,0.08913152725163434,0.12747503634425567,0.16639209773982264,0.20100353942292623,0.040516013851238,0.08231859917957676,0.11756081641465192,0.04931352765348157,0.0832230021137625,0.035956601126896734,0.02146419596433593,0.025678296527871944,0.024655943113685738,0.023304457214308526,0.0033507353523215804,0.00553595913981595,0.0046272840818784074,0.002592771512741665,0.003774198818305747,0.003131410480323469
G,0.08562127582792536,0.12329291894776392,0.16238456290105446,0.19757366615423172,0.04024065600378589,0.08199391333172708,0.11774730044173883,0.049386284863934975,0.08391246152906849,0.036472769577326355,0.024397903333023826,0.029398686043948286,0.028879420853521593,0.026771815259333753,0.003619859764214715,0.005938719910248356,0.00444893117486069,0.0025129446517611815,0.003831702706408607,0.003589746816347348
G,0.08260822753174095,0.11942724751153717,0.15808077120718453,0.19356149944078735,0.03960223745609986,0.08083635223565584,0.11693414947281625,0.04920216668161562,0.084181442569631,0.03683061691754967,0.026617158039725326,0.03163655541801978,0.032416120119104226,0.030799061029340186,0.003336129269307491,0.006775521701719229,0.005769484004888856,0.0028875235056740746,0.0031326221551784667,0.003201228423998778
G,0.07878395137735048,0.11450770847539407,0.15285380114277697,0.18859115577265315,0.03890381750261147,0.07947406154614249,0.11588871699637271,0.04885123820835459,0.0842512773751806,0.03710980952201491,0.028096127567691108,0.03357682006880946,0.034787381337567924,0.03335157796531797,0.003322665932647641,0.006793937596695781,0.006092575302888894,0.002891795200239377,0.0030871190911203185,0.0030610927909057134
G,0.0748795791242352,0.10989141968906464,0.14808744905814059,0.18396067491122184,0.03834034803105364,0.07873493858852743,0.11532449385229131,0.04866236783539069,0.08431462868992444,0.037268473416559963,0.029408651729269063,0.03522508482964516,0.03692313205795443,0.0354046501751136,0.00392730893526076,0.007205866608249179,0.006358812874043049,0.002989715715368872,0.0030637227143324214,0.0030858185704696756
G,0.0707748897648016,0.10471645957134171,0.14269394969929966,0.1785293585937664,0.03773026794705196,0.07767379369197827,0.1142388937497933,0.04838940241424343,0.08414169041265719,0.03725310097478932,0.030076452884484794,0.03643157054145879,0.03853092346649275,0.0373396921840319,0.004256772489439898,0.007748521805154801,0.007318777593274091,0.0031354386752223,0.0032865822970280707,0.0030974190952558016
G,0.0665487652095916,0.09971610694103258,0.13709684111886283,0.17289578701788116,0.037189036377048304,0.0766370792099953,0.11320719716824675,0.047964550532913305,0.08377528779852454,0.03725052802565806,0.030247555263853157,0.03686102886701599,0.03971057263578696,0.03848319383059856,0.004625915223233295,0.008307195744384462,0.007699500140716212,0.0033933757186229412,0.003371877123310622,0.003096457729033746
G,0.06227325023480351,0.0945056163449249,0.13159221869452215,0.16725402424450853,0.036882089431073725,0.07564333186805255,0.11204835081367745,0.047295548916164415,0.08302470975094074,0.03705433355606882,0.030216364962166047,0.03721809273736055,0.040092931023445084,0.03945553264425164,0.004653914769651666,0.00838838114725246,0.008409683227866808,0.0037810955797928734,0.004637881199376116,0.0033606634787815967
G,0.058011133899574,0.08952093091291974,0.12598571236057962,0.16165609874542422,0.03640678557331703,0.07448229194916343,0.11090209764953622,0.04662086481022931,0.08238729535481543,0.03705519558437513,0.029831417924335968,0.036842652778238734,0.04020598685854428,0.03940728711909251,0.004825403515246512,0.008569493950860704,0.008290614063499941,0.00406513996331843,0.004632256758921394,0.0033611596783805664
G,0.054411760793519594,0.08494994545143482,0.12115115565085081,0.15673366766743352,0.03600581877798915,0.07356679990258685,0.10980583821807288,0.046013123622456395,0.08162754303351073,0.0368164600148919,0.028867074428512204,0.0359784551174451,0.03986276556643765,0.038924258085582746,0.004806244687814531,0.008986748342495927,0.008504195518365372,0.004702633839277367,0.005009412121467634,0.003170754602601875
G,0.0501924755481678,0.08006151415256815,0.11518529309729926,0.15091163159546267,0.03543202725992973,0.07191807793047782,0.10842560074619986,0.04507181592095483,0.08105648176563893,0.037090552538900125,0.02737308542151472,0.033966431226028264,0.03817921606830822,0.03716091124080471,0.004670432637352423,0.008411365449207292,0.00790769308232359,0.00474288325830025,0.005010959809889393,0.003223135756440898
G,0.04648741198480806,0.07571706154087136,0.11014176644745177,0.14593255240940178,0.03486384350113446,0.0705562970328735,0.10718704896680506,0.04450602898462856,0.0807160192559425,0.037245938802552676,0.025139551582103827,0.031275205891984,0.035722592455074934,0.03481157010914766,0.00452754305261127,0.008095655615476424,0.007677215288440051,0.004788385524042365,0.005078752619548762,0.0031953607779709884
G,0.04325800104136052,0.07171169231332096,0.10523310082061607,0.14150255458816635,0.0342104627440192,0.06908925096886667,0.10620172263090548,0.043769485931170235,0.08050467963340595,0.037735089512904815,0.022368099979491476,0.02813906441690116,0.03302832739990696,0.032306812101741876,0.004524364105098717,0.00861912360379626,0.007920155398306563,0.005179176233883813,0.005157310333408259,0.003348477562406319
G,0.0401247062906939,0.067693517204335,0.1006239024366025,0.13729992087873402,0.03349060212450209,0.06789135569586187,0.10540377177987148,0.04327520755230159,0.08041754778272456,0.038116317699028186,0.019929546301573474,0.024519078627788852,0.02966504189696428,0.02924950431784427,0.003969098368469294,0.007897954179944324,0.007416367544595256,0.005111997724145048,0.0051547067418000634,0.0033144966672671488
G,0.036718864425184135,0.06354730853943691,0.09622844777634328,0.13326713777409147,0.03298889009670668,0.06713648818270937,0.10493917652340563,0.042914252357839626,0.08037192959036757,0.038375421943863244,0.01610057635351528,0.02035162116741513,0.025788686621617776,0.025773901624130426,0.004062264203311803,0.007543551545153061,0.007226439859427466,0.004890021639103047,0.0051418168545270876,0.003258495466571793
G,0.03422458187598184,0.06024455065270806,0.09270326092427054,0.1301093095424632,0.03252919417481724,0.06664297530830901,0.10478463125940256,0.04276392280365333,0.0805390962961273,0.038635051472402406,0.013373396873786043,0.01672781726547395,0.022060518464132466,0.021863182454854486,0.00367349623137352,0.007050940691880689,0.006977143112440583,0.004729059655587719,0.005441154147915728,0.0036253202621642174
G,0.03219126814095431,0.05765158442943556,0.08959545518534806,0.12757835841736268,0.031831689337030095,0.06595679683678947,0.10476745303697432,0.04255107728700084,0.08094972303915311,0.03926494034891627,0.01065027155435884,0.013118187255415614,0.01808410158275564,0.01837403755226262,0.002947078925457284,0.0063431495196709774,0.006955836010697968,0.004529528834867429,0.005866844135045945,0.0039057917049184726
G,0.031018127316510595,0.0561913831757061,0.08718614947671625,0.12526238463794792,0.03165454493311888,0.06517983657306435,0.10417355067123861,0.04205781346974881,0.08064008748955834,0.03944363610110054,0.009584873937611057,0.011512740930879672,0.015570547415275904,0.01608322501883628,0.0027113932745848513,0.005496168200502622,0.006471579425499783,0.004242335413385067,0.005780607288769551,0.0038659096673095924
G,0.029123817144365516,0.054156185607280784,0.0844004490684379,0.12297754624047015,0.031638367448737006,0.06471344376574113,0.10421088471033169,0.04163295163267872,0.08074680436991265,0.03997803667406833,0.007654640443960405,0.009610193495521066,0.012250996352322052,0.013518450616291512,0.0027057042425000467,0.004935788530778082,0.006503248929398851,0.0037449463716538118,0.005847540236055892,0.0037495256473730745
G,0.027532227416452153,0.05246421948007409,0.08204433677448385,0.1206382661942244,0.03137610838116188,0.06429117711546498,0.1038561667449375,0.04156999826565975,0.08074717941122375,0.04007411797999122,0.005756450622619242,0.007007435477013617,0.008793428621795154,0.010525723750311891,0.002355228282739299,0.004348074417388379,0.006178262530958675,0.003689010305571819,0.005847687141064897,0.003736888702959236
G,0.026551142064821655,0.051286645413477494,0.08047332456222897,0.11941207162850809,0.031048158286425827,0.0639768227465505,0.1039192350255694,0.041505089855134306,0.08102952975484809,0.040452498736425126,0.0044904709060238565,0.005393255942228617,0.006508597029003386,0.008316536495151404,0.0021014539746095767,0.0041016262991023,0.006260940487519999,0.0036623000917562496,0.00614795058133316,0.0042299162012110975
G,0.026172837622241495,0.05089234803108496,0.0801412576041698,0.11904188693900328,0.03105490799903825,0.06418115000276198,0.10406328164851578,0.0417449403157341,0.08120886391308327,0.040416453560433316,0.004233395842244614,0.005089932093402507,0.0058375316371314335,0.007534197635950605,0.002111816822021856,0.004561849264317669,0.0065450271210698375,0.004156207466378944,0.0064734348584292185,0.004199422948820196
G,0.025505485991755228,0.05012602289425684,0.07987832786660545,0.1193544046978672,0.031080621665225922,0.06471033455494027,0.10506545187861611,0.04208621748955206,0.0820262724035953,0.04093693004756034,0.0037867140943685777,0.003922659214783992,0.005399003776063097,0.007957014750839438,0.002163211906644671,0.0052207276838493405,0.007456773787937366,0.0044309684090158945,0.00698871515071718,0.004330215780414924
G,0.025149641790756024,0.05001138605953552,0.08006653693741336,0.12013180281533051,0.031088141835516513,0.06525199532705506,0.1061731227870976,0.04241262956731663,0.0828597332288025,0.0414842467033833,0.00349470138539218,0.003813088330814956,0.005732542781918543,0.009133451881644938,0.0021678091659493113,0.005891090144934673,0.008765264904292164,0.004886188770003752,0.007967287950424258,0.004629902926950889
G,0.025074379231819145,0.0500974044541452,0.08051071157373947,0.1209619471230063,0.03128296914916602,0.0657326347350551,0.10697596818910629,0.042724410783981606,0.08347381474158182,0.041820724402155306,0.0034457343541515416,0.003914592983802886,0.006522239808301196,0.010205164607986733,0.0021552114906017226,0.006446329539908959,0.009510366736083499,0.0052487461210336565,0.008471928527109714,0.004699656382497054
G,0.02511983841286634,0.05071533054587761,0.0814318122411699,0.12255368393258118,0.03159854228800414,0.06653133389728161,0.10844512584946478,0.043149781160897904,0.08448417583557673,0.04246439715414519,0.0034759317012927793,0.004358872266196086,0.007622634266819987,0.011403345840746584,0.0023565998619294744,0.0071090951085468436,0.010233545237675631,0.00567534929927363,0.008996157266291414,0.004570253623680287
G,0.025662180414503483,0.05168337436280694,0.082845819360942,0.12449223124339717,0.03196718999826854,0.06738417028054397,0.10976772982549914,0.04369094648482005,0.08543530332343682,0.042925531718246535,0.004211328574669209,0.005797444406654454,0.008934483665211039,0.012620837332305996,0.0024966327583866256,0.0075774557126975575,0.010830624342343612,0.006039176133176622,0.009416735170327626,0.0046003854582831
G,0.02650127043473357,0.05307447765323066,0.08443754322663577,0.126781102211093,0.03207831828509419,0.06803320636074342,0.11112718547331275,0.044367878330853275,0.08675260014413942,0.04363053217297626,0.00497588601193718,0.00668869847231166,0.010384914600580789,0.01335965507821153,0.002611132844827584,0.007937423327182353,0.010736105253512549,0.006216037834967868,0.008871941785617293,0.003683786419394848
G,0.02730365450593093,0.05434997901316665,0.08597062051682,0.12872665501961095,0.032407199536746076,0.06869422845407153,0.11212456323039058,0.0449101878329331,0.0875907800519271,0.043983881181597954,0.005189651197694383,0.007412038830005181,0.010681965904811375,0.013434776893587401,0.0027614031573991848,0.007968697240436211,0.010664144161124073,0.00615852085719581,0.008640565134971202,0.003559315631787362
G,0.027906084167177,0.055532175101024574,0.08765454932816741,0.13081731037418035,0.03248039197648332,0.06968562343780169,0.11347442003968404,0.045847731117428694,0.0888199610718261,0.04433970830590471,0.005896145690876759,0.00821259229576844,0.011889332904182428,0.01418393673049211,0.0027802866106581086,0.008164459681472945,0.010466676005608225,0.006103093875296763,0.008067191449243795,0.0031958302500088957
G,0.029066154359780254,0.05686558100597202,0.08996120354251562,0.13346229681238947,0.03260968708716165,0.07074254321409293,0.11479377703734908,0.046775160345130254,0.08991091210046007,0.044570066189974,0.006491869201776174,0.009010164400640211,0.012601348250917764,0.014448959604245118,0.0027733230802085805,0.00811852888630917,0.010201014518539471,0.00593206674994144,0.007673793740512459,0.003059883682711437
G,0.029661989246649097,0.05758289014756764,0.09146918933384648,0.1354173247655897,0.03274703521511563,0.07166806007981427,0.1160567328920619,0.04748352789168202,0.09086478971410715,0.04488870596716808,0.006824042217631268,0.009369297057955667,0.013139281447047464,0.014546269449020446,0.0027393286289970355,0.007838113244127247,0.00943902158056457,0.005775003108292829,0.007109602164311396,0.002683211835536456
G,0.029998765896184203,0.05836528303624986,0.09347502412203007,0.13749785770018713,0.03306398896602473,0.07320896862067323,0.11761209768182608,0.04852784751446846,0.09186463062776196,0.044875461220871354,0.007137683722835569,0.009918593624997276,0.013889553523746703,0.014933021056959896,0.0025336838310528105,0.0068162244079200286,0.008324854011499617,0.005116383082143467,0.006403466756081872,0.002691139014540464
G,0.03065334673355835,0.05958061069923799,0.09566880023018304,0.13944183408363003,0.033536737383538955,0.07445395219514071,0.1185666030879835,0.0492075985851254,0.09221996827369551,0.04457592130934053,0.007411028686691926,0.010676424152327774,0.01496545400945307,0.015028416146097803,0.002774974811161531,0.00683475969686366,0.007620945549520017,0.004731024874895856,0.005898261425897525,0.0033173009020160873
G,0.03150863252091575,0.06110947075304093,0.09778337747050103,0.14148078792163282,0.03396298254522097,0.07532099691210534,0.119358998815259,0.04967725224626031,0.09262684772171889,0.0445007289005988,0.0076482500929540885,0.010910455602879442,0.015430672654933818,0.014836506987574048,0.002446747294426535,0.006492961345265513,0.0067941652429629315,0.0045088776482608275,0.005396722805638446,0.003432349245327275
G,0.03256552480311041,0.0627099689997699,0.09974466144531455,0.14293255658871862,0.03413884535343312,0.07573102236686163,0.11922449512362931,0.049830525692125524,0.09219627492703701,0.04395555569525213,0.008332582603962569,0.011385030353734352,0.016098143171983492,0.0150230446696408,0.0023841982342328706,0.006353337387744604,0.006909287934866267,0.004449485132976785,0.005790448476880809,0.003978949206698966
G,0.033450788767403414,0.0641965141089372,0.1017613165758587,0.14439106226273019,0.034627606023722425,0.07643210089796446,0.11929722049973153,0.050136529128805965,0.09189670077287082,0.043365844563452306,0.008828442964528387,0.012045454611081523,0.016732941743747853,0.015234453170771014,0.0022046818628630054,0.006045200598004548,0.006853397330883372,0.004305856636561277,0.006010298850457198,0.004351614721757265
G,0.034607392969012885,0.06592334571690688,0.10415385669482076,0.14628212046964206,0.03489367308984701,0.07713078183989557,0.11942114930232192,0.05038026555387202,0.09153430215277755,0.04278881574463572,0.0096542912223488,0.013151360194798902,0.017131549545622876,0.014454313731420936,0.0023939826130278978,0.005366488285820557,0.006593234833037823,0.003832950605621122,0.006908993819871295,0.005369452173228455
G,0.03624783510474461,0.06842387247675233,0.10723277694648777,0.14829077609003583,0.035437069896730664,0.07798052636795597,0.1191900266358999,0.05057878826076771,0.09064643830051428,0.04170419725492852,0.009804000756927373,0.013623279034058489,0.01706109883274588,0.013096166933555625,0.002944787376975003,0.00495340246476837,0.006986331232133559,0.003495859619967733,0.008578577273284671,0.00693295607173075
G,0.037632659077532486,0.0703301708098198,0.1097355819258538,0.15014939462555693,0.035855341575771374,0.07853904202133946,0.1190599534642385,0.05060373292354259,0.0899812596408771,0.04097963235971033,0.009417461621349816,0.01346252897817877,0.015788162065393976,0.010436326193642724,0.003056690062956212,0.004231712434441502,0.007244633484660421,0.0034522956130564626,0.009597727091073174,0.00773263712886211
G,0.0391341959224794,0.0724832641651164,0.11226883514643322,0.15144547924858995,0.03633261299823483,0.07900742113897623,0.11828378635943818,0.05054174860327746,0.08870777251764383,0.03970805887036373,0.009492739190768295,0.01325674445343831,0.014272353507814316,0.008657962291711918,0.0027847284114004864,0.0029562721576171336,0.008593456026818068,0.0036066915403388917,0.01107486020600191,0.008337498844010166
G,0.0402140487591728,0.07435082360975236,0.11398979752167052,0.15235247528630141,0.03676128741317385,0.07907381777854645,0.11756647987063643,0.04996232134124155,0.08732971001302081,0.03887182563697454,0.009105758749834237,0.012744967802234308,0.01347114780959722,0.007470898247209407,0.003090189059656851,0.002899633016228752,0.009162158996180154,0.004196670583351936,0.011964083216807924,0.00873069764598407
G,0.04164417717950756,0.07626933440648176,0.11585424707529315,0.15353452927021077,0.03687618687401654,0.07902002474932644,0.1168986376518308,0.04969014096475376,0.08640337259175265,0.03817193640775152,0.008321550979890725,0.011739662428947277,0.012080898945052296,0.0060120044623549005,0.003087492447537528,0.0029685172437891143,0.009375127864982433,0.004434009143659109,0.012125215111890204,0.008615104563967631
G,0.043000316574414874,0.07812382706496543,0.11731847575155922,0.15397723380453157,0.03714696669199171,0.0787385870768308,0.11561172853105166,0.04910471090424478,0.08483609828186524,0.03716272578842827,0.007641203342719408,0.010744566063585897,0.010770403870830418,0.0053180400053818855,0.002923486334532369,0.0033615382124483647,0.009758073575731616,0.00484308557099407,0.012347426143356247,0.008452209226000339
G,0.04403124400285817,0.07958164675551813,0.11829941171687504,0.15420011156729824,0.03742644037271815,0.07831624955954417,0.11445105415333774,0.0484702818971387,0.08349306192209578,0.036423961508326934,0.006693408899321411,0.009475580505486407,0.009577200485435141,0.004856788430326894,0.002776602863700754,0.003974747676033154,0.010172086224171031,0.005288039315462316,0.012513021376435519,0.008293093661501124
G,0.04505507909523208,0.08080343925375093,0.11889388190319114,0.1538624013014302,0.037416907862768425,0.07755012047287636,0.11276622565137953,0.04763511279047682,0.08175807095368962,0.03550102711782126,0.0056201168434763926,0.008320125375111391,0.008663321441470943,0.005605662297111323,0.002781682266358683,0.004976378141961897,0.010688256760835492,0.00584835537089137,0.012700354229273498,0.008015148128199302
G,0.04571163990552349,0.08159028869807673,0.11921478323383301,0.1534106760034058,0.03737605223654651,0.0768285924878698,0.11126278109736114,0.04687932967805421,0.08024614064755317,0.03472035419863543,0.005283951467829587,0.007842832145785189,0.008211253778935786,0.006195251983438786,0.0028023722384812448,0.005640455415593737,0.010682889805937913,0.006106937811368993,0.012408846129012144,0.007544681380574579
G,0.046054910195303514,0.08235123174794831,0.11955570338014573,0.15321753263117494,0.0376360011489665,0.07639863697399206,0.11028675846668815,0.04602946209728851,0.07891113459857566,0.03418076034784672,0.005031553253210791,0.007437309965636756,0.007888761084939515,0.006273541613356918,0.0028809399981045234,0.005821390194066741,0.010427933480261602,0.006452500689438824,0.012130697820996144,0.007170941791872378
G,0.046601948042190665,0.08327971687832161,0.12032932839714627,0.15287379692127617,0.0381015917234454,0.07623088031619597,0.1089724962636011,0.04519092519262534,0.07701454426866151,0.033029234645667614,0.004506467564114686,0.00704427318343015,0.0068798153210814506,0.00673624856922682,0.00340614909872758,0.0058970372998427435,0.010670204472276141,0.007023670862578188,0.01270980087358456,0.007017597969694006
G,0.04693960070225672,0.08412342773246692,0.12055397683609652,0.15251532518258543,0.038666433560883604,0.07568855415064349,0.10782217907135876,0.0440528687654531,0.07535657882271478,0.032496611827137534,0.004254830850788847,0.006648553785676804,0.006665823054320346,0.006770873769081186,0.003592580173696829,0.005959815964881925,0.010133641440207333,0.007279950152272346,0.012199260414279522,0.006531674580699122
G,0.047219398053687855,0.08463875251328638,0.12081617810161846,0.1519576188519633,0.038863716872139506,0.07534830044059626,0.10663911833779319,0.04344228088202102,0.07396211610436211,0.031660825902893416,0.004187623765900368,0.006286489913380731,0.006570390595856698,0.006586272366663844,0.0034178904290365973,0.005873061731081134,0.009383749487719258,0.006881328932313188,0.011143955628165584,0.005931345959767218
G,0.04768820658224214,0.08554730005538844,0.12089221004396142,0.15149644704571694,0.03918861693949048,0.07476506623389176,0.10553075376953613,0.04239297900157359,0.07239570201783482,0.03113120322302255,0.003746656662172421,0.005175278891225132,0.006457077092054451,0.006699230317725001,0.003180811449095828,0.006149182608401496,0.008778191466282361,0.006956476804815606,0.010156843312644213,0.005185365574393707
G,0.047888489791187025,0.08609009134123671,0.1207383039660708,0.15085555875845408,0.039463101139136425,0.07426872421991974,0.10451597195520597,0.04163330884596473,0.07112528302642752,0.0306873933542895,0.003405813097155496,0.004276922383137558,0.006569760982018367,0.006463772504584064,0.0029834093431843883,0.005859181477996542,0.007418014024854394,0.006338858721016505,0.008505857649771001,0.004468777796124493
G,0.04846703774817339,0.0869617213288903,0.1207901563780837,0.1503526900231538,0.03973791507827088,0.07360897106484084,0.10329897647236871,0.040638318827364586,0.0695355890193162,0.030172873379242283,0.00295411539861567,0.004223135703549488,0.006596067134371384,0.006225041376937023,0.0032080253900373707,0.005159018134341303,0.006419381574731167,0.006051661754851082,0.008388569350744716,0.004483158139194883
G,0.0488053551464118,0.08740967127285532,0.12044095045030327,0.14943783680500972,0.03982975918474463,0.07292213387205462,0.10203438481621,0.03979926051408446,0.06808635911870181,0.029653514383819995,0.002517491354603517,0.0036026090516737418,0.00674744204916752,0.0061657399111403645,0.003124967881767468,0.005051792343147171,0.0055637701374496125,0.005568699496595222,0.007233100575770441,0.004055443123301727
G,0.049492349052641195,0.08801099161443549,0.12038456182428252,0.1493288708585993,0.039827970328585836,0.07241356516001829,0.10141491121462531,0.0392420955995574,0.0674223110687259,0.02961633529561667,0.0037277143821797597,0.0035221037078658817,0.006724293367172558,0.006019627614745823,0.003127769475546261,0.005083356359655787,0.005079167810431458,0.005103137991596161,0.006395410696832958,0.004008838594157922
G,0.050294046601536226,0.08859800140853559,0.12005966104201907,0.14902495300946406,0.039654120853851955,0.07125096971627032,0.10027141594061326,0.038186977859772916,0.06638013117000992,0.02962284110458816,0.004645139705467425,0.0036991515246363417,0.006596700205258248,0.005589031893046689,0.003293010933596882,0.005746883435503456,0.004501091855521255,0.0047334828488659175,0.005047975429027183,0.004017878843711213
G,0.051470774008860985,0.08906263699856883,0.11997341509773721,0.14901062712567625,0.0406149409611027,0.07096599854024363,0.09991865001703426,0.037567872594426635,0.06583185156099894,0.02968268672932582,0.007235827937941808,0.00441100044317261,0.006480294480072029,0.005566012441365737,0.005218931751425545,0.005531235133523297,0.004270934878382805,0.004636796567093919,0.004995156048856455,0.0040130962744126305
G,0.05215681808162059,0.08932201950227561,0.11971463098969219,0.14875754303389246,0.040479198870709034,0.07011982890638327,0.09912235480034874,0.03699373284902482,0.06520595255568087,0.029709309063476623,0.007938112885416642,0.00486441340626164,0.005909696474044873,0.005255237267946355,0.005182374089016126,0.004786563783025513,0.004635232373659457,0.004219236663172258,0.005488074079515673,0.0039670816090122355
G,0.05277389639663631,0.08972060057559011,0.11963564543029963,0.14850580376732497,0.04098864965188883,0.06971801229477916,0.09846378012476527,0.03638066651042889,0.06445289503041382,0.029550166591240108,0.008077690530644726,0.00500674625821542,0.005846627993774251,0.005263914453079515,0.0056518735889215885,0.0044404862169277505,0.004868706636996516,0.003924806055590422,0.005836817713982576,0.004171152381011492
G,0.05291224172778679,0.08993792549431723,0.11971544539503269,0.14861809156550165,0.041749998863098534,0.07000623231622902,0.09871910695709887,0.036167638718351,0.06422543829488032,0.029563277856451076,0.008118915813727413,0.005177661855844088,0.0059610278178123255,0.0053321499907062805,0.0063432758529882866,0.004855356590682091,0.004926590138979693,0.0037722023819228814,0.005913984400046617,0.004153450564229555
G,0.05382802103006055,0.09059673685288432,0.11986952516334257,0.14864432450712367,0.0419047540608005,0.06940736080448304,0.09796288965183866,0.03567532583462177,0.06355606704292993,0.02942101172465659,0.00844270238455829,0.00576191078073808,0.006104795943145212,0.00534220361646217,0.006407528963075426,0.004665212821713744,0.005251959396440622,0.0038188433733391696,0.006327323323418221,0.004288270760447816
G,0.05452453979054746,0.09102876095252672,0.11982928301136435,0.14810317698563802,0.04205437983818973,0.06872573797921036,0.09675516878301046,0.03503518824175832,0.06250523347731425,0.029060838352497526,0.008705993573718906,0.005879748191567963,0.006079773924633731,0.005065753334590429,0.006346805757044539,0.004827632099283387,0.005658811530481439,0.003543233847741248,0.0059913841917447,0.004278791328727967
G,0.05545838538163593,0.09158970270541798,0.12005701052635005,0.14812488704199656,0.04212883797989328,0.06809083530094631,0.09591918089852655,0.03440721082895076,0.06169545727355356,0.028891480922186345,0.009350057550852166,0.006250554492867769,0.0062034977853232766,0.005071774319970898,0.006306225263258154,0.0052209202595367155,0.006242893204659828,0.003665041844584236,0.006254048339353712,0.004346224050357775
G,0.056029451699883256,0.09200431016886537,0.12019472882891817,0.1478714065171043,0.04232477414158815,0.06770232304784449,0.09508570194980497,0.03397514714022824,0.06087319780799716,0.0285032785101361,0.009177603817305017,0.006046882866995987,0.006125175957246554,0.005303578036223167,0.006253686953515664,0.005425538241894216,0.006751796148187894,0.003620124555837194,0.006294065517132742,0.004466950321108769
G,0.05648280165064877,0.09218698149742133,0.12020194502774773,0.14761281035388954,0.042331347699574015,0.06723219485305217,0.09435922767417733,0.03364166413943728,0.06034031180276965,0.028298936987445466,0.009008324398376661,0.0058543079950704666,0.006113849155740311,0.005827423024059919,0.006246938251874237,0.0060598294317561014,0.007604202188566828,0.0037270562030833044,0.006462920422945111,0.004524029038072345
G,0.057089532289499936,0.09263179935261134,0.12060317511921333,0.14746455670924316,0.042681025849211775,0.06702490432456909,0.09350016746684077,0.033193493838005204,0.05936418588218403,0.027746790557490318,0.008902540461308069,0.005558246484148339,0.0057056155522949865,0.006017745272103686,0.006051583376463839,0.006198931691256048,0.0082022652764698,0.003756410271477497,0.006657853250605277,0.004709622613927637
G,0.057550971639882244,0.09264212310202993,0.1204191601964167,0.1467772381500196,0.04288174112072944,0.06658816541028606,0.09248650698505731,0.033011979831467884,0.0586628403584601,0.02723397290511575,0.008522140686739576,0.005545182915743923,0.005932408485526468,0.006578511961078172,0.006057887071005978,0.006287880127327613,0.00812255214234182,0.0037329272284006396,0.006360689309325645,0.004539708450083731
G,0.05817958215880577,0.09266114296176546,0.12021619675367556,0.14683869809061584,0.042583583482741244,0.06580274623791142,0.09191285268996847,0.03296464254555599,0.058884169814836226,0.027551791329669572,0.008194383125181911,0.00553341862171535,0.006077708713116118,0.006528419225194864,0.006040313531020453,0.006539482875257143,0.008358805292606058,0.0037433935709823406,0.006313340869961611,0.0044563153637931455
G,0.059333815784672984,0.09278262536347769,0.12045877135478708,0.14691325036682326,0.0428643858021855,0.06559886724779676,0.0912770035611026,0.033170361830795574,0.05897753433980095,0.02739174206972218,0.008147519289953192,0.0054764946433067865,0.006010477882606596,0.006554939550336844,0.006280594503436553,0.006473347216673852,0.008065138199044107,0.003777339681487614,0.006393340084278521,0.004289973426929261
G,0.06102014857939475,0.09339727187514826,0.12092032893663049,0.1476036699871292,0.04379972088301163,0.06544684024058331,0.09098307780630802,0.03291264361443412,0.058996755864899574,0.027655404195320105,0.009224964583124816,0.00525270950697702,0.0063701862081081495,0.007397710973934175,0.0068032285757988415,0.006316894861330558,0.007786395008738503,0.003292857991073396,0.006425586540129821,0.0044887917742203205
G,0.06410352988795763,0.09443431414807507,0.12264214155478395,0.14900758583231422,0.04488181133279484,0.06593548731047581,0.09086350283851061,0.03335554678736405,0.05916176771101613,0.027323701587395877,0.013710429628420423,0.0059251352505520615,0.008115928554376949,0.009286281728575221,0.00774736432103307,0.0067342707281458115,0.007664994169116859,0.003701187068063321,0.006597833487351434,0.0042518174291915475
G,0.06758585451427976,0.09610275701649107,0.12436830287417955,0.1504626346075738,0.04600758252709269,0.06627205686726605,0.09062198671495579,0.03315155145839451,0.05872651100979205,0.026980282807064403,0.01662267090929633,0.007159564809822471,0.009715828818145365,0.011007163033790044,0.008531205074187585,0.007231843184410394,0.007258059743923857,0.0034426135733537097,0.00605527242134311,0.003943490143641535
G,0.07099869954696157,0.0976553054404539,0.12608947674168103,0.15250326673471082,0.04673807273460752,0.06680280601412555,0.09124107332164381,0.03346380992323422,0.05944361551804341,0.02727156390213737,0.019689738061069488,0.00967319249356427,0.012310911153376718,0.0138788905110636,0.009015052706674827,0.00806181479676962,0.008268749510856436,0.0036869213071384684,0.006416668670324748,0.004012809371900837
G,0.07496927930449751,0.10001867286540697,0.128586450103435,0.15553959534496792,0.047728547356269066,0.06771268962895473,0.09228632671706813,0.03368184200955066,0.060181205620267374,0.02775744610915056,0.022549371282039626,0.012073155453136817,0.014519041816100113,0.01728685761325021,0.009070929426553123,0.009024134416484161,0.009749578787030077,0.003904065859719341,0.007289509811402939,0.004639500629827033
G,0.07858579407032398,0.10235311751303992,0.1311029047683334,0.15785023546604554,0.04875472875864367,0.06852793962875431,0.09293131545542033,0.0337428395479482,0.06032558642344536,0.027690781615066856,0.02568456481242566,0.014754187315549339,0.017351153302642017,0.020113342522988974,0.008717277150924314,0.009661127141556107,0.010607198641785337,0.003986094739893282,0.007502303966645882,0.004553543914210815
G,0.08312041219952332,0.10541279077901715,0.13428853428968812,0.16042368683961392,0.04995527884051395,0.06999743514252257,0.09386574234429221,0.033983872630714555,0.060192505607033486,0.027254265566591246,0.03010524393622872,0.018766278403650177,0.020506571976983252,0.0226367013202739,0.008380463257832442,0.01004121348838851,0.01127137891794056,0.0038902140422858843,0.0074616226989838675,0.004212562783980119
C,0.11373798180460062,0.06269201593171872,0.1031966266765392,0.13349817490191768,0.10356403900161934,0.14296682729322738,0.1370812620516601,0.06487597139217746,0.08653669917375144,0.04452875254113463,0.012731633683699638,0.0038500113664715935,0.005644013132157295,0.006836256810358403,0.00888173435344308,0.006726713461626381,0.003779215056717263,0.00447062752049947,0.00480855829461708,0.0035829441422284805
C,0.11482329972290081,0.06313893599268934,0.10369510572244016,0.13412238157086068,0.10449118596020399,0.14358468785768572,0.137453664342308,0.0653558577485068,0.08714110386464222,0.04467948356829931,0.01270080110370995,0.0038145072270093843,0.005600257864687967,0.00708470295537597,0.007796767607189594,0.006248435009372357,0.0035782767613183743,0.004712952598713307,0.0050052023258511345,0.0035978785073511243
C,0.11476724534336105,0.0626809016657858,0.10336587964400787,0.1338412291329868,0.10486872111487544,0.14392690520374038,0.13740839538214059,0.06571654065888892,0.0875700763678825,0.045030127792704655,0.012670616928170226,0.0034709831790472444,0.00511025709972833,0.006642048356683073,0.007586005026944221,0.005999483199636419,0.00360643210821581,0.00478613372397445,0.005165375338977673,0.0035697033847601903
C,0.1157688973015946,0.06292077290636139,0.1038920452177681,0.13409045443530795,0.10542544008649653,0.14496335714753023,0.13743634889852654,0.06641627287880904,0.08769815456773432,0.04536748277167471,0.013614709893875605,0.0037966313785015404,0.005429423299881946,0.006925773493500579,0.007562941873874597,0.006484175055052856,0.0036016268290201383,0.005216924957804545,0.005240862870855454,0.004015082579828862
C,0.11680844138852128,0.06314684135382223,0.10420378394170893,0.13496629346769945,0.10551561192688999,0.14514042891253126,0.13749990971827425,0.06698975527772778,0.08867455996343056,0.04589716715264837,0.01357079141274836,0.0036284647617512004,0.0052476334274781265,0.006746529894313278,0.007552589098916058,0.006384269974292499,0.003577323434641038,0.005097466368460611,0.005445596400258068,0.003868399485091699
C,0.11798393772965052,0.06316382034642873,0.10466855710630792,0.1352244640327517,0.10610631125183032,0.14586161695219144,0.13748546256276067,0.06774383287825023,0.089055297239228,0.046023814149061655,0.014251799721316778,0.0036194380684938456,0.005179841637327136,0.006727900310424344,0.007818357491566364,0.006281216540507019,0.0035953877000115832,0.004677766059653553,0.005233704704224986,0.003862232958592929
C,0.11884043832595623,0.06355548352474125,0.10524944693563218,0.13586445770694758,0.10655882999258108,0.14614882244829425,0.13762372835964795,0.06800372707651009,0.08930643147406374,0.04605646807799183,0.014433839423032141,0.0033809697873251952,0.005171105204341985,0.0065942358851197895,0.00805619887692678,0.006299202930764896,0.0035723187873740545,0.004529575881824963,0.005060587091613546,0.003843699783808999
C,0.11994143341842282,0.06357987644174154,0.1056675539620213,0.1366293098006859,0.10725730010362904,0.146439469019258,0.13773043020754194,0.0684612731181338,0.0901073859606765,0.046363708207907896,0.014139060076577977,0.003361777069986421,0.005095877319026394,0.006610759657297488,0.008185086426562052,0.006155200797435521,0.00353856601919359,0.004230452394100846,0.005118297957893202,0.0038284140208012488
C,0.119811608386339,0.06391925279502497,0.1059848101634657,0.13724707003343478,0.10718467461126242,0.14622839010538655,0.13721205045908635,0.06864162266724265,0.09063517991835963,0.04701523442030156,0.01414810823641486,0.0031751407648064308,0.004985046671016592,0.006753386650969762,0.008228071818997904,0.006317637917561677,0.004076515111667274,0.004029418040155877,0.004862175963587898,0.004218969930119634
C,0.12067830057796107,0.06376188532501748,0.10636852971323969,0.1376891793259163,0.10775277995051488,0.14666549087653638,0.13735283271760707,0.06896512660673258,0.0910107218405063,0.047155989823817086,0.013372440543311798,0.003135351908737829,0.004909935250963035,0.00667614517194886,0.0074891757109484215,0.005763012513250941,0.003998139906986677,0.0037086316164039986,0.0044800686323887865,0.0041385321409893585
C,0.1207291938937638,0.06421214786201661,0.10712101236016036,0.13815043873109323,0.10752144759759967,0.14676342796244918,0.1370132457551379,0.06958973990329928,0.09108697101386817,0.04730060807648455,0.013390153947185061,0.0028854538575374764,0.00458706478267929,0.006221887182385455,0.007562530683746136,0.005840453374834493,0.003970934887130517,0.004273940791626767,0.0043816489820421535,0.004047372620141615
C,0.12207250070915596,0.06454490634034027,0.10729090748978998,0.13870374901065446,0.10657909531325807,0.1466606885385199,0.13639010869365306,0.07020041092693584,0.09108802005859082,0.04759457060616276,0.013679590534263512,0.0035186119288867744,0.004463166152639796,0.0059219260460339216,0.006783470532890281,0.005680648659597997,0.003089581507520342,0.004382074168034176,0.0043817660806871874,0.00431891510318172
C,0.1221293619726207,0.06434429985601155,0.10753083842620911,0.13864736089425964,0.10702262764834178,0.14655356672829414,0.13582033773170513,0.0703882793614661,0.0912896769813155,0.04753435079412048,0.013635918371796717,0.0037253224358854116,0.004018831532096709,0.005929280957007771,0.0060051772898259415,0.005895662467570464,0.0039670830086164025,0.004250476815246006,0.00459096672261223,0.004252677762266482
C,0.12280427437443023,0.06430520994683363,0.10778374878563587,0.139008031984383,0.10654106380971298,0.1461443308298598,0.13532258484167703,0.07024186834524786,0.0908764892744353,0.04746973688484859,0.013006030117330456,0.0037441827816563186,0.003844760783476701,0.005452869119389796,0.006297019104952511,0.006251651626522899,0.004275243640376457,0.004279457633236132,0.004861890095933142,0.004330072512912796
C,0.12380054372641817,0.06413805490530577,0.10798208096122967,0.1388310212592059,0.10672635509541115,0.1463501923489879,0.13531892391774142,0.07045136186395075,0.09037531806350269,0.04682059332657061,0.01218378368237742,0.003804436398559555,0.003734237207420278,0.005518636419471273,0.0063309037571115095,0.006102470266304274,0.004275891049201172,0.0039943113125230564,0.004894741750006265,0.004286706297106573
C,0.12580843448131068,0.0644004193378201,0.10847179514496168,0.13999052744996712,0.10747279393215217,0.14646554065551792,0.13537881509830163,0.07059616363193298,0.09101659535404776,0.0470451042862395,0.008075321464926663,0.0035304331495796867,0.003424552642591785,0.004238399947931435,0.005259087721628635,0.0059662691718498535,0.004232478247141479,0.003836587000627355,0.004440123278198857,0.004214892567882005
C,0.12625563840374657,0.06419599203103785,0.10878718821686348,0.14047874526136864,0.10718351484132246,0.14606233777817412,0.13490890911336534,0.07083247627231545,0.0912561286969451,0.04712734747963189,0.007581027027331867,0.0036012443206639953,0.0033418094815798626,0.0034256825661727634,0.00521478304661115,0.006021319708319763,0.004444940137160865,0.003726630765117035,0.0042091398950450075,0.004155811643295598
C,0.12627730278156404,0.06399633151821604,0.10880912427216774,0.1406205938504817,0.10712879540876119,0.1458338001945943,0.13475821208626432,0.07088366992612662,0.09144828733001795,0.04716620878987017,0.007571119736301763,0.0036281340353842262,0.003345652419299114,0.0034341276527995314,0.0051943235179135825,0.005987490116880187,0.0043726120554057855,0.0036915150626526537,0.004196521535198349,0.004152540453654711
C,0.126148868263797,0.06410992210310047,0.10935483495387528,0.14144630024269406,0.10658888606879705,0.1457411029122483,0.13487018050124672,0.07140214327239945,0.09220657698164544,0.047442875089267894,0.007398413472366489,0.003767357429482464,0.00372788476967396,0.004490048750817605,0.00523384848867186,0.005912761473820985,0.004485486979227008,0.0039934738652182495,0.004470083804062668,0.004217374499658719
C,0.12665743442701705,0.0647162371232802,0.11014700370761274,0.1427735530632008,0.10603650657586638,0.14554405287623962,0.13488080786425777,0.07195059068159124,0.09312612233070497,0.04786450851649983,0.008206539096145576,0.004893421587503599,0.0063541148138414865,0.008259911306348644,0.005697927889947961,0.005902549220379705,0.004494255396310079,0.00532913890296859,0.006253077504264345,0.004009033688783519
C,0.1271784584891529,0.06567375940482784,0.11171220369655754,0.14465259623998653,0.1054104319139227,0.14522523523511663,0.1346960761241004,0.07229143073169492,0.0937602479998831,0.04816540100459305,0.008845634924154298,0.005823464968185499,0.009103427750687317,0.01098084420133091,0.005325725923428011,0.005750632664638849,0.0042043299263593145,0.0054380230706205885,0.006578033368791215,0.0037628005073256834
C,0.12798389864654813,0.06643633868784037,0.11324098583077065,0.14607880560915662,0.10523516059176456,0.14500618134861326,0.13425313627143498,0.0722443691512764,0.0937129271749739,0.048190243760005594,0.009311047084999967,0.00686344363676132,0.010758079648503614,0.012409949135944192,0.0054408264607323014,0.005859080689028282,0.004193514284387374,0.005442392116456697,0.006576093543531507,0.0037531341580879555
C,0.12933477295911452,0.06761423763112731,0.11493772470920112,0.1478126763115391,0.10526275186250529,0.144702339731883,0.13393833377503145,0.0720206264752646,0.0936959555991019,0.04810720010347594,0.01013295703302899,0.007797857551457106,0.01238381211972736,0.014032100227189905,0.005436709520490956,0.006121303550967853,0.004377144249590594,0.0056149235272927945,0.006576945302276133,0.0037731247896419756
C,0.12980613120161671,0.06820075929366047,0.11616843914616445,0.14916771505739673,0.10527981403825963,0.14391618721472735,0.13374858759733638,0.07155018599135353,0.09376680790639726,0.047742276845633674,0.010712510209249938,0.008384336621207298,0.01323333108031831,0.014897799473954722,0.005453316733816991,0.005360201741141085,0.004318602128897005,0.005643911905786577,0.006565717818406759,0.003573937418217653
C,0.13024040518467567,0.0686412741287733,0.11769973350630492,0.1504371902096871,0.10484944754483219,0.1436156072506199,0.13341933461150993,0.07188404752059463,0.09387956534464764,0.04751508650285246,0.010729900183530712,0.00830605150523764,0.013511706882137941,0.01529969486348156,0.005750159842329728,0.00555729296910503,0.004329661231122968,0.005817812614300721,0.0066743049523554625,0.003577939036570977
C,0.1306542227156945,0.06982783680290318,0.11924124342104833,0.15220781480496065,0.10412412191566056,0.14301094189172242,0.13331662202646058,0.07188928199715883,0.09409784931021101,0.04744385971663469,0.011142400512236264,0.008863020867065243,0.01409991796145257,0.015707942639605243,0.005299078016397809,0.005284220458918085,0.00436583372751531,0.005818130146421107,0.0066050939100400176,0.003600818602283455
C,0.1314891123043303,0.07076449098730406,0.12071627209587055,0.15392445847241293,0.10366144214960116,0.1425029735698403,0.13293959951360407,0.07191553084044879,0.0944208502091567,0.047563101778805426,0.011676780461460432,0.009297855551191942,0.014660139655738473,0.0162085260726897,0.0046963993018611675,0.0051444691145680335,0.004239569242264934,0.005800996257479135,0.006462458332921923,0.003529538417140027
C,0.1319870658167901,0.07182048047821646,0.12193913976567576,0.15494173379809834,0.10276708860722268,0.14187464561469015,0.13236018825383897,0.0716142076182574,0.09380674820894201,0.04724565995524675,0.011668986355928687,0.009346154475436548,0.014628148530379678,0.016194568214061667,0.004033914203753519,0.005424685664490359,0.004350805182110066,0.00604685954982696,0.006665628756642748,0.0036608489946219494
C,0.13388056147918329,0.07249129123116378,0.12325892340121025,0.15611370021556786,0.10347588925737902,0.14216375442347368,0.13266417839711656,0.07174474953992067,0.0938597418598123,0.04672042034158344,0.012238237716615792,0.009338837603515466,0.014431651837149295,0.016255999153418133,0.004921041133544729,0.005440424961755921,0.004270687109235753,0.005946224982098887,0.006665026949957028,0.003138445518161372
C,0.13571648058243413,0.07327303572857412,0.12459083678759156,0.15767103275067554,0.10391321338372383,0.14220340762719094,0.13232925084809366,0.07203252332796059,0.09439561035113105,0.04690390325198067,0.012261834412174521,0.009169887188962878,0.014286921455653911,0.016198131449267683,0.005231802453685299,0.005450375714070576,0.00422363623482445,0.005906942409238469,0.006749442557602602,0.00320370130114839
C,0.1370526999378192,0.07385838581334138,0.12572073814072582,0.1594070454263011,0.10429562326366024,0.14162140572917403,0.13225453508541135,0.07156348875847116,0.09495576914703405,0.04687865481421057,0.012568322378355175,0.00911268223973116,0.014157852079462026,0.01565335562187441,0.005422537524332914,0.004940809239049595,0.0042047128915553116,0.005692836446504785,0.00649724855445268,0.0032119598782058612
C,0.1383030914694595,0.0741019391118581,0.12754636452236684,0.16137949053258457,0.10519239384602863,0.141409909209559,0.1324114596990038,0.07164885134548277,0.0957650731368553,0.04666310617673898,0.01376274558264981,0.009172731216797533,0.013795727338816835,0.015653314229199487,0.006584721567650063,0.004444396370914585,0.0043765972441528874,0.0057823354893520775,0.007014709821750047,0.0028321572730137198
C,0.14030244100493955,0.0754183819438676,0.12947905334260784,0.1634291695051191,0.10582040440965004,0.14180189711245172,0.13305251948114732,0.07151330398875701,0.09572040615402877,0.04639007472099925,0.012684806105487004,0.008748235118600017,0.012742712780764175,0.015043179303345058,0.006659582381838378,0.004098610211936546,0.004174506463083001,0.005870437050935644,0.007004066530363811,0.0025884282968269418
C,0.14216039114025872,0.0765477054812791,0.131118692582511,0.16545854259250137,0.10647429892232532,0.14239551013324805,0.13374484264920738,0.07160473918284556,0.09630065485195335,0.04656586231617558,0.011793995324007685,0.008411550408528774,0.011887660491169202,0.013741270390117017,0.006523682873577369,0.004214379326020243,0.004426773339366471,0.005829205238415337,0.006456076783640948,0.0023756440618120365
C,0.14390100296098443,0.07754907887189656,0.13279185492373896,0.1673526990646758,0.10678422092617941,0.14305247011016606,0.1341378672230844,0.07210927128514674,0.0969049919398437,0.0468645095658912,0.011380234459419138,0.007684266796142423,0.01078527737475382,0.011917470495494143,0.006807822587017812,0.005276887850580102,0.0048111175968748535,0.005829123875350488,0.00594282908380791,0.001994725272261104
C,0.1460851107846647,0.07902402500109058,0.13438320759936884,0.16930819743362913,0.10721417558059416,0.14384090350281586,0.13470693549351845,0.07235474311816373,0.09721623045213694,0.04716267146762772,0.011571460726009591,0.0075926751619983905,0.009728154275124853,0.011387825681717924,0.007028037774832657,0.005960768746669447,0.005277314872788953,0.005741275401183921,0.005935053908430404,0.002497355937811656
C,0.14848379778674667,0.08038874671330522,0.1361434361558741,0.17166814248887624,0.10783241185281864,0.14468671230716135,0.1355101393395631,0.07255156680374866,0.09785128199662015,0.047585498634593056,0.011267730708242683,0.0066250456299879225,0.008415487340172209,0.009550442676137397,0.007362827411516608,0.006709477157332681,0.005487225623098782,0.005769759988073801,0.00573680880150272,0.0027788380558189402
C,0.15028703746380745,0.08176290785227991,0.13779019565336753,0.17371342714094046,0.10818356321945952,0.14500584238433364,0.13585189032825593,0.07246777128189567,0.09809255449816243,0.047818975252554685,0.009843959382934055,0.00530723763579706,0.005910541530152641,0.007073683734835726,0.007553906086327077,0.006845861628391305,0.005681775395379615,0.0058350617237444705,0.00562805405133864,0.002927622468080895
C,0.15127017992461186,0.08282189867364739,0.13939001471897156,0.1752799452191308,0.10865813420122931,0.14511432026430127,0.13593488602763595,0.07207283306306853,0.0978946920187924,0.047822554667271,0.00923021944681194,0.004895962279215169,0.004134573937105167,0.006001587264970047,0.007388943290883959,0.006935311531177476,0.00575918353512927,0.005674066819627103,0.005592738531785629,0.0029316140209523778
C,0.151985500876311,0.08319412574339582,0.13978409432243605,0.17570714973345805,0.10950479303753131,0.1456226625037439,0.13634718863221468,0.07141324459068402,0.09743445712701541,0.04786197430553109,0.009184579144316016,0.004837297930194026,0.004012532826706747,0.006160921843030475,0.006864051723979561,0.007200926440780213,0.006218269359247754,0.004332887196988787,0.004699186131472774,0.0029635701369364496
C,0.15329983179037338,0.08380302892821909,0.1401696347056837,0.17646964547612398,0.11018620781585013,0.1461884418458983,0.13670917349257,0.0712469387571957,0.09752670097324659,0.04822509785931842,0.00961620071627209,0.0051501011559979045,0.004383200006646144,0.007079005664136683,0.006835018119308381,0.007563071154006928,0.006605482552440558,0.004166327648777982,0.004825359154258205,0.0033578138152707167
C,0.15455967828934752,0.08409291250161324,0.14034757803149445,0.17742031896092675,0.1110876615322921,0.14722818918109856,0.13760266331315554,0.07142065393893486,0.09827046306445665,0.04901680494263958,0.009557073682020498,0.005221800542354397,0.004384565018471394,0.0075857823772823955,0.0066223366978839905,0.008060916458155673,0.006861151673828324,0.004236435401300373,0.005277671181974781,0.004602967176244352
C,0.1559580966078894,0.08475511606384348,0.14098494233109884,0.17860465506207604,0.11157133880633655,0.14835105462276094,0.1383414901059103,0.07216368784933822,0.09909752456745606,0.04972105016906721,0.010506186731724739,0.006024658243696392,0.005406672231251614,0.009076252630147434,0.0064910743279464715,0.008072774810308351,0.006627172645167869,0.004453616566430309,0.005698328513757215,0.005190597712628493
C,0.15695342912390609,0.08526800022572475,0.1417252865994813,0.17994454912963315,0.1119250446228461,0.1488498614327806,0.13887198208558274,0.07245685950851964,0.09989649735882881,0.05032528212938079,0.010562570246104653,0.006190965143265619,0.005770943888148955,0.009842044727251477,0.006627534758508249,0.007972872750016709,0.006626021918803655,0.004275997159212825,0.0059576131391648425,0.005451745144820757
C,0.15782821778242412,0.08629877039419499,0.14280779182350486,0.1814015423495006,0.11212983668183465,0.1492573626275512,0.13945736690305532,0.07240815105594524,0.10019248926395163,0.050657244833316586,0.009345609865078559,0.005459725037957335,0.0063490909229796146,0.01001434907601462,0.006210145288713729,0.007563825600063063,0.006340276548721739,0.004217257257366655,0.006164736006327618,0.00533617629415002
C,0.15762801530389892,0.0865046198861025,0.14300773820909124,0.18207831483476639,0.11176652897710866,0.1494322984385513,0.13993283148438854,0.07242886651124486,0.10056668267682216,0.05115821201621842,0.009645906722426281,0.00548930008154945,0.006293589852014372,0.009852965579290721,0.007028596041185765,0.007379308497954742,0.006022545186982931,0.004217653068906501,0.006006630344813236,0.0053094624846103215
C,0.15781618300224814,0.08688299006933961,0.14347554367743956,0.18279124360843466,0.11163481174648451,0.14983988889589878,0.14045198404374354,0.072613043329127,0.10086310433507095,0.05146147392244717,0.009466385566841725,0.005555631098077628,0.006413389024719173,0.009822572071352774,0.007163024894723143,0.0070141014661677294,0.005648722473730159,0.004115701530812566,0.00584928771396674,0.005210730932589932
C,0.15851049836664405,0.08727498781958061,0.14410599930036305,0.18362935933234675,0.11169002410665874,0.15073343013884982,0.14133537442125524,0.07331844032686921,0.10148523680135361,0.051737624764551945,0.008319858079304071,0.005493170015394003,0.005974389627133862,0.008886714232137997,0.007057370242657092,0.005937501744565991,0.004610517498428661,0.00375849007521216,0.004777760633688998,0.004877018163387702
C,0.1590768179040581,0.08801678001199527,0.14464642105814932,0.18430704413558083,0.1113081769454289,0.15130701083613146,0.14197133212679383,0.07372696168366968,0.10165341245963375,0.05186362503058427,0.008477106470080634,0.005291518884699343,0.005470222885542408,0.008163862256934863,0.007030488668497337,0.005929925833788254,0.00448780260502326,0.0036397348035408935,0.004576396248056773,0.0047346883623969795
C,0.15901479516347852,0.08883991568566849,0.14514371506126703,0.18488746993630617,0.11082328589950748,0.15131586878701936,0.14245491929808035,0.07340080094333083,0.10129642755875372,0.051752542533327596,0.008523445981922138,0.005053215910215639,0.005070289174887045,0.007655300444838611,0.007317049835331206,0.005919046797493535,0.00357180145897369,0.0038882653784434464,0.004915034287595028,0.004807888123165968
C,0.15805725125905903,0.0892197665378619,0.14548571393455517,0.18532113766031694,0.11013267366071493,0.15128875615698648,0.14275511819113745,0.07335480195916902,0.10128368117529041,0.051957842906820484,0.010117589728863157,0.00452115337276617,0.00456899233820793,0.007074348673494339,0.007932813867391555,0.00596891202890756,0.002925817021030799,0.0039362669005711375,0.004925712964016375,0.004624507558778443
C,0.15697729380733086,0.0897271982363255,0.14587097364108098,0.18545597852301104,0.10874996109893842,0.15082561189015858,0.14263568949804334,0.07312607803628832,0.10072431026608164,0.05176219531827129,0.010694491874491676,0.003824443690025806,0.004593521287628493,0.006999179434884431,0.008236599198624316,0.006364974109581869,0.003134234512777775,0.003761085432857664,0.004790365992414572,0.00478568587558971
C,0.1571505759540036,0.0897469925930073,0.14607260808033554,0.18523311516389307,0.10825206028498954,0.15134557788656874,0.14293556085623985,0.0739684363751443,0.1008188804852685,0.05146996224370395,0.010643096043871108,0.0038010609879536674,0.0044442432724705215,0.0072874821192416145,0.00829107371873194,0.0060182932861065404,0.0029374541114810943,0.004044885623570957,0.0047335754591421985,0.005269453061769059
C,0.15675589050148125,0.08975278603291567,0.14632405058492268,0.18520557422295597,0.10799889215957403,0.1512080140794714,0.14291893067363765,0.0740915135574202,0.10075710663577038,0.051161967959612566,0.010898050748580274,0.0037934728393299003,0.004246884390813779,0.007325140087442748,0.008270920717760628,0.006104691627496752,0.002944265850435233,0.003953676744505535,0.004810579578449395,0.005780341428169462
C,0.15647001532974925,0.08980694511157922,0.14613411663687348,0.18507480108912816,0.10777621963620365,0.15099329229624955,0.142857769163258,0.07382900602320289,0.1005561282123226,0.051129760986583214,0.010944885639034802,0.0036771716015767146,0.004545456863060898,0.0075615083285909,0.008115314999502566,0.0059723822950997615,0.0029672639238502367,0.003932636293447801,0.0050265410179364456,0.0058056568828632376
C,0.15572668029348596,0.08937699500609375,0.14600932907678693,0.18440355736337014,0.10764702056691436,0.1504621729536007,0.14258362574595934,0.07367241272917394,0.10016142296445443,0.05046197504978145,0.010648340478759167,0.0038295014068902176,0.004670889543648902,0.00813639981744081,0.0080218272299426,0.005957617626163702,0.0030776198980662804,0.004038728291549359,0.005352171031962141,0.006215857220386265
C,0.15418531498951266,0.0891206739034837,0.1456866691253948,0.18356218448075418,0.10665914691953908,0.1496170200483773,0.14196366991976703,0.07371072887985157,0.0997553377384903,0.0499399394763968,0.010726841628378387,0.004056936693922086,0.004872012614465959,0.008779033620037973,0.007951281421319937,0.005980468776154684,0.00378677430492508,0.0040571476692502035,0.005498633313635936,0.0063867460724425125
C,0.15383370113131137,0.08880065098939995,0.14526767918632244,0.1828390443853406,0.106140724791243,0.14917836961264583,0.14151962785531116,0.07373277926348507,0.09941312955822304,0.0495703517617377,0.010675661078344762,0.004291902831316439,0.005450698799721229,0.009365218857106908,0.007686476455937428,0.006185983905280798,0.004219849286444333,0.004022480319737454,0.00581225743101874,0.006478432493059218
C,0.15361525758293956,0.08855589896007661,0.1445066402977083,0.18224100564316165,0.10558399680031434,0.14882879136649108,0.1408648293202949,0.07393931515957762,0.09944122864004701,0.049815952737231606,0.010701259609589925,0.004304701501384433,0.0059172870027567135,0.009544399075386616,0.007748528408436456,0.006223876580753146,0.005024700921299711,0.00396539274923211,0.005801951794562421,0.00662412806014706
C,0.15273661217606863,0.08851750932343087,0.14415262826829925,0.18143700075526684,0.10477044045229711,0.14793217322162128,0.13985202275714465,0.07351953089406979,0.0986060193265219,0.049432077489559204,0.011006354891260513,0.004330994760367871,0.006243528449881044,0.010183856090221696,0.007767702788701618,0.006669169123896922,0.005696226550263539,0.004232312094233617,0.006393988331536528,0.006786532630226448
C,0.15080889583216325,0.08798635757156877,0.14340683777870292,0.17991312425629158,0.10316757578094608,0.14653357491552066,0.138695992157356,0.07318849488337995,0.0975828194952842,0.048602671275166695,0.01138124296135201,0.0045006548141777025,0.006633811114198558,0.010798240575709111,0.008483721156798496,0.0076334269644313816,0.006426234802168216,0.004441550402254155,0.006918107913298817,0.007050877167599093
C,0.14956401109363562,0.08751782713719274,0.14258433551838817,0.17830121764815304,0.10227839013148328,0.1453544728823976,0.13773131651272943,0.07271642319555666,0.09646995894712158,0.04760248918035117,0.01099820056505574,0.004928758728395616,0.007684887678345664,0.011501675149349676,0.007778469408485758,0.0071366855912898385,0.0064026049570541895,0.004740427663540067,0.006877250512404072,0.0063502471411973
C,0.14789848106637793,0.08680464508460214,0.14159767877894724,0.17672021298340854,0.1014972387655156,0.14393615371280985,0.13702196694413252,0.07181942886929264,0.0953858533458525,0.04661987524397935,0.009243080202133094,0.004381742385722562,0.00729859105095092,0.010492503815497097,0.0072925441960862,0.007081829484756975,0.006539150069432623,0.004879427129375361,0.006390770696788753,0.005773165899314015
C,0.14622930400369424,0.08621773849626138,0.14030017729996042,0.17462606641671205,0.10044407056087476,0.1427908527444337,0.13604291101643012,0.07106775603634216,0.09388888427101368,0.04566505143488461,0.008636219944955155,0.004416344029263363,0.007716069149519966,0.01019589096877135,0.006315285629742043,0.007526336460560294,0.006892772156600808,0.005777045114102019,0.00644419129101126,0.005312432449411708
C,0.1452325903036628,0.08581790634532668,0.13913349639232414,0.17300815001891787,0.0998905906627534,0.14185269746089518,0.13503326799262888,0.0702727497415143,0.09268338156831687,0.04512060725893993,0.009020857654395564,0.004236843771600965,0.006928234163111333,0.009120279811796885,0.006715326454517914,0.008282667150783409,0.007425933453329405,0.0059870377396586015,0.006077464404307793,0.005198919152978295
C,0.14568552740440915,0.08568354900441834,0.13882694835181003,0.17214176721263136,0.10028085378124936,0.14186654100131235,0.13457907492191268,0.07026433828640949,0.09210716869366017,0.04458114485712325,0.00904858577203932,0.004168027802516422,0.006879085933318452,0.00864226881443981,0.006551777732568469,0.008285160848193354,0.0073663116515950535,0.005983730165806877,0.005746795500586887,0.0046060226702462894
C,0.14540456294893875,0.08508291428059091,0.13792907229173418,0.17117095440101962,0.10043309927943919,0.14133671607941378,0.13406065897442748,0.06989127921165152,0.09179877157991685,0.044335587206818135,0.00898214005045667,0.004159942010029692,0.006587045770095855,0.007718978081275189,0.006651109725935237,0.008261865674842302,0.00724726615483229,0.006091989690239576,0.005443897866929145,0.004290480466149628
C,0.14433798591679436,0.08451850893758965,0.13721404678859458,0.1701633670953461,0.10036968541267173,0.14026770114463158,0.13333828711292592,0.06914400029070508,0.09115992427223715,0.04380983012626892,0.009570353865370572,0.00420394769697282,0.006470895620794688,0.007666214641183449,0.006674210374510445,0.008271276850900122,0.006965094604238195,0.0059636108555148,0.005399599547024968,0.00441899513315699
C,0.14323226535720465,0.08419679871050312,0.13655412552162335,0.1693246597107083,0.09991776802627768,0.13934358571176692,0.1324432600770898,0.06857753681348788,0.09055854340614065,0.04364115820144971,0.008072959741095093,0.00371453098464828,0.006372373251973056,0.007270870508896779,0.00643190166957161,0.007369561452488358,0.006247868349188636,0.005769804813981935,0.005312247686830925,0.004333440554631979
C,0.1432212742024385,0.08330855610038199,0.13591911097283244,0.1686650422935144,0.10073973560683006,0.13938897050481838,0.13214041124788664,0.06856558660040037,0.09080353453319906,0.04373715275908129,0.008061054338716097,0.003050944726865456,0.00606157541841909,0.006516878499910463,0.007588940550590718,0.007401585419687129,0.006046091488415799,0.005772407499910462,0.005545649370131564,0.0044390143155789985
C,0.1443024911359673,0.08329095856225258,0.1355495237740504,0.1682337812540044,0.10141055159892617,0.1394472722396728,0.13188300251030496,0.06818165496637998,0.09037579398689008,0.043534148441934054,0.00812702145042757,0.0030356379028360736,0.005923426210101039,0.006049252985548862,0.007798745121453734,0.007411535046568897,0.0058719996943241305,0.005992854714274982,0.005375405824164722,0.0042507286325453395
C,0.1445998555991735,0.08315655731989499,0.1348983633736967,0.16763165355376963,0.10190747129661024,0.13955060561178695,0.13175778056918738,0.06800281687269279,0.09011653178075132,0.04355406480733782,0.008115354512850831,0.0028412130041214263,0.004955301342727268,0.00509151272707798,0.007614863235798179,0.0074488955569574815,0.005804636079580065,0.005871655345371739,0.005191540626060084,0.004263278455849729
C,0.1436351319169839,0.08270525314428313,0.13419427161685105,0.1671688910029539,0.1019692292105618,0.13912997494885532,0.1307077044829841,0.06735774635595791,0.08982921953117498,0.044438745984873455,0.007890213269849044,0.003144725463867381,0.004500273271810689,0.004920760233798886,0.007625375682231194,0.006945674551002016,0.005419436228382573,0.004760812404530127,0.00484743598169581,0.005235853153976233
C,0.14365205800546432,0.0828194387152029,0.13419912838176068,0.1676724818749687,0.10176907466638688,0.13891694486110195,0.13042464891902766,0.06730308552943319,0.09016389580190096,0.0451072451125898,0.007895734337509145,0.00325932865715535,0.004512294527638793,0.006072318955343969,0.007562585620338396,0.006792457633179951,0.004975040731480382,0.0047097915030353136,0.005344704007009569,0.005359958426122094
C,0.142436496547844,0.08275163019201168,0.13385729252403444,0.16716380383560236,0.10108769081347313,0.1379777806020594,0.1297687501930568,0.06672590204337225,0.08958594736488448,0.04488168924458854,0.008378973077261206,0.003283443267444961,0.004514378837876319,0.006247879130882034,0.007273795820895785,0.006087296027340679,0.0043399687003220794,0.004846901071792822,0.00558713852936217,0.005401027115675207
C,0.1411415038210984,0.08285371554996898,0.13389918770319184,0.1671340228603918,0.09998349383758337,0.13726352482274037,0.1293317874068069,0.06654493427736019,0.08934546367349253,0.04486776340631309,0.008647718040301724,0.0033505621300279555,0.004576433122720384,0.006229463857169666,0.007169757262710941,0.0059904095645198,0.0038214106969600117,0.004807937345239532,0.00557593689388733,0.0054128442559703
C,0.14029648397880373,0.08269721935312008,0.13402376672413524,0.16753098612457193,0.09981614809690788,0.13677203121704934,0.12943313203977053,0.06617195730895406,0.08959434721004955,0.04499143696184002,0.009590239614512464,0.003404019649863847,0.004761385000233423,0.006585467898757276,0.007256262735943742,0.0060317853578669995,0.003920351292105618,0.004323300867335448,0.005878381926150114,0.005395107862730605
C,0.13958655782400858,0.08269750832891283,0.13419544930507962,0.16755956667771524,0.09983775662966189,0.13654205699861782,0.1294856919395942,0.06586060910637807,0.08941884324068824,0.0448464185240299,0.009211888007065712,0.0034040197373810645,0.004824638678547224,0.006591349272468758,0.007272915943168426,0.005908351480727481,0.003979736379843702,0.004432738387166378,0.005886811312263812,0.0054460894498854434
C,0.13884833297277885,0.08252048768451917,0.1345446718428656,0.1674969018869315,0.10022972385854567,0.136461132382585,0.13010730225672437,0.06551642149600201,0.08919253985484803,0.044139106796131186,0.008911453981028963,0.0033183433334757454,0.005031151722750827,0.006538161241482296,0.007449739723350607,0.005804377960718666,0.004746549754570835,0.003968387424701975,0.005651066220607221,0.00483084230220755
C,0.13862046307390538,0.08243925728922094,0.13496883869365536,0.1679328490575156,0.10071264912232285,0.13696242734561276,0.1309977560756205,0.06581768570386327,0.08969259470836916,0.044044449443086976,0.008921482788438299,0.0032714199390238272,0.0054106426132740845,0.006709167172265113,0.007528209599097434,0.006181940767983736,0.005611104141422671,0.0042803561003206545,0.005817365059259497,0.004871620220697161
C,0.13937663124492322,0.0826062263893517,0.13589675928428396,0.16930199269040455,0.10195777893990825,0.13792694202559003,0.1319890436824498,0.06640320667667547,0.09089060011255407,0.0445907054601361,0.008826200625660011,0.0033057858107171717,0.006472443522158976,0.007887398318033605,0.006729411131694672,0.006262072005018447,0.006004631398479939,0.0051549953242418555,0.006968258378520858,0.004833706898469876
C,0.13939055531554115,0.08297204477101094,0.13713994199998558,0.17048903600228082,0.1025403627074579,0.13852356693106507,0.1327579510258957,0.06685083245160267,0.09155731109393955,0.04466120356405785,0.008829254698917273,0.0032643530638872464,0.006760868619906195,0.007902012081281133,0.007055426733289235,0.006722056141911533,0.006501365103779318,0.005423634420636922,0.007119152846225785,0.00481724990604011
C,0.1402935081556948,0.08335548281214114,0.1383234091421019,0.1717116345936901,0.10343033878051563,0.1394890934526022,0.13351023592515399,0.06763206244607822,0.09245357617274992,0.04484904706546851,0.009974840863815991,0.0037324332133134804,0.00822366058851492,0.009301445925633079,0.007622738475571457,0.006918274164034888,0.006886425502730215,0.0058562894841925036,0.007725452602992634,0.004737365287828495
C,0.14196731653643185,0.08378035680864612,0.13997740299505043,0.17359630574915486,0.10428456458057087,0.14123844530991364,0.13487625067861592,0.06955003830378267,0.09435386281359665,0.04538307025463999,0.011419100168158756,0.003851603101766048,0.008796606301412628,0.009773635747510534,0.0077821381503933975,0.00834107140034136,0.007599888675307196,0.008097523484176777,0.008878580451224452,0.004679861935241209
C,0.14331752329347783,0.08404858095328066,0.14123899582078064,0.17536104349381626,0.10590781427817889,0.14277027318149568,0.1364728760897795,0.07068710229983749,0.09611228219431042,0.04592672409972752,0.011793288533493746,0.0040372221526445515,0.00948693261792202,0.011001504962592184,0.0080001336860203,0.008319302182393244,0.007999613911636366,0.008430305232242316,0.00990583245606241,0.004774831112831927
C,0.1424561550126378,0.08406453182099148,0.14204907234417571,0.1760307285332843,0.10636855383010817,0.14287296363051685,0.13713886851710452,0.07073305391558189,0.09651083294484593,0.04573325866547576,0.011863126029793149,0.004047728032803073,0.009779432813105423,0.01099006582528968,0.007981545896246856,0.00834020527899001,0.008089783287554173,0.008442764408564748,0.009812852609098092,0.00489172546155131
C,0.14206438661888568,0.08479249834507226,0.14347338612249744,0.17712240438211435,0.1064309282845837,0.14355172523557652,0.13808083213459602,0.07129093183042601,0.09685093232089548,0.04550401896279028,0.011906325282971572,0.004439547838571491,0.010216937873292658,0.011387042264118272,0.0079847534108187,0.008359911024584783,0.008389686534161257,0.008387198800892752,0.009850374254260467,0.004900725690247564
C,0.1432880095229411,0.08536007110255875,0.14478335365964026,0.17848215405296344,0.10737495492756495,0.14504470542466552,0.1392026599640108,0.07226362945384007,0.09778033945134341,0.04583257141809562,0.011766737079252035,0.004366073745380011,0.010274879309466783,0.010996969336520605,0.007970254747352705,0.008478874004099126,0.008630668789052567,0.008505823933569924,0.009606304464648767,0.004579666037063846
C,0.14405892176439125,0.0856726787445655,0.14618415843748683,0.1799328402442964,0.10854559541567707,0.14586034965401157,0.14021222231412991,0.07278027198881595,0.0987120921462657,0.045882538565809164,0.012324184358033705,0.004695425633701905,0.010243184478269402,0.0110202642323601,0.008383191850002105,0.008564943526610974,0.008586428490341,0.00837407962555685,0.009280174196738959,0.004567655306080969
C,0.1437712708925479,0.08641265689342167,0.1475786824822665,0.18129453032442946,0.10815485714768158,0.14604248997867755,0.14092456849624294,0.07331524542162103,0.09924124918761885,0.04581296963219783,0.012205433559923725,0.004494862089425832,0.010242244045773846,0.011418609660204934,0.008091031280473875,0.008584092054394898,0.008579283899570576,0.00834189170230959,0.009539858770941052,0.00452281540038543
C,0.14305381081948937,0.08639929107906388,0.14842449624222373,0.18213269603295157,0.10806045395017123,0.1466480936605459,0.1418344372204418,0.07434038941307898,0.10028719434121562,0.04595359431043955,0.011939141501124571,0.004497147330496054,0.009797808928788624,0.011242381156455586,0.008077743252417257,0.008652665232248714,0.008704265288425094,0.00803902391250542,0.009449616868708446,0.004558691134244448
C,0.14354633888387616,0.0867442144191882,0.14983123056466122,0.18357891872995652,0.10871018008604752,0.14726256194820184,0.14292447090948524,0.07504740180699401,0.10134226670638162,0.04579259382992139,0.012294064105902437,0.004722219926967946,0.010044370867329018,0.011544244517660097,0.008228225332026818,0.00882201514062762,0.008979161906872053,0.008273109232214476,0.009575669157261915,0.004595883155307871
C,0.14454858834228929,0.0876087226250897,0.1513010081610635,0.18508550627259351,0.10948878142836191,0.1476920576844729,0.1443236221673829,0.0753569347713062,0.10195756839749912,0.04507756492751803,0.012481196821151855,0.004315419234267394,0.009235125555766423,0.010921028434747664,0.008465122718357303,0.008849338156342606,0.007840897890654714,0.008208412004614755,0.009421139802235693,0.0036450577222049687
C,0.14404287218472828,0.08766499640542108,0.15197616313999088,0.18568165000571807,0.10974255512792408,0.14771714307392697,0.14494561827085636,0.07576789432295937,0.10256210363649573,0.044788673226300396,0.012600778853507058,0.004315990591491021,0.009272480360317473,0.011222730621026307,0.008319125375661702,0.00883339217954533,0.00763842645844794,0.008195934249035513,0.009718092178189272,0.0032584319298876387
C,0.14516154737266238,0.0879721071167787,0.15330430084685054,0.18731967364854754,0.1106818565039654,0.14900071586451574,0.14625219115554258,0.07688863960582938,0.10400583780077907,0.04518023016588153,0.012078434399458111,0.004036291614184546,0.007916187885655792,0.009667851263460899,0.007966064268383963,0.008592950916718651,0.006828131774664532,0.007479050033218311,0.008608250288377434,0.003340360459909346
C,0.14629975156007474,0.08827553675552918,0.15419489409173054,0.18845966750771811,0.11196553115349717,0.15000284373331488,0.1472572188305396,0.07740241140167231,0.10489104956179676,0.04541127360081642,0.011372106188163068,0.004104490137843993,0.007474807342368025,0.008960299194862499,0.006489692521280508,0.007578751123253983,0.005761423738092653,0.0070444524623140105,0.007710439895229372,0.0031379265449554476
C,0.14854071561789206,0.08882686273605682,0.15491682349939934,0.18954026532058488,0.11335227215210356,0.15156878875034377,0.14827628092086234,0.0782948287782947,0.10585568892447746,0.045871795048247774,0.010782816000246755,0.0036823555476053894,0.00695470386660271,0.00882107002300772,0.0054961385953706116,0.0068105265197957315,0.005124647060542148,0.0069982737898297755,0.008099881451696966,0.0037225984410664227
C,0.15017292384775827,0.08935569085356523,0.15601063363418882,0.19100826957523787,0.11458993175464627,0.15264057420439714,0.14922522477779437,0.07910849288590693,0.10701838416747775,0.04622152729543412,0.01148896580419258,0.003520583866616457,0.005761988374496666,0.007681093612845264,0.006342366879378602,0.006179292183864899,0.00413846075216526,0.005831180847100759,0.006966866678373258,0.0036287619413957043
C,0.15160912489608433,0.08974844822489036,0.15701221097826995,0.19228635431612695,0.11545648516716393,0.15335116921738665,0.14974106133314313,0.07983448408587773,0.10801037984524546,0.04654173096005816,0.011362512210183164,0.0031485124307365497,0.004663043188542119,0.006531297365047895,0.006466384917326539,0.005863831866622832,0.0037555586037389234,0.005268988805426791,0.006286943953873698,0.003513059778123657
C,0.15294100357585494,0.08986153730829856,0.15766819267834842,0.19347299461853532,0.11629517796015812,0.15400973879182994,0.15024272869754038,0.08061500401081532,0.10928508561812245,0.04712272193021551,0.011018186245291644,0.0029595428610921203,0.0035234428850584422,0.005254480991602587,0.006339116736200712,0.005766877849970723,0.0036895297687521314,0.005347079863830126,0.006377414582531048,0.0035185133381829326
C,0.15381339061232882,0.09002561223712321,0.1581606403201458,0.19407446093606673,0.11732632254781084,0.15474552556185422,0.1510459322546783,0.08089232299768831,0.10976445578759922,0.04712641723238432,0.011080460313308378,0.0027626405235470324,0.003310263608504783,0.005348690951747311,0.006766169331667872,0.0058412905167329904,0.003921616004115302,0.0054003558515343985,0.006648420337600163,0.0035209865509575095
C,0.15393710812883413,0.09020390939167013,0.15860372928022795,0.19478891471886323,0.11744194363437262,0.15467919670418176,0.15130657446161785,0.08115389600156767,0.11037407013499904,0.04724326581696906,0.01095493166317668,0.00261295119848015,0.0028082622716530657,0.004567065304624363,0.00669235624036492,0.005911036748772851,0.0036124988840577185,0.00519647718843711,0.0062233227557980395,0.003460334733724331
C,0.1532077785709196,0.0901066058042109,0.15880232647864562,0.19507815505291332,0.11713695708400658,0.15483899253042646,0.15176332070536389,0.08148240243904745,0.11078760464812784,0.047373503340320776,0.010959304646148652,0.002607713973726983,0.0029537056080467094,0.00463814440168809,0.006862277383112064,0.005826259539579617,0.0032272921261107764,0.00520558164109598,0.006192920756313412,0.003407078238974602
C,0.15223330515438965,0.09003097547273473,0.15854720286117097,0.1948944836736623,0.11648892191328357,0.1546035594850395,0.15195639572772665,0.08148703555930778,0.11081482513224661,0.04734427043045873,0.010539284575747003,0.0026635220378497635,0.0031693471227532094,0.00475286483905997,0.007703692361091691,0.005536723507214341,0.003327868360874148,0.005218457990299348,0.006223242554591157,0.0033873034336383994
C,0.15258433156596762,0.08974195576581714,0.15841722846277867,0.19451502402430482,0.11722625179667408,0.15519334031532483,0.15230622952785827,0.08162124402947454,0.11073643687911228,0.047167801492178085,0.010882172616261229,0.0030147570719395744,0.003232511805960828,0.004684173524647876,0.008853027649758607,0.006350746063085203,0.003813849863276344,0.005312654857493137,0.006137699443538844,0.003232883310869401
C,0.15382821347538295,0.08980449010050898,0.15855409901004566,0.19517095348544528,0.11799297160266602,0.15578614942990307,0.1527383037668422,0.08194426312486335,0.11149967880437994,0.04764375783213163,0.009993980060942523,0.002967312681966288,0.003063205782961333,0.0037372421349668628,0.008894569053399007,0.005963947381655609,0.003375543203407646,0.0049932359956997106,0.005412294427693222,0.002976690985423468
C,0.15501602282971347,0.08927896291167209,0.15827747508394824,0.19510981573288316,0.11859294637335457,0.15646737830224447,0.15317840073218222,0.08302696215736845,0.11252757756370899,0.04782627766672547,0.009315867237429044,0.0031065667596529545,0.003161552325250669,0.003805166650235187,0.008560523295532765,0.006069011257757587,0.003515469425749742,0.00581356618318952,0.00530330658875194,0.0028013226677398254
C,0.1549806093968891,0.08891084816059884,0.15821930116312438,0.1953099716735201,0.11890312298945124,0.1566033888425064,0.15361110041290577,0.08340840906939771,0.11320702584302278,0.04795615896517032,0.00932267045112813,0.003400078720435818,0.003182622244892966,0.003531294257947998,0.008581311172398532,0.006173962986422711,0.0038244193440931953,0.006015502781072796,0.005038155294412041,0.00269398797951914
C,0.15452212353751932,0.08819835209702352,0.15771559830862797,0.19484921259192772,0.11899000935282653,0.15699158650849507,0.15402212472046273,0.08405445217023652,0.1138022499058576,0.048058662904031706,0.009285394182380825,0.00384529055226709,0.0037284868468980574,0.004220332185818463,0.008626484462883199,0.006273308439928073,0.00379414863700391,0.005826211315669614,0.004632679755188188,0.0026275519965386494
C,0.15457106167288176,0.08752197927540958,0.1573280620728985,0.19419004867788708,0.11951785634587593,0.1574463260288059,0.15446735522118651,0.08467071156655297,0.11410232176571344,0.047694628999810425,0.009243370889217967,0.004250794451697003,0.003788030002148516,0.004749242955173787,0.008417525203082293,0.005976532783641989,0.0035282329353784623,0.005793820922369598,0.004496911897149183,0.003066787956309817
C,0.15454442163436108,0.08726165534466063,0.15695034745534717,0.19360529572632373,0.11990451886441571,0.157598603287106,0.15456109187214262,0.08468417026564568,0.11397529832858914,0.04742486908571933,0.009283934797582702,0.00451749028439195,0.00465759679999044,0.006052029916251479,0.008063593732267638,0.005909335957942804,0.0034770750321964795,0.0057871191285285666,0.00466071354915323,0.00322201701463808
C,0.15339578059631984,0.08659435443460838,0.15623876885650315,0.1923091969617117,0.11958172146493447,0.15753376387498733,0.15437260129392907,0.08461220533250233,0.11332896276256854,0.046966602861084956,0.010281916061233137,0.004601218268765807,0.004466722378189801,0.007263335762700847,0.008308090681552483,0.005938958659365723,0.003522432361959548,0.0057983425861066066,0.0056181885892043,0.004270660431056101
C,0.15281612779661552,0.08585053055617922,0.15563546934095257,0.191421709006472,0.1193249421241154,0.15779843509508729,0.15463823706589985,0.08521168846897181,0.1134967553395018,0.04669845630801569,0.010422992830002599,0.004595636788690389,0.004730900852153881,0.007961527782262036,0.00838794404468996,0.00581806945003477,0.0034403787781958884,0.005550920585725168,0.005426232122361831,0.004617594842911886
C,0.15268408428492708,0.08560063229538842,0.15519102945717111,0.19032928522041145,0.11938045017541266,0.15846376082036787,0.15488042675262126,0.08547304234589462,0.11288952207532432,0.04619106844888202,0.01064607196545124,0.004594611588096954,0.004819830485327883,0.00860147645406207,0.008311678623741636,0.004656648308132832,0.0031460442189914606,0.005393025432708185,0.006086549626996499,0.005123364323649327
C,0.15205234135298995,0.08519995244113923,0.15476439935017836,0.18961743790972163,0.11937477685600477,0.15836397924006423,0.15497483753165903,0.08567499898771433,0.11284383283772863,0.045753505179019924,0.011148033499860075,0.004792731000972576,0.005002169388001506,0.008936420548347127,0.008313650842323824,0.004653415795092847,0.0031518984306116685,0.005354240540537487,0.0061063817297828124,0.005187658936403991
C,0.15144353111667846,0.08461514166113479,0.15429812378309696,0.18886030804474463,0.11944584289641644,0.15881172400016905,0.15526140229932814,0.08620000455432711,0.11300037860273723,0.045611143962995065,0.011576664348747599,0.004629201262869791,0.005034910879228103,0.009211888375655434,0.008289234990431337,0.004378725195411771,0.002952034188626781,0.004888108711068799,0.005941846557827847,0.005251421625562784
C,0.15048332292527228,0.0841046264815774,0.15400122368196878,0.1877883638593542,0.11944636061810254,0.15864142646851276,0.15527145497627468,0.08606375757538735,0.11226921557419163,0.04475502433528934,0.011037292022183764,0.004447148442155681,0.005066729109015151,0.00925638950162595,0.008289409347739718,0.0042809417521536336,0.002949957237220924,0.004918254818985262,0.006151665646788655,0.00510971735170044
C,0.14876240579384759,0.08344056369322617,0.15367806420771038,0.1871222474160124,0.11862121154001348,0.1584139120849185,0.1553407934695607,0.08663535556186439,0.11252002610194109,0.04444267988179324,0.010450298425227633,0.003996567152252346,0.0049114478244575805,0.008931871125391639,0.00797386529937046,0.004375844275757743,0.0029219504523184557,0.004556733209929053,0.006185672890933398,0.005058389515838335
C,0.14743849536791737,0.08253849567763019,0.15248412955562593,0.18562229012458714,0.11859994548982752,0.15883699975076876,0.1559153425926506,0.08680458365228198,0.11239562432247344,0.044135560059606206,0.010075230260716616,0.0043612632614454545,0.0058464697527957086,0.00947564271391823,0.007958429745664068,0.004659972488280149,0.003261840098912515,0.004459350818906083,0.006201934500250173,0.005001419403881446
C,0.14535068614400043,0.0820670354185814,0.15192248990435236,0.1844894492855363,0.1182667527545423,0.15882571595909073,0.15602680409155387,0.08655879473156429,0.11182423019538006,0.043786306504853836,0.010981825867508146,0.004487504644268412,0.00594465439165316,0.009230853198084454,0.007894287289640447,0.0046588443952275925,0.0032502749289185016,0.0044911268016959,0.005819758914986966,0.0046224261255174304
C,0.1436062002658805,0.08144247861033556,0.15110312718480856,0.18302296839541457,0.11781592244299968,0.15882827791440526,0.156085334779752,0.08644607624932713,0.11113305174686154,0.04320355624696206,0.010827206013302762,0.004466513285199223,0.005712231953887229,0.008874832034222619,0.00746658887275089,0.00466078029412384,0.0033268998857242855,0.004567538235071614,0.005865889220520016,0.004597801193917583
C,0.14272741805742956,0.08081071370648857,0.15004282502514638,0.18170077115000843,0.11794449401706489,0.15951802828385192,0.15673894763151058,0.08628376462337412,0.11063443612297921,0.0430059162376089,0.011459762416750417,0.004144132054365639,0.006042189473806984,0.008789746353145562,0.007426010093798211,0.003955438761804749,0.0032147949954974427,0.00485951361826538,0.006212038166214748,0.004534593881535981
C,0.1427300672684664,0.08064026762739898,0.14920597641913785,0.1806802692859659,0.11860915551517384,0.1605464871888987,0.15754674396412996,0.086155660739261,0.11016307786409488,0.042898574156462296,0.011460574089690137,0.0038502129873369843,0.0053351893665451984,0.007862993601178618,0.00732085315063871,0.004778723647415962,0.004128549862309216,0.004931562966226676,0.006276395679921205,0.004458658293313036
C,0.14263549345965887,0.0805391216844628,0.14902533109607624,0.1799283957634295,0.11943878323228407,0.1610974409597541,0.1579378741177191,0.08558964431300213,0.10921039074542557,0.04238726272310518,0.01142767957614402,0.003695622388809979,0.0052459455681311724,0.0076306672956740155,0.006103187754676525,0.005223954540750889,0.004283563199092316,0.004386900000692123,0.006459631684512666,0.004270206637019662
C,0.14202927598379195,0.08057898703712256,0.14853398737507767,0.1792622991196717,0.11876173697052214,0.16095131185248887,0.1579694134007315,0.08520122379888138,0.108486928219977,0.042123140077006925,0.010429951075183979,0.0037319644132255774,0.005061583697596782,0.00713367724176325,0.004689987886458533,0.005038439366423548,0.004305243204644308,0.004618743509019343,0.006386072349119746,0.004048497376157285
C,0.1422469818036167,0.08045798332126318,0.14827701369935606,0.17861347328981197,0.11885749454344607,0.16160702554021975,0.15835104511853823,0.08543349593841568,0.10813706519951834,0.04181591777162863,0.010803783998546389,0.003518312889858264,0.004801817349254557,0.006168146226943651,0.00484871328357736,0.0053757025238082064,0.004202298378547133,0.004461310656571095,0.006306069915928198,0.0036111140072483533
C,0.1424298807251299,0.08037781685475234,0.14794758982477899,0.1780647656831999,0.11945577710737525,0.16203648206165408,0.15856973442111055,0.084880922485443,0.10747146096764179,0.04165453587990733,0.011141799800232373,0.0034663852183566476,0.004581592145400288,0.005558650085129004,0.005567777863046068,0.005860331611766425,0.004314321167198406,0.003531665093124189,0.005486011399782384,0.003454176351167257
C,0.14256351483039864,0.08038506652770519,0.1479177061927467,0.17752384627400564,0.11973265946411878,0.1620919564424173,0.15823490848485822,0.0846273897829679,0.10679431621468904,0.04131496561208114,0.011281179369927133,0.0034716324186102082,0.004527221975885974,0.0046015467321883505,0.005839570345513702,0.005870825996467058,0.004422279262937846,0.0033189533751195057,0.005003181469423717,0.0032475583660768765
C,0.14214917605432942,0.08092646004137448,0.14857210617672828,0.17747771161254866,0.11932255083789253,0.1618157460061394,0.15774572269298534,0.08437750547006043,0.10588561636589211,0.04089946160310083,0.011117535007079352,0.004037478386751119,0.005503792999183199,0.004533734895067281,0.005793032844937046,0.005984696192636618,0.0049678134745700245,0.0032074775581077113,0.004867679172210673,0.0029743348772495373
C,0.14212206048648596,0.08156997812319675,0.14890344254901372,0.1767687430935089,0.11895545447474201,0.16230390442122783,0.1572372147281776,0.0840623326089205,0.10420816053220287,0.040993546485156906,0.011106129672096343,0.00461136322453717,0.005946227160873826,0.004515480086028247,0.005896737386318865,0.006032695334430053,0.005554147675264967,0.0029142047923117562,0.006852485076433549,0.002999386934940573
C,0.1428690187545912,0.08220512149409046,0.1497139451519661,0.17713227251618135,0.11906867281739739,0.16263885578968953,0.15729163291249834,0.08411028263918943,0.10368687305943727,0.04071235669703159,0.011447908735098669,0.005226137986362206,0.006269573209411763,0.004728063638967263,0.005861204829024827,0.005880923603126873,0.0055229002926901055,0.0028864604683064613,0.007025004784274858,0.003056231715439179
C,0.1436480260630616,0.082287615527617,0.14951802760444072,0.1767569857361926,0.11893785974356504,0.1632426349609402,0.15731748510052532,0.08472579544009265,0.10361346438421977,0.041021648015012194,0.011346440344743539,0.0051986234171797745,0.006296783002784167,0.005248912277637065,0.006080218666695239,0.005597758051085848,0.005498006084024101,0.003767499816254345,0.007075078700306274,0.00265159349805058
C,0.1440855958321765,0.08306404633306715,0.14958418710801033,0.17676726860821065,0.11789138845002638,0.16374665438735672,0.15733218469671237,0.08565640118915191,0.10373946824476614,0.041360329979044555,0.011548975074709825,0.0057526520088885145,0.006286276196196776,0.005249583267351814,0.008216131536843582,0.005522824075335937,0.005495087180304442,0.006147650470129986,0.007187400373133419,0.002726778001026669
C,0.1446046138777653,0.08285092383178491,0.149384312243786,0.1767024310108208,0.1178760603420959,0.16419453438755632,0.15745869074759353,0.08615183902907357,0.10407954854048718,0.041751643790912556,0.011298056762730482,0.00582053996294338,0.006332832540729233,0.005277709230937597,0.008234024668171525,0.005201241380233369,0.005426715508890997,0.006438955738267121,0.007204059400386796,0.002559954633782555
C,0.14423981585773205,0.08261575892376731,0.14921656324434712,0.17630749534709653,0.11725597404208801,0.163722433631794,0.15674478760646454,0.08618425763660165,0.10379795056949255,0.04174725370109496,0.01163772300731596,0.006058585568637519,0.006395183308216086,0.005405285541877941,0.008769078634797624,0.006127436428337259,0.006412472289032723,0.006442568384974827,0.0070854732995654975,0.0025615905381746224
C,0.1446571740847274,0.08253158635729115,0.14871071544775175,0.17586021061400575,0.1165159099825707,0.1631836637210296,0.1559355079448528,0.08626343536264962,0.10356428858228228,0.04185961626363823,0.011543572277569662,0.006100655633063602,0.0067421865311371254,0.005583614191226689,0.009342582076021481,0.006837703268070828,0.007416429429100162,0.00645740470531729,0.007014603990665216,0.002615464265423705
C,0.14451061334961482,0.08244675999538427,0.1479191800009023,0.17538661365756408,0.11551100908948861,0.1627573981036127,0.1552869150625619,0.08609084350108859,0.10331047328623175,0.04230214552729288,0.011522435806594811,0.006134825602614051,0.007369389139000962,0.00584370498189383,0.009744759270579393,0.007303331658661913,0.008032721471052481,0.00656918890528325,0.007100470316767775,0.0025854770277640377
C,0.1445357054863736,0.08274562211855055,0.14660399381123673,0.17412776741229907,0.11364213991994818,0.16270803430805436,0.15505245155770211,0.08667143404443464,0.10299024275650208,0.042444166974823554,0.011504578291569796,0.006153747851735128,0.00859034002407049,0.006284027825967018,0.012937267732796135,0.0073624326490495315,0.008111167420973401,0.007281295415632626,0.006663708497483402,0.0026590228662124057
C,0.14411086724467673,0.08451611815684647,0.14596936873188174,0.1733083926028236,0.10999729521401991,0.1614900522422184,0.1538696346373661,0.0880999277641317,0.10307010395767073,0.042271464486832375,0.011896816687174815,0.007769564400698388,0.00968121049183489,0.007888462409896869,0.01851940025162054,0.008639414139256207,0.008549427479418878,0.009452543418117642,0.006760943609934819,0.002781793477348072
C,0.1452162313980693,0.08444401239659169,0.14543589148654676,0.1726420293479411,0.10883770630756773,0.1604560259064333,0.15245678844351598,0.08800788038855387,0.10233077111440488,0.042063531315756665,0.010655272656224521,0.007850786923154718,0.00997867537831557,0.008210513403100006,0.018792026930044167,0.009986130600861653,0.010143290125887983,0.00950429610654518,0.0067255780096295206,0.0026717375054914265
C,0.14481152588590923,0.08564930220261704,0.1442094735347092,0.17148776990150277,0.10549312633111112,0.1590192204717394,0.1510167315349637,0.08885198973721456,0.10198035927252724,0.04216168286269432,0.01142723565917467,0.008249922685503558,0.011370511179541163,0.009790280353829395,0.022034766791863072,0.011551444387405954,0.010855239153662722,0.009707808452261761,0.0068023945197060055,0.002548822228886974
C,0.1446481047322265,0.08511051934607759,0.14308638364770454,0.17029710670431122,0.10379105663515073,0.15796582149892924,0.14949260082909027,0.08944863092311499,0.10189663475029298,0.042279885129515485,0.011709850482074827,0.009104422815777582,0.01291838469693522,0.011270450596044356,0.022406044737293435,0.012204291554897847,0.011283278050971407,0.009272689721214242,0.0068155578951973475,0.0026197130029625734
C,0.1433968222333672,0.0842413493731052,0.1412912981946998,0.16814633216147157,0.10128871996607722,0.15597981480586548,0.14709036018149804,0.0898485117862037,0.10128980639312535,0.04216694938552064,0.012760057735249712,0.009790189818214801,0.014745381001378404,0.013395024559534827,0.02282718785932603,0.012686248738924657,0.011892709633153364,0.009122061972431225,0.007062940834137532,0.0025450589222107203
C,0.1414460922078317,0.0834781843411072,0.13924982010955023,0.1660467397021354,0.09866983466973236,0.15387835102508932,0.14530678143185952,0.09015670198850194,0.10112715280341851,0.04197342020574154,0.015035510197676683,0.010258152334599951,0.016166907018078196,0.015285655359651117,0.023804313927710975,0.013577691024538307,0.011999281947052624,0.009046585929591249,0.007152189533286962,0.0028915695342039372
C,0.13938254592682225,0.08365820293407437,0.13745622409664737,0.16368657264119124,0.09522267272199376,0.15220120263212208,0.143575067373798,0.0912589064792015,0.1007353880373629,0.04166226064064829,0.015940528036264754,0.010303246129204672,0.017291466605894153,0.016762369524059705,0.02491154259454622,0.01403134134778059,0.012076542006990541,0.008940920137979735,0.007292239325111178,0.003081606915382368
C,0.136959303757083,0.0827155681884866,0.13562732879106237,0.16107907095186275,0.09222763137056643,0.1497793353241643,0.1409550757709523,0.09110790043221764,0.09939069938224673,0.04121791882020599,0.015918841010621604,0.01091663035687368,0.017710486996693437,0.017687429142313544,0.024426245944952005,0.014819480117362869,0.013632857863145862,0.009077201621138781,0.008524225809100113,0.003295357663588407
C,0.1344949235417105,0.08256882680781899,0.13362940635666426,0.15802730578770888,0.08851349577784921,0.1476370083383045,0.13837441959984964,0.09131035522215276,0.09762074527150952,0.040978125138304684,0.015274918205819405,0.01094658125104515,0.018445755556786327,0.01944706817367144,0.023827842092357665,0.01447952666215543,0.014124260440892192,0.009013873787890566,0.010012406698541086,0.0032909297134111116
C,0.13179681984345376,0.08173185236917811,0.13120922137688767,0.15513596314799588,0.08523888239858823,0.14535046298619334,0.13594141541615515,0.09067825638829871,0.09592144616042148,0.04073528069688433,0.01606697195442696,0.011509773196094726,0.018537512984905608,0.020050440528726437,0.02265278122015744,0.015342944692984684,0.01541608813776275,0.009833706302888611,0.011536425357758378,0.003516196165301716
C,0.1291722737557002,0.08043989644171196,0.12813265157180406,0.15174437819372721,0.08208687699932436,0.14316752292547802,0.13382980974528777,0.09005570119979736,0.0943945047804487,0.040459499764874854,0.01822436279101633,0.011951590112371678,0.018230088737476148,0.02065086699590283,0.022526700109721343,0.016618817647573267,0.01649329542269785,0.01063268691341275,0.0130795538346261,0.0038427838106128375
C,0.12424869176458368,0.07859946114910417,0.1251978447976448,0.1490576948447944,0.07887100009960671,0.13934645213839938,0.13147752531559387,0.08893628440541773,0.09370843878009309,0.03971798477127764,0.024934166783808453,0.012897275476601987,0.017627297978438698,0.02155701739832151,0.022357732165118528,0.019167619699262645,0.017841084146239077,0.012272237397760857,0.014068840723034721,0.004681560568866086
C,0.12171531685255707,0.07728059366479804,0.12221645668188122,0.14596696220861796,0.07597084772684234,0.13711259221839606,0.12923551146182796,0.08852884962465277,0.09260949290021515,0.03969528880003046,0.024232451007975612,0.012704477367116242,0.016522130886471045,0.02084726266099411,0.020760045565915337,0.018867661735841104,0.017606853583579184,0.012597250433554625,0.014658730017221858,0.00469368722666248
C,0.11893297136880783,0.07604488724206286,0.1198556764169015,0.1436909823865152,0.07389596182948498,0.13445463035536753,0.12712732025794488,0.08702778613998016,0.09139461915005574,0.03931247152902809,0.024069263282087562,0.013431362602602586,0.016213426799289724,0.020990918229667213,0.019522145159222133,0.018306583122228832,0.01724469692978344,0.013456125109320363,0.01515133947423546,0.004940509983017367
C,0.11542179417441711,0.07480165224036579,0.11719188819918844,0.14071236332455112,0.07182163705715754,0.13073788042676804,0.12405898948915281,0.08461607190292905,0.08896750696481778,0.0386016271228137,0.02388591528394771,0.012816398486153433,0.015533464381824045,0.02023670217654144,0.019547842490160058,0.018719271815805006,0.0172261971286246,0.013942409656116024,0.015649171236848523,0.005067045409431195
C,0.11186790358885731,0.07386773451387885,0.11458332788424867,0.1377306955793241,0.06903448842293915,0.12717742763538054,0.12113303278331107,0.08284319701798441,0.08687043531514035,0.03784834182684084,0.024643301937354492,0.013153776809238309,0.01483905901226175,0.01952201707557929,0.018092153708271663,0.018712192123814947,0.016558727242814923,0.014793747385150421,0.015812726209116463,0.005273299121079602
C,0.10881185975956953,0.07308911649060149,0.11210916455396207,0.13475768567417745,0.06639357892080255,0.12430146707465473,0.11857882716442977,0.08133561396797723,0.08467730684967892,0.0372177538188721,0.02594854277643494,0.013555786635545101,0.013591174604309714,0.018767955998668043,0.016583208186144872,0.01966748806798422,0.017106371604074598,0.015775668694520618,0.0163008284171619,0.005630427175660677
C,0.10501821859456015,0.07198271728153138,0.10962783440485693,0.13171645407151514,0.06402559073169527,0.12149306983888346,0.11643751135038108,0.0796459207875013,0.08257580535263823,0.036371619192674884,0.02577899449569644,0.013950507872611283,0.012894652999681,0.017808259352146003,0.014515408482112394,0.01987514800857815,0.017012449589535555,0.016728378651323008,0.016449543203598246,0.005791603933072152
C,0.10154333448371304,0.07206555779473953,0.10821776945878589,0.12939388697850246,0.062450361690767654,0.11767207749985094,0.11263907349453535,0.07717120371427827,0.08063691588747007,0.03596308016144294,0.024852209028249698,0.01399781908945476,0.011534132366057874,0.015882295780185803,0.011736665159459305,0.021143522837767496,0.01926118218322314,0.019831659842476333,0.016739723973815287,0.005345756760454331
C,0.09959983398952714,0.07160526762326437,0.10631956882362559,0.12721792055368264,0.06109549727726955,0.1146376082082631,0.11005715864483001,0.07529358844828335,0.0788252454777435,0.035203459889418906,0.023520432655448554,0.013680669858649276,0.011459677167051294,0.014450113771735742,0.011598135603469067,0.02011982604693495,0.01743802948044856,0.019287129709096015,0.015446617637385926,0.005057808832969457
C,0.09573469608459263,0.06963867464827324,0.1033528415708368,0.1224094833205213,0.06018883922785636,0.10983564607090254,0.10669459422560615,0.0707069405114506,0.07621743866510967,0.03547310796810786,0.024651223490840167,0.010895772730617884,0.013865112461626245,0.020326318291785543,0.012958714323481382,0.024179450828097557,0.017905207647380877,0.02032433250236811,0.013956236313114566,0.005370933402752055
C,0.09113003391864952,0.06930682337706583,0.09979513087269556,0.1167584517047473,0.05708960227322275,0.10488155191411094,0.10340402946862808,0.06737293797567992,0.07413705140826972,0.03540599295012824,0.02397453365630377,0.010829477075340177,0.014434449129312197,0.023826293452776,0.012014558728838973,0.027693214805041194,0.01956733355334123,0.023457988356641778,0.014008526992764779,0.005302763857761054
C,0.08773498000377733,0.06776139680096903,0.0971012875725938,0.11189427050647435,0.05586131913648192,0.10017697392766486,0.09942940658601963,0.06331174908537969,0.07143137415835082,0.03493041682978798,0.02446196889236031,0.008277253869153546,0.015329123050733761,0.026670649889353252,0.013445509455675976,0.030279892124718162,0.021320476657083007,0.024601688392162317,0.014515499456198967,0.005311608306618412
C,0.0835928694056621,0.06731196912900403,0.09457760418271856,0.10727124396553347,0.05333518192045191,0.09573044604203165,0.09615160974107166,0.060685141806363016,0.06923671655409512,0.03468999445037972,0.025129442022489186,0.00858643933680542,0.016193300282381442,0.028337714613926927,0.012886253962495976,0.03054624776152074,0.02111405432837594,0.024609037962074382,0.013292180581874431,0.004948967232308588
C,0.07956160849236829,0.06677337761326933,0.09163395919106522,0.10276641611629296,0.050600871948797824,0.09007156745071475,0.09165254011637203,0.05746350150968593,0.06688811957575927,0.033871697158505784,0.025233349903233396,0.008827570736950065,0.01830626897925232,0.030561203209122912,0.014024449143615059,0.033276646569393616,0.02457319712934288,0.02475364188881546,0.013087830091902196,0.004892881246788894
C,0.07620143234562457,0.06608657398535493,0.08859762775243814,0.09837749284504932,0.04828502978499245,0.08492517560813653,0.0871254697857837,0.05413828481528945,0.06431434188135528,0.03330277463498647,0.02586208930997368,0.009074377431351867,0.020106255237884736,0.032139475878216674,0.015214144740319515,0.03488020155430632,0.025832500382349712,0.024509743253475727,0.012203914859511635,0.0053386817989204945
C,0.07603219756926155,0.06514805179558954,0.08811778156970577,0.09768847151677854,0.0495433827748721,0.08443168248860868,0.08690148223686567,0.05189963923874522,0.06266124471579637,0.0326194325682798,0.025630866215930092,0.007619270748967781,0.019701918863851836,0.03157026356468798,0.016660634162353992,0.03426756574097016,0.025506737519372734,0.02206186159843739,0.010063958649992601,0.005699274185452086
C,0.07224393693036543,0.06459939097553746,0.08513654699938175,0.09365536373103564,0.04713581130183192,0.07927028371218095,0.08265674830254728,0.04849882410565151,0.06039493905237654,0.03204682613710231,0.025324507627067443,0.00786753420621449,0.020031508024398414,0.032303472544567724,0.017318640622973808,0.03594189486797852,0.028463517172461233,0.022468857600989246,0.011096500353432466,0.005954417765072673
C,0.07075689955796825,0.06372049250003273,0.08454006119472962,0.0935349715679509,0.0472839543846071,0.07756714285281387,0.08201337261656261,0.046641656809078696,0.05989701930569184,0.031404214241892034,0.02357357506924799,0.007166639958707392,0.01951283251822544,0.03221565663941607,0.01741578068773867,0.03428502854224608,0.027951539454849735,0.02036495004348298,0.01073671052342253,0.005888298605830974
C,0.06854316418778408,0.0645584341505007,0.08467726291010687,0.09317284322588228,0.04604424602634714,0.0745972125835249,0.08043295418974875,0.04450900643902309,0.05904611786040265,0.03159407774544794,0.022636820375216565,0.008300554876217147,0.01968281170052979,0.03191557189308244,0.017171445358312082,0.033209948313758064,0.02749789301712347,0.01977533305714616,0.010566196182611575,0.0060683869685097735
C,0.06765139613043689,0.06539793631285433,0.0851662764989149,0.09348060817699333,0.04675432910174395,0.07292544855330378,0.07888514985583994,0.042509565468508856,0.05826048467352864,0.03134637531297381,0.022113509005803667,0.009033929092665285,0.020190804844031057,0.03216218137165686,0.017730846853267833,0.032051565007442495,0.026900756409490714,0.019001419932027547,0.010496036653696224,0.006087339074124877
C,0.068825153083358,0.06594548259892027,0.08505224220388755,0.09386385616877352,0.04680224898045252,0.073021494865804,0.07920504245538959,0.04240643048419569,0.058522619430748525,0.031430393954910055,0.02166121600404574,0.008696385621176536,0.02010732663347352,0.03247732726703991,0.01773949378498491,0.03210874283325012,0.027178164267402025,0.018903256997597075,0.0107878549694468,0.006050016266537343
C,0.0690495005521347,0.06619481224810674,0.08523286608245487,0.09394571747823965,0.0471538437177421,0.07319389481613787,0.07954009923746802,0.04205322542884548,0.05825075989397725,0.0311147356762409,0.02204886978191125,0.008783275907032774,0.020258448699214022,0.03254880169488591,0.01807006249118669,0.03236043806426391,0.02759129765932516,0.018353839554744816,0.01044590608656538,0.005915693865560716
C,0.0692240300637664,0.06665512104610316,0.08544179047879537,0.09407064030158252,0.04724772106185819,0.07339137648009665,0.07952880955623468,0.041934699890261155,0.05785783204433085,0.031236318869024348,0.022257845619175314,0.008506219714563616,0.020426067666636807,0.0326560504942662,0.018173353799612314,0.03261458703750862,0.027578837234477183,0.018210335728801607,0.00999116651545207,0.005969098742567232
C,0.07013630480565809,0.06649652073160874,0.0858933412223228,0.09442886033893828,0.04848248515144348,0.07438519963803895,0.08032584194576085,0.04163088200969022,0.057854089259054754,0.031156950054199363,0.023171942419033954,0.008481557335610642,0.02075035532981779,0.03295054279872968,0.01925259981516796,0.033499164817492835,0.028237319920170433,0.017973189877456355,0.009989346585720977,0.00598281076316223
C,0.07263908638829931,0.06719279174565748,0.08657096570783143,0.09501108769209994,0.049692194193195496,0.07623534740744305,0.08155524298154997,0.04250255937503063,0.05836706451499607,0.031209641576030393,0.025883611365079582,0.008516187040050423,0.02121503101817353,0.03339410849528064,0.020196815430503032,0.03546204409852195,0.029453842987134292,0.019181483567237607,0.010623474466039035,0.005970645661553907
C,0.07539545676583725,0.06853958382230309,0.08749667703128507,0.09608858451498553,0.05048343771117938,0.07827734382810017,0.0832132040350307,0.043647977037930316,0.0591837962482056,0.031366997949372075,0.028180117236506857,0.009185522819412083,0.021986326997591503,0.03424147625783937,0.020547760608930786,0.037355989459438965,0.03082362783182449,0.020644655552906194,0.011341909227961598,0.005928985825538979
C,0.07855283425489454,0.06926324536809605,0.0885883257441145,0.09722128525121666,0.05224052636153383,0.08009235365512246,0.0842092589448301,0.044342584886700384,0.05973704096276731,0.031625141511598884,0.030827087015744326,0.00877457926446144,0.022605524147145787,0.03500271032229916,0.02229621641083946,0.03889447080081966,0.03156103609173814,0.021221403762415866,0.011703203687148226,0.005855860827180278
C,0.08063892377603549,0.06907915383872668,0.08908302933434181,0.09780190617016284,0.05232019189274724,0.08241795005084399,0.08643159148733562,0.0462717386282024,0.06016335419679629,0.031314052845002834,0.031927325913540396,0.008566050819900037,0.02309735488678528,0.03549019888005841,0.022364559324590853,0.03987265684308163,0.03175195216403242,0.02164647105186816,0.011849699497466592,0.005662554599697804
C,0.08189454862902026,0.06887107589177169,0.09069593120585305,0.09893720234680049,0.0539252006925402,0.08456530355220715,0.08811329808702018,0.04716775900594346,0.060764735787899336,0.031273957424512375,0.03304814018042935,0.008426154975403524,0.024120554959560527,0.036422018300296954,0.02323359572612276,0.04149579250013532,0.0332033923088514,0.02267227950405893,0.0127611901922004,0.005674833989877305
C,0.08493745367770628,0.06865448276786182,0.09298179272055761,0.10242189814839261,0.05614497121226688,0.08920763182956598,0.0910626932538775,0.050241346840389514,0.061870790946969914,0.03066364181163541,0.03295430669257998,0.008491992384963995,0.023730939895327933,0.03541766806832013,0.02326343871461961,0.04205457019655033,0.03427004940677901,0.023298926835550494,0.013566789411647857,0.004861836545950726
C,0.0885380722460217,0.06824510559302946,0.0956785885106767,0.10663879922754368,0.05891334083360829,0.09376704298527228,0.09365381681385171,0.05363821257545197,0.06344252947920268,0.030434885906676108,0.032979113459281714,0.008693012200153125,0.023314807281780262,0.03383937639266934,0.0234536971776868,0.04134702290168318,0.03398400663441412,0.022880100713084488,0.014363910365587993,0.00450263253541353
C,0.09282855105322826,0.06811708400733782,0.09864251138286549,0.11103920945220266,0.06249747323581406,0.0988256959864778,0.0971586652808328,0.056852251865305424,0.06539658373468335,0.03064353659781697,0.03352444318344605,0.008701908395195359,0.023193204846742962,0.03197880668839182,0.02413128896984828,0.04058590194443699,0.03317988469808054,0.02214607007536866,0.014113607905359657,0.004588062144279505
C,0.09740337534613416,0.06890330131683961,0.10156504060055929,0.11536671603886961,0.06492918720205453,0.10287806150400866,0.09982322040864537,0.05920560154541552,0.06670947205114892,0.030318464209080236,0.0322558266733214,0.008388502372627824,0.02246700048455143,0.02966299545256993,0.02340025871623428,0.03971165502454748,0.03273549088099713,0.0222698515194408,0.014409430247963349,0.004108679049034078
C,0.10181299310533762,0.06967456399935093,0.10505976062008004,0.11993475962378737,0.06765298980598795,0.10853593178318814,0.10424509561687187,0.06243861686576925,0.0687478605706591,0.030754916096830776,0.03015067389413992,0.008029820310005785,0.01963163952854594,0.025248043476617275,0.020939469759306408,0.03546493033035741,0.028940287632434746,0.021868180329665234,0.014178312542305128,0.004136520363195398
C,0.10626975923849782,0.07006236929662953,0.1083788731503174,0.12451979134053251,0.07112252044111886,0.11401851222904939,0.10812286861582801,0.06541626772988465,0.07092704450708692,0.031752104628255,0.02703740760607917,0.007549649416751232,0.014777469579418114,0.01880121802163431,0.01811089067707429,0.030289488871958904,0.02454704674305391,0.020491023640038422,0.013575419499142968,0.004723513991956468
C,0.10670764088810776,0.06934117333546137,0.10939160575689914,0.12595846240195274,0.0717803202119409,0.1144606052244757,0.10834616704413573,0.06676862727997997,0.07285858124793876,0.03249581285484321,0.027158466601505206,0.008256033140877247,0.014884898004399667,0.019300106561602824,0.018645786186645974,0.030476404640710955,0.024693119251847313,0.020722416658704824,0.014773548022147618,0.004485850116950577
C,0.11117582501003927,0.06967821112914956,0.1128027377163376,0.13090958725684104,0.07522363074564574,0.12041106053217329,0.11393960529724248,0.07040483054153704,0.07614575502496913,0.033099077240731384,0.022488593507315354,0.00782615842992253,0.0083044537218593,0.009027014937505181,0.01461956702866895,0.0215336733277797,0.015981799608675098,0.017130011964796233,0.012976362559991308,0.004098777414919741
C,0.11294011174147915,0.06999133936936815,0.11388529203826167,0.1321421362990942,0.0760101079738075,0.12217154597618536,0.11486578944240795,0.0720191565058361,0.0774166141185429,0.03394150971979922,0.0217713014347854,0.007609590404778847,0.007415825642307861,0.008567681963709405,0.014200802292964112,0.020857597478079977,0.01558316250305062,0.016958785354269267,0.01287631419213203,0.004262539963661883
C,0.11583483445598466,0.06964584173909952,0.11440817560095924,0.13363187316774205,0.07754677462206658,0.12596228662501172,0.11786542527001168,0.07518432290490162,0.0796873366501242,0.03387848597424797,0.017635587425976627,0.007155133521841427,0.0075098889988617365,0.008269469622404763,0.011345179243580394,0.015036304065775526,0.01284101793731954,0.014514527150821282,0.012382278914922785,0.004195055683206865
C,0.11850251156016074,0.06912116496758926,0.1150643383088689,0.1348038237043075,0.07849146785068153,0.12919489457968056,0.12099517296642366,0.07807199530405273,0.08176884184753118,0.03432057473042306,0.014628960889973765,0.006676062363436084,0.007712301984314061,0.008209519500825936,0.011234382256869497,0.011191157531256421,0.008980467345782145,0.010678877252889846,0.01092179925309495,0.004072011134337834
C,0.12167232480425683,0.06912536561460911,0.11612977448224202,0.13624596210652562,0.0807723196226004,0.13171322698698174,0.12249219373368167,0.07923114485193063,0.08315064305846646,0.03511327857303674,0.01035373468796864,0.006673923239747934,0.006798350105872814,0.008716942664105921,0.009857642500611882,0.007974852131735046,0.008798407409752067,0.00981995339037255,0.011443036590228158,0.004574911200097817
C,0.12226164047181606,0.06840699648188363,0.11730570027912657,0.13762758756805438,0.08250156382292817,0.1326611985546962,0.12328724051687256,0.08005357342316667,0.0847012895063976,0.035577704128428686,0.009939666685753464,0.007125840938945605,0.006601186626807428,0.008715446304356517,0.010367816945858569,0.007877386101803338,0.008937367316281829,0.009501285210730348,0.011524413635211405,0.004570913475867741
C,0.1237386469274144,0.06861693644174315,0.11826563188508124,0.13908998752991567,0.08340601216977984,0.13362051829798163,0.1243007458413246,0.08118267785944401,0.08638098037567206,0.03590719392129654,0.008174820352188942,0.007108504662453377,0.005920543696582903,0.008633253933562898,0.009846029746267105,0.007045482330060611,0.00849650801557237,0.008709717328539436,0.011109848065363108,0.004751449274019842
C,0.12490070145584298,0.06845785872668472,0.11958759827867724,0.14084007329637788,0.08493746210513745,0.13505302295501606,0.1256697873014001,0.08249969406897426,0.08833631582496675,0.036496535312805674,0.006398946806484396,0.007193428571753783,0.005753364119582944,0.009094346488169315,0.01098016992861632,0.005501398558197832,0.008441474756985461,0.005850531543787939,0.010167148208929363,0.0046336538499767745
C,0.125136672486346,0.06796176215236144,0.12117416690602087,0.1429321218891445,0.08644809472252926,0.1356151280154892,0.1264841975649359,0.08304411909789924,0.09002931150481337,0.03706342744874961,0.0064111579216830005,0.007119999621193206,0.006499686554014573,0.010148630680132368,0.011775940330105646,0.005570471626518289,0.00880462679471742,0.00577628585392828,0.010770047555239243,0.004537133444405361
C,0.1257647637563169,0.06717417882641755,0.12220271878352755,0.1443744740507367,0.08848702699062236,0.13595444870076034,0.1266264379643402,0.08278803564698325,0.09097516351446111,0.03761293944599165,0.006877488253944618,0.005872599738127035,0.006941309716684809,0.010660185551619818,0.01176864197068018,0.00551254432690812,0.008784104092600052,0.006015616546645426,0.01037278118871743,0.004469239402006715
C,0.12556531687905415,0.06717663048122834,0.12355223328124601,0.1459840161263273,0.08953580149040244,0.13691929551900167,0.12770210245036748,0.0833993798493046,0.09226923432810599,0.03817324529231412,0.006712453211529759,0.005874222511793914,0.007360858731567224,0.010982349745881132,0.012770930424424164,0.005992757554400577,0.008827680983496369,0.005059833155199684,0.009572964209672772,0.004484047244262083
C,0.12651149939058215,0.06681862682389553,0.12478305770127088,0.14751683390803327,0.0915126688952399,0.1382698538926106,0.12912253702850324,0.08399862826830626,0.09375084051399103,0.03844706262292831,0.00677266324397064,0.005458897148851745,0.008099958912372144,0.01118816355199682,0.01299771696783915,0.0052703051887284585,0.008168331334985466,0.003943653482321956,0.007887047900973372,0.004256319896605319
C,0.12697409788246278,0.06661636879119548,0.12533032018600634,0.1485957657778389,0.09253799358692737,0.13890565542675054,0.1296212669776009,0.08407013715582422,0.09452137233634983,0.03910811849519203,0.00682070491391854,0.005313712447407613,0.008194776192361164,0.011376299077380303,0.01297761121120652,0.0056754814552034995,0.008627721971242727,0.003902271766919373,0.007758801031768057,0.003759873251685794
C,0.12832852302322284,0.06728980656897875,0.12697441626440456,0.1509057744227458,0.09364499799716464,0.13954028515209935,0.13017261297655952,0.08429150201428522,0.09557202372229928,0.039699531673995335,0.006561677259437915,0.0057760619980287455,0.008374970883284033,0.011072347000067782,0.012590006371994714,0.006256436703122032,0.009057899993457628,0.004022914691274813,0.007402067057073853,0.0034981235410618153
C,0.12936772204770342,0.06806127784556125,0.12847685530977715,0.15275137003881822,0.09478864944617581,0.14053473526778043,0.1315131556961859,0.08440632860369987,0.09629246788635074,0.03981838421596526,0.007241509358963483,0.005799514418640749,0.009223117343921153,0.011133197007172127,0.012951606630149938,0.00633810332060395,0.008612525378971938,0.004018942410274347,0.007076531188294361,0.00339618986732583
C,0.1292282593483143,0.0680658762120495,0.1289318511962783,0.15389317247349538,0.09580439930503079,0.14146166958218523,0.1326224431968664,0.08474970801026266,0.09761336589479905,0.040458971405462486,0.007103026839752458,0.005798149618789465,0.00930618019299705,0.01082371519822164,0.014144138245025605,0.0075391187696334525,0.00883819433436231,0.004111836350797795,0.006769784558193046,0.0035355409333996915
C,0.1299469475881012,0.06801612827117658,0.1296559356442804,0.15538462913407275,0.09762739196154309,0.14267468234135877,0.13415542482429743,0.08472689510866135,0.09874822144792617,0.04097404771678988,0.007992639630958157,0.005760036111863817,0.00943008619161763,0.01085952038761307,0.01445015002054398,0.007973248705315773,0.009108240909779398,0.004124222776350877,0.005979925634232386,0.0032433200006538234
C,0.13100345369364613,0.06802758276678414,0.1306850402344995,0.15719480745462083,0.09948229164599509,0.1440204999077947,0.13565745694565665,0.0851622109121768,0.10020678007485133,0.04157558777544666,0.009093041817458876,0.005770519521687562,0.009571148376083374,0.01062492883921225,0.01358938748999542,0.008650537005271484,0.00909161499410315,0.005055486956279368,0.0063582061397024344,0.0032256098447272347
C,0.1315038854836291,0.06838897325015816,0.13193183022379165,0.15868069839231827,0.10103375035919529,0.14521640071412595,0.13734314579134904,0.08523794283702385,0.1010461819064068,0.04159045010148728,0.009223385358109178,0.005739567026235244,0.009022426512499165,0.009754486325312346,0.013974548591657044,0.008977287503920085,0.008115833007057814,0.005047476359213204,0.005741860403174562,0.003236643336637076
C,0.13325170800099326,0.06919240988670397,0.13301420816133597,0.16016104081038962,0.10250932116131202,0.1466743492694252,0.13852435656540416,0.08553242073484955,0.10173568075884347,0.04208054518296443,0.009857195214828375,0.004825978984426542,0.008893938706717078,0.009996515335675027,0.014590105742634186,0.009000065038587416,0.008181251761012932,0.00508823930600358,0.006368661572783305,0.0034070477133704325
C,0.13451959584079193,0.06954171852349036,0.13386247771213666,0.16135624954119065,0.10387688777694419,0.14798654002737818,0.13950843422927917,0.08621889415121838,0.10271614405029203,0.042594530155388666,0.010657287347733075,0.004584716239336117,0.008689921505645331,0.00996666810459491,0.014493170445077265,0.009517331461013261,0.008898877588210612,0.005985796122546682,0.007416578794022233,0.003233407382774791
C,0.13574217668142605,0.0699951590417321,0.1350315495564829,0.16301652957033638,0.10605119236418707,0.14917122572688218,0.14081968049719137,0.08610128443939555,0.10369767082844153,0.042875455064836955,0.010401677657604406,0.00481568434219242,0.00798330932056077,0.009093735164263886,0.013334896485277649,0.008741922684930575,0.007245215404715493,0.006020839735218047,0.0067341234530194265,0.0034707112664343186
C,0.13713383573399826,0.06998847813615151,0.1358580067171617,0.16409079608733906,0.10866011644122206,0.1499406084782956,0.1413019288273178,0.08525159171108762,0.10379992498632992,0.043060806164037325,0.009368733694668067,0.004807331638520527,0.007283673599380431,0.008262893940880185,0.010522842022980735,0.00805978747820281,0.0070517032189062944,0.006170325071581671,0.006669817183927342,0.0032893785381616384
C,0.13865951160218823,0.07033030601164734,0.13675887986591856,0.1655400760291426,0.1106902342536952,0.15079522964892234,0.1420777863255393,0.08516733892026267,0.10464790375167039,0.04343047480170691,0.009848807063977756,0.0050642742398257674,0.006816773117518627,0.007371751081416046,0.009879641801636993,0.008319045711606047,0.007409875137808208,0.006133060137183076,0.006360492375256958,0.0030346321856596476
C,0.13991826079715583,0.07105526857127606,0.1382148609616228,0.16727867069919353,0.11210333691722021,0.151739252128196,0.14313828066556472,0.08541948400393118,0.10544677302938972,0.043649791485374775,0.010850568751189744,0.005386556385083191,0.006166477856868127,0.0082405163293424,0.009707796132071525,0.008495489187233599,0.0079123214484433,0.006127974096965756,0.006778477780247788,0.003313760042599265
C,0.14115373814071594,0.0722346391297637,0.13936645100961706,0.16875221416836486,0.1129796520489906,0.15256312264023641,0.14403512971647278,0.08539776461950735,0.10575885993582493,0.04383917970048245,0.009966203268903802,0.004781224084926189,0.00618119719666254,0.007773741964082166,0.00953791916709001,0.008193317837930128,0.007655607350359399,0.006133296723267723,0.006664870349580581,0.0032033181544489668
C,0.14276631650513213,0.0728091725759883,0.1410120566311554,0.1704317416526907,0.11500705376522806,0.15381937871402906,0.14542130444024834,0.08562302710555365,0.10638795527483007,0.04378957704947084,0.010144795299952472,0.005156666873177143,0.005967860249632489,0.007708338810759931,0.007768561694049157,0.007494212601671835,0.007522422716200617,0.006216034116675201,0.006642405598997517,0.003245149336888602
C,0.14438091069903533,0.07406691899827728,0.14245645386487593,0.17206166524712546,0.11589320336377096,0.15502740398888412,0.14643683592826887,0.08616059414879293,0.10695284692613667,0.04403404884896097,0.009718302548566983,0.0056830947890603245,0.006892818376859651,0.008674155909523985,0.007837743665418357,0.007422393910212408,0.007860622306755528,0.006101725310246086,0.006706855095587495,0.00322173021537076
C,0.14606915239654406,0.07517536869866488,0.1430667325002398,0.17282133260945384,0.1170285904213908,0.15624315875709255,0.14740504710774843,0.08587530047531823,0.10667924534373754,0.04414365311330662,0.009607751011915988,0.00583162728025977,0.007108117410133304,0.008916897239615525,0.008078261491627837,0.007114230347044361,0.007961877100998705,0.0061690350012016185,0.006695066516175887,0.0031763463825962355
C,0.14704153444162082,0.07592956995261767,0.1440811405535802,0.17438769277522653,0.11776823565243348,0.1574124250770165,0.14911570457052667,0.0863864390787731,0.1076395486664807,0.04441556636962872,0.009590857436416881,0.006081161897700035,0.0073092969088347365,0.009565399907152541,0.007875454322928334,0.005871032329753551,0.006941464217825492,0.005634266460114697,0.006396416608321955,0.00323709696788733
C,0.14889342484939178,0.07683086386678714,0.14501046963209568,0.17609709918761057,0.11839756584579626,0.1581431513313037,0.15005158809024546,0.08683018741432122,0.10869389772309926,0.044832603574371944,0.00956080183977158,0.006609592717738498,0.007722685504574083,0.010468537768443741,0.007830214898041178,0.0056784359676672275,0.006673777375401362,0.0055050835108375355,0.006523043864669868,0.003621476935386375
C,0.1505517305664789,0.07765349259682788,0.14571133084979895,0.17762494472889875,0.11944886323968631,0.1589968410000351,0.15104895905598426,0.08703662979601126,0.10960885186042384,0.045446920987529144,0.01003302177489606,0.006729915719301435,0.00796972679124015,0.010754264860552365,0.008269134322629499,0.005378018664757224,0.006382802329510126,0.005369823560091881,0.00622010839219203,0.0033422095699121514
C,0.15218465812144183,0.07855068740965773,0.14688808801506442,0.179295789095498,0.1207824161962939,0.15990575182888767,0.15199055895679914,0.08724008134096926,0.11037936554889034,0.045843573372091787,0.009538374711108443,0.006653650166944734,0.007577469433343978,0.010607373348803815,0.00746279229251532,0.0050415298659455725,0.006381480448033925,0.005269446192084249,0.005999465146811786,0.003424206366729417
C,0.15348730216678524,0.0789793598618627,0.14745114945616739,0.18030193929139976,0.12218109703594413,0.16061037557710695,0.1529006976508094,0.08701519056729091,0.11081403434954648,0.04601389192318916,0.009552889431910383,0.006845204610986371,0.007721910169552347,0.010761490825639637,0.005817838095184911,0.004726859987769207,0.006232207428552051,0.00530443200850813,0.005757629729813041,0.0033985578454925254
C,0.15466604175445575,0.07969350947595263,0.1481070383645954,0.18163812735018375,0.12271300636493052,0.16136202997370702,0.15363727427347132,0.08714633720156112,0.11146911453080657,0.04666798611861266,0.009732072867968377,0.007188323752992249,0.008255332388125624,0.011132844401060403,0.005092729795052429,0.004228194139042702,0.0056637652293850685,0.005294255370740652,0.005192257478898522,0.003030467435301297
C,0.15685669280403916,0.08071723895050598,0.14950959463554578,0.18320816599044656,0.12319450360000754,0.16190361897047378,0.1542406985726021,0.08730259267756357,0.11166147115091038,0.04651967383632849,0.00999204540116064,0.006659044784113819,0.008282960370255568,0.010410152935181239,0.005388663598066031,0.004601242074203608,0.005338078533442075,0.005395109905471115,0.0051518090800128325,0.0030683286284613155
C,0.15791428714114347,0.08190404592151548,0.15059321744787788,0.1842316624270349,0.12363644568809273,0.16229729227093165,0.15438131464301005,0.08696341645354866,0.11128002451001492,0.04657454948103702,0.00991851650771925,0.007095390092102133,0.00814079458630037,0.010042725973102866,0.005251574923795837,0.004498317237947864,0.005269000087708817,0.00589100694200568,0.005858082092040224,0.003031370744414049
C,0.15758304274682916,0.08271702812394567,0.15096401659541409,0.18446392753340657,0.12339564027458187,0.16197440739858163,0.15418956083667693,0.08577838593503477,0.11010939200281751,0.04640788281040073,0.010283281380323665,0.007006863712124264,0.007895379075291356,0.009831764485126295,0.005912719933527481,0.004802156361581238,0.0054961774978965275,0.0057080253692403235,0.007077607952661938,0.0030838567493079714
C,0.15732799817502371,0.08368688908400186,0.1514896427840811,0.1850638210424797,0.12220545988020878,0.16130655244732578,0.15396317785157349,0.08524362805310458,0.10950385392518465,0.04623996407825493,0.010800125542424854,0.006699181746174987,0.007465187684721265,0.009074204299666398,0.008477944073613554,0.005960486732196698,0.005814938997899,0.00619636354486528,0.007984869120026812,0.0032879758774112043
C,0.1566741130773889,0.08455654943136034,0.15166845714586913,0.1850101428661771,0.12138102699427619,0.16075220985459063,0.15368886009333213,0.08433308532654218,0.10832908310488702,0.045898565784254386,0.011402357388683042,0.00607172221060437,0.0072819118263318106,0.009131609060385014,0.00918303641172686,0.006486676962764341,0.006108146012965707,0.006873834368597941,0.008939126248433146,0.003449299129408185
C,0.1554038502956406,0.085469485656502,0.1519365827572004,0.18515561115380694,0.1204439494660107,0.15982517200499896,0.15296621086104212,0.08298016946962566,0.10698017212825472,0.04584581617514826,0.01303499020440662,0.005040965925825717,0.006930453254029989,0.008951953698790033,0.010554655540823287,0.007224579157328006,0.006724133054581629,0.006299918111622513,0.00919887940273879,0.003449971601066084
C,0.15455032178753356,0.08599501172773269,0.15229285667713593,0.18522294003311285,0.11914918788402637,0.1593921665563875,0.15294185541728123,0.08272572330282715,0.10625887322893846,0.045448463973321876,0.014186176836097856,0.004630156312940836,0.006536092679477745,0.008870827624339385,0.01209247217905991,0.007772499607738861,0.006760620939009252,0.0063882430307155205,0.009637697716869193,0.0035904870653383734
C,0.15441675927211407,0.0866290204435207,0.152886193454834,0.1857043044361037,0.117995991559394,0.1592705258805929,0.15292651333866392,0.08274286664688893,0.10591590197576375,0.04537166622096127,0.014306197357609513,0.004040601298235995,0.005617400194707003,0.008130993917822156,0.012968366504848486,0.007938898097856114,0.006783440897595754,0.00637089500169706,0.0099514638372126,0.0036888804398786754
C,0.1539898666393405,0.08703441882423066,0.15328015146645996,0.1858690995545431,0.11710654330094095,0.15866600358160435,0.1523737894834719,0.08227547520715647,0.10525778939229416,0.045177002205909006,0.014374524798023097,0.0034460439364715043,0.005065696116978943,0.007933265903318202,0.01294787368758119,0.00820955625450645,0.00720932840003913,0.006377879765936924,0.01007246841091686,0.003816368876991021
C,0.15276614992142218,0.0871944329361469,0.1532478727198858,0.18513830573008777,0.11597366913868316,0.15802171957768868,0.1518798981649266,0.08199982455740937,0.10426201661901828,0.04449899055516582,0.014835532225078659,0.0031930265328841355,0.005093906299681438,0.008391285271467652,0.013253306813969903,0.008404068730765091,0.007224593923130435,0.0062558240713637735,0.009897377112396272,0.004131160098888568
C,0.152775987077529,0.08713767168209086,0.15323873503075824,0.18509729028111302,0.11573227547498821,0.15787902204329987,0.15188219488841917,0.08211442343549025,0.10429463728894099,0.04434385578946687,0.014830735825674374,0.003313491093600343,0.005099193990401235,0.008417216830066718,0.01323193731590276,0.00843877014439896,0.007224107207396952,0.006306506438318643,0.009905036131694873,0.0042142400401747986
C,0.15246179252777275,0.08697422913157478,0.15232243759075398,0.184226458351248,0.1153861018964227,0.15765894078738038,0.15143788139496248,0.08145439620876711,0.10362569438469449,0.04440998045380254,0.014757707695404208,0.0036503382905726505,0.0060954493402085586,0.009139830095213007,0.013029077023229717,0.008401682221003341,0.007115184079610275,0.006131792694418389,0.009804767188648016,0.004165054325714437
C,0.15163745203511397,0.08650730209586212,0.15113779137958544,0.18307134143266926,0.11452761813134471,0.15689777563368926,0.15074010407742072,0.08082588391758358,0.10294593062602901,0.0443370688421359,0.014935212262403977,0.004030414053015578,0.00670275997185736,0.009487150194991358,0.012937887825790886,0.008294985832474953,0.007058163465336004,0.005866460328087462,0.009594708340794065,0.004148493640139348
C,0.15133678192726996,0.08699777018550611,0.15089447915211074,0.18267577862530165,0.11288924029907506,0.1568413685246151,0.15048926420754805,0.08140070605884059,0.10272266520963787,0.04433236923548999,0.014794008617135387,0.004559085324167248,0.006779107426146354,0.009651689709024521,0.013012593288190896,0.008236866407648142,0.00690338864798164,0.006458975741146924,0.009610941465307757,0.004149084317655906
C,0.1511940468262358,0.08662972957917321,0.15009021188182173,0.181508994186712,0.11334713636246571,0.15689750526435997,0.15009626498200704,0.08073840955557308,0.10184766124004967,0.0441203608316268,0.014760978613881995,0.004978092317143536,0.007169726339481127,0.00973188161326483,0.013498567841221701,0.00827297129422812,0.006510850704360329,0.006722729694015723,0.009268763984550553,0.004078545538612495
C,0.15090837437418064,0.08608680538278608,0.14924464371984317,0.1802499238441928,0.11349546103567931,0.1569309709855537,0.14978223755048148,0.08033572450684916,0.10103602416502885,0.04385088868915741,0.014518562304110397,0.005261654552643597,0.0072798250106826095,0.00917810262022803,0.013628413117403622,0.008301172521487968,0.006319164440733353,0.006425000739980008,0.008354305642321477,0.0037137149972117332
C,0.15017711514642482,0.08558241301724998,0.14835479064143417,0.17909119052685127,0.11325011157426024,0.15648971139930423,0.1492191612483495,0.07962149612137816,0.10017348881755486,0.04363201938687123,0.01394094113944522,0.005670843895060418,0.007586658765494319,0.008808835018842547,0.013319390213412758,0.008083648298528355,0.006000323475858171,0.006609728896011573,0.007601699122151511,0.003484454908909733
C,0.1493733228279082,0.08538553934403859,0.14805407276538346,0.178441927073104,0.11251424294698742,0.1558210159353829,0.14847588884626206,0.07932438464528443,0.09956433133181787,0.04337403876127065,0.01353607364293741,0.005703643440889676,0.007415699932861289,0.008120774938166318,0.012843829132674418,0.007765580969062506,0.005394124409647868,0.006422590871799565,0.00675395244255544,0.0031559114438244567
C,0.14872138637267687,0.0852466250870488,0.14760526912387056,0.1777947792534249,0.1121698611585201,0.15529386645478166,0.14790170545589412,0.07898169223613967,0.09910982972043009,0.0431608564274176,0.013025448958460816,0.0057191479562673205,0.007266227499067231,0.007550306023861872,0.012521426856490112,0.007468392699218242,0.004640909264398588,0.006343331053065657,0.006207587105288322,0.0030375795231622075
C,0.1486978686460602,0.08499278954130185,0.1472728197728394,0.1769408079469054,0.11238715014193137,0.15506700113965632,0.14726049905336092,0.07880345768115085,0.0985102585348261,0.04280137745036018,0.012992211964737592,0.005621056796181187,0.006789813953091541,0.0061173856160580764,0.012697604648207215,0.007218678036386204,0.004348264769030747,0.006134610979525631,0.005361662622125531,0.002448208799769669
C,0.14777802456093078,0.08491803266856554,0.14671493724330922,0.1765016604434187,0.11194512165536612,0.15436319872381857,0.1467014392952147,0.0780637216098571,0.09803497297566124,0.04285469122257611,0.011376503373697727,0.005605607275678218,0.005871181107970636,0.005180404815483973,0.012185886354098516,0.006354122393997214,0.0037351277101818404,0.00530624965860287,0.004453654733923395,0.002492180765855095
C,0.14737003737040738,0.08427036406477612,0.14602299061103757,0.1758594311851762,0.1118548694705636,0.1540861558922791,0.14643467585214914,0.07817385482128904,0.09819956640781749,0.04284939264232357,0.010801993726483787,0.005041549856116957,0.00504432619771841,0.004119573442537087,0.01208636831364593,0.00600198993080467,0.0034471996415987253,0.005274466800088983,0.004490173128871004,0.0024876335748909156
C,0.1477397670962982,0.08379320944945916,0.14556653496690553,0.17571118989702458,0.11263648460019868,0.1542403881257057,0.14678887800135057,0.07820888595848839,0.09868701374497309,0.04289964003559737,0.010783342251293036,0.004958600402590091,0.005149954381104544,0.004105987256401952,0.012173510052998236,0.006050874775364265,0.003735315083482654,0.005258336445915358,0.00434469049977265,0.002517542331755481
C,0.14872005528026946,0.08318257182400587,0.14532729386912496,0.175620256178118,0.1140177169175661,0.15464105737212883,0.14688892099516643,0.07840832682247158,0.09925382581889751,0.04303513069582527,0.010329758315117295,0.004817152611908426,0.005039225637333463,0.004055844792272105,0.011696200625434599,0.005723833032469257,0.0036816498022405613,0.005197822887780764,0.004234367253313447,0.0024718945959475128
C,0.14945388634048723,0.08313920966148422,0.14575770227275783,0.17603179983777673,0.11454837874436896,0.15485893479843535,0.1466568007037684,0.07885211439563058,0.09973040515101222,0.04327703249564896,0.010221869679682647,0.004775413935014609,0.005415607948168981,0.00435478954948637,0.011560217549019779,0.00560875608862351,0.0039483461766377315,0.00490150029458862,0.003702195566434645,0.0025036339197075782
C,0.15096071992719917,0.08284834685685996,0.1454110202104372,0.17582581387587398,0.11569543356512368,0.15567446118330225,0.14697692183187883,0.07908098876131905,0.1000021665991148,0.043440866463637845,0.009047830337440289,0.004654093509681529,0.005658672267311475,0.00447690356498798,0.0108904101835722,0.005378654535844806,0.003698530313933254,0.004722852582122834,0.0033370115213624723,0.002727869013463484
C,0.15259124019114143,0.08285164190972798,0.1453871282851557,0.17606911566445257,0.11695155572564042,0.15573777874059697,0.1465601076296727,0.07881913049703401,0.1001852928812341,0.04368493709575039,0.007601110911901702,0.00465720087050978,0.005647741521169561,0.004563593007735946,0.009621213022756368,0.005268242913577872,0.004541026734042551,0.004911072026086855,0.003075077178312826,0.002665103266658165
C,0.15346231844703348,0.08253439319816118,0.1449614940254374,0.1757683634041411,0.1177669877898849,0.15607343745059604,0.14651171489199738,0.07875411367336019,0.10018101086192617,0.04392767674225116,0.007131676388387127,0.004465574446002302,0.005671557907334871,0.004675216605420093,0.008574181382560359,0.00492714546647369,0.004586747132735519,0.004950455838849283,0.0030841551297173028,0.0025343853661711
C,0.15357343201670337,0.08235960857896414,0.14422053681489871,0.1755589466362532,0.11788109679307335,0.15596291437618745,0.14618617325436573,0.07826443631934353,0.10013847618433555,0.04453230350351052,0.0070570042951511305,0.004418320716353904,0.005984097823689525,0.004673444795612162,0.008470714601908047,0.0050994432485802,0.005115055791917242,0.005482343247118421,0.003130969456220158,0.003109911818242083
C,0.15443216981756105,0.08226026675939554,0.14359584021008764,0.17543785423768898,0.11862397887130267,0.15626838462444367,0.1456983320048945,0.07775981166306963,0.10007203956744577,0.045382088758604236,0.0057454396082883726,0.004414670090817887,0.0061542859112087575,0.004766552638352306,0.0076267030073309565,0.004874783935369197,0.005470450936845718,0.005562769901993543,0.003219099113776835,0.003041830457285112
C,0.1540786197523719,0.08230300346457811,0.14329835486262985,0.17509595762146243,0.11817618321106431,0.15598598032909153,0.1452936802588885,0.07731732767342234,0.09953005557866713,0.04546973228564512,0.00645011821425812,0.004393707994913754,0.005968734473017465,0.004715475428950257,0.008097541380826103,0.005127520693244118,0.005408667781220296,0.00523344609430105,0.002917327176840471,0.002926884872962891
C,0.15331382102338412,0.08249563619688693,0.14341302307858284,0.1750555561944308,0.11750300852825982,0.15543976184389305,0.14485021616886065,0.07704080209461399,0.09910205982735494,0.04539788011950355,0.007382171958585122,0.004294936704955339,0.005878192779937099,0.004773470934289692,0.008485564447919253,0.005555763123987113,0.005452116978243459,0.0053954723083352585,0.0035581933328718033,0.0030289610524664094
C,0.15290881052479438,0.08259412329434378,0.14355149106798895,0.17486847943321449,0.11731881761352789,0.15512008853095677,0.14448316428783675,0.07672641838953391,0.09856644225542141,0.04517007215985626,0.008240388024997292,0.00423455796666217,0.0057473075042968665,0.005060181114505685,0.008731655819292082,0.0059792085729452,0.005692343190017533,0.005547158587063689,0.004207226554259663,0.0032449007171938393
C,0.15253524681392672,0.08184828727122848,0.14324299530020007,0.17451326902884398,0.11832897151441335,0.15472996125367017,0.144012848145614,0.07580029638814435,0.0981791043784718,0.04520855644800064,0.008285434321363357,0.002841850852741497,0.005748079546348704,0.005287133408366991,0.007351188005247492,0.005574270127429738,0.005398693119188854,0.004065515886448824,0.004417645799463969,0.0032325643426192024
C,0.15234029688160008,0.0821178286265308,0.14333259190871145,0.1745087322223848,0.11740657642206946,0.15424933599922327,0.14348554536647076,0.07594926175237372,0.09793903462742619,0.045188800621218786,0.008311970024457873,0.002687492542784077,0.00569594529733884,0.005291248838095328,0.006739265581773974,0.00526894789774527,0.004988536572148152,0.0039704834007153016,0.00458998246391554,0.003244284637697187
C,0.15135890653703293,0.08221651277812318,0.1433053071706412,0.1743249775443772,0.11674834893528045,0.15361683020882047,0.1429219538076802,0.07566723358740012,0.09759422492062865,0.0451296037896371,0.00843456467425699,0.0025778373531431483,0.005711830288785804,0.005421848166496519,0.006427471662942018,0.00476806248328183,0.004771991410049025,0.0037706788936247883,0.00443419771990926,0.003229387001794844
C,0.15080473338080774,0.0825467998372599,0.14372844991018013,0.17464782326055675,0.11595367891356856,0.15316345630257328,0.1424152732482793,0.07584543247415963,0.09760499031505962,0.04521417262681968,0.008574876923233946,0.0022015363517681103,0.005565697711268157,0.00540343756314961,0.005966832702063933,0.00491670248496134,0.004811910735460918,0.0036347860438040143,0.0044377134169017165,0.00325537834227383
C,0.15034662538709936,0.0822831827123103,0.1429452934815112,0.17366293091168244,0.11571034641612936,0.15295002455104612,0.14206277360750658,0.0754196720323467,0.09690206782053006,0.04506039652314534,0.008915345751832886,0.0024811511914699614,0.005800886746999955,0.0058850035920563,0.006139201118090898,0.005000774595454843,0.0047900800794836865,0.003549935959669779,0.004518746007413057,0.003326566545443479
C,0.14962267541138055,0.08190682225552567,0.1426767521967714,0.173147120788738,0.11550496882438208,0.15266982864683962,0.1416636370900412,0.07531313357059047,0.09661484544374976,0.04503986557593255,0.009257473296038763,0.0028442833759487482,0.0057874424372292635,0.0058858033251148354,0.00603426452089068,0.005058253782600768,0.004517836048884834,0.003526732947724752,0.00432704041220708,0.003341351559020903
C,0.14843986817149277,0.08149725237324416,0.14196176640729521,0.17243030441184795,0.11485597943322907,0.15232672052558635,0.14167725751246554,0.07501027157292564,0.09628698418814133,0.044934617651424466,0.00845616770274362,0.002988272694452441,0.005171991112092227,0.005844488132494401,0.0057019435974291245,0.004702110726097423,0.004522916495223831,0.0029439101393206745,0.004231559658666753,0.003408597877965805
C,0.14733599324322993,0.08126367259140455,0.14132775630152378,0.17153032309256436,0.11426005047119599,0.15199649066269955,0.14168806076396673,0.07473484509416098,0.09567808197409543,0.044542564195247485,0.008256072436059718,0.002856254210328365,0.0046757052526424136,0.005294714188793561,0.005528764054368551,0.004663350282993995,0.004533052667367746,0.0029611509282137676,0.004111276384619021,0.003764995845473262
C,0.14610492491220264,0.08107345197728304,0.14083446291107043,0.1710345112028649,0.11330816932395053,0.15131842803286183,0.14121336416643426,0.07448889611002384,0.09538801974355468,0.04455693228741122,0.008244372445586713,0.0028772835598002396,0.004680207826889791,0.0051812633136762995,0.0053401821150371506,0.004535277793504983,0.004364589295982284,0.0029090265118001096,0.003944072693188778,0.0037670171546590457
C,0.14533862884928053,0.08103755798366977,0.1406063981447527,0.17078569768338597,0.11276655615622963,0.15095266366514623,0.14074579371974502,0.0742257017822059,0.09511188414160757,0.04472192332250894,0.008489546929823661,0.002893269248733835,0.004821836710338393,0.005119349108516535,0.005030948701891999,0.004301626524496943,0.0034801087838711147,0.002986924399581122,0.003654207359997068,0.0038483533783238077
C,0.14518463882721155,0.08119858319012273,0.1404526190811544,0.17053291598902454,0.11246021458443227,0.1509700917856514,0.14058586323335678,0.07407378694646415,0.09476118626110076,0.04472514988263759,0.008373634340705528,0.002837404346574386,0.004713945394437529,0.0049271401341967214,0.004562277857770793,0.004313177423924426,0.0033112675388435697,0.002827665721114096,0.0030973642925029455,0.0038473391960442784
C,0.14504664768296396,0.08110949924937631,0.13981230191234284,0.1700382959724938,0.11233207070303666,0.15108925004848778,0.14059225555841204,0.0738236491996743,0.09446876100746068,0.04489587034217526,0.008233727389445222,0.0026658458922715674,0.0034823924222828844,0.004073801588089213,0.004479158157358135,0.004424940288066935,0.0033103856777566285,0.0025242147805002945,0.002873293629866018,0.003969564380949433
C,0.14419950751268196,0.08111671624728412,0.1400004671328536,0.17023960493665652,0.11214297673543358,0.1504245279656788,0.14027990927553727,0.07330769206730459,0.09435068652508047,0.04486991920652801,0.007737881479074251,0.0026685808300048793,0.0034937549837149168,0.004225416266073034,0.004222333528146784,0.003693292415877803,0.002964451768581986,0.002763490062382016,0.0027787042799922164,0.003947044153018369
C,0.14221958374615193,0.08078113541507707,0.13963758807222387,0.1699275595481844,0.11109841004321197,0.1500443275028874,0.1405660859338611,0.07324185966066636,0.09436421782718082,0.04487290678089169,0.00830883152803095,0.0022647008944931585,0.003014380541807217,0.003690314333955479,0.005023188723261327,0.004352934185059994,0.0026279342634239334,0.0027887211458444473,0.0027938421840657504,0.003947398854754329
C,0.14077583169237257,0.08077854903838474,0.13977693495740756,0.1701865399537726,0.11028812072137457,0.1492499893760984,0.1403621980653888,0.07306472594162165,0.09454526367629135,0.04485013756371954,0.00798406804223789,0.002263021451036974,0.003118332766019103,0.003943367688685331,0.005768647813767351,0.004951981942341621,0.002686471564891487,0.002774391319230001,0.002855831535980034,0.0039488723504218885
C,0.13934819177890112,0.08066628215289381,0.13994927006799684,0.16985484535701895,0.10962223911483568,0.1487818270087125,0.14033742778805725,0.07305553122376436,0.09424367274012205,0.044291827039002946,0.00874805908522846,0.002260292844752704,0.0029234272699844356,0.003920472808771584,0.006359048034477545,0.005540923610638972,0.00273559418708896,0.002791590177316813,0.0029693415170856234,0.003529528750573226
C,0.13847424867105076,0.08074270932897923,0.13993642935612008,0.16981552980290487,0.10932033973785601,0.1483226717552221,0.14058547852945064,0.07278830593590471,0.09412075176023173,0.043922686171873476,0.008216111729633192,0.0023117319143517454,0.002941221353204298,0.0039161589788174545,0.006163936110715717,0.005341887558689844,0.002664589155675636,0.003109353939019421,0.002976877924122047,0.0029092096412405974
C,0.13921152303426787,0.08068525066958024,0.14004625249603025,0.17020834307702287,0.11020688173628483,0.14875144257380715,0.140877677678415,0.07300326747977351,0.09472477262830806,0.044175730458060725,0.008829939353366607,0.0023300470858433524,0.003134974458048538,0.004518982327419361,0.0068138900332190755,0.005697509187113354,0.003116495623688455,0.003523238670530155,0.004262885167302508,0.0029838857265351544
C,0.14024535161063012,0.08065681625350045,0.1399421055576499,0.17028725850524432,0.11115596782948997,0.1496127265580507,0.1414729458821414,0.07312409241754005,0.09497857649539282,0.04437318190185188,0.00974594669899454,0.0023160597797697593,0.0031749314017762284,0.004490998245734688,0.007495455268536465,0.006474919318641661,0.003940239568137851,0.0035041349043406405,0.004134391753847714,0.002861247799694048
C,0.1411037748388086,0.08031822010021458,0.1400800408706254,0.1707850694699375,0.11230407781062153,0.1503591887938332,0.1422084882751432,0.07357031992728921,0.09588963476650748,0.04470592269590449,0.009782765093539692,0.0027143067175563755,0.003206953272750521,0.004490750452352525,0.008059140255765797,0.0066928454590958536,0.004442821837747414,0.0037756786030832714,0.004642931535144504,0.00272059480277351
C,0.14176665368564728,0.08013142738202347,0.1399909708153702,0.17101959122723842,0.11294678343926146,0.1506550595134412,0.14260947698554088,0.07361877991745028,0.09632498793101178,0.04484148239363977,0.01063864303179184,0.0027636128869765525,0.0032243566225693522,0.0044527847943815774,0.00887423954661212,0.0070992107472501054,0.0048409018029590195,0.003795922984229914,0.004680558377882253,0.0027757356746681513
C,0.14249101581511986,0.08010195823693424,0.14052529699171315,0.17164381736358195,0.11360314219179672,0.15077715032974226,0.1429993556296421,0.07388176839826863,0.09690471864855524,0.04467519644813024,0.011582262437783123,0.0027348446256936563,0.004091895065274399,0.005054010986706927,0.009350097564975214,0.007161406447113572,0.005123428011916348,0.004042898226858924,0.0048756240005761635,0.0029691632745215
C,0.1436146191266208,0.08043402481428473,0.14124857760772544,0.17238859500450038,0.11441779733588957,0.1513438351684328,0.14380153803799695,0.07426353133628552,0.09733657079342053,0.04442009007049176,0.012440348624374944,0.0031078322900867862,0.005052323840388041,0.005639581083291482,0.010002551376398812,0.007635422516752382,0.005724523784869439,0.004530495825671753,0.005180941087531223,0.0031131825776301515
C,0.1447705773095372,0.08070049405571353,0.1416951889619635,0.17271755896134616,0.11523711822237252,0.15238121233936414,0.14493762589748768,0.0746416945581494,0.09746895926705582,0.044130150197414196,0.013402389002027752,0.003514960295723569,0.00577771892729684,0.006096082598716851,0.010432542333657771,0.008384025684936864,0.00650758628437756,0.004856308041188851,0.0052589810893211505,0.0031280882275887953
C,0.1457140493140927,0.08098049353378872,0.14253815050633362,0.17372377696161076,0.11596227189293626,0.15299086284870755,0.145769492284439,0.07513905877175611,0.0982055219192796,0.04412759203278933,0.01365951291963498,0.003455095668367172,0.005793965029228469,0.005823967149619059,0.010485428169231982,0.008555311223107168,0.006755515100931668,0.0050740914465966435,0.005150928566408503,0.003129787517570813
C,0.14585482546724676,0.08155616137349239,0.1429042798636857,0.1744555811227175,0.11563381245658069,0.15299991051808212,0.1461716532022459,0.07505984995134647,0.09838762428451195,0.04425783071462721,0.013598305805222964,0.0034966032570259904,0.005879013880813003,0.006005370978282725,0.010560925152846741,0.00855115542408254,0.006701558827925763,0.005086874511619752,0.005163736291992286,0.0031111563080912725
C,0.1461738449556573,0.08207234363363869,0.14329606914196089,0.1752316681679851,0.11596529864302174,0.15331573682879787,0.14668256951543704,0.07504652657834499,0.09874967870943013,0.04452325612254022,0.013607199210969048,0.0034860551566545024,0.005925743813246722,0.0058582928771966185,0.010536121569314777,0.00870247185263423,0.006865361301928077,0.005078557982481815,0.005126470826095101,0.003114745279000204
C,0.1460217422079947,0.08232550083354011,0.14366963659847423,0.1759979437071339,0.11571869222895366,0.15309816417071337,0.14669472766560004,0.0751657202050051,0.09928563056413577,0.04488697548246058,0.013710261820099717,0.0035599946174886257,0.005888542047504193,0.00564930663694408,0.010723515209493169,0.008850562736803352,0.006864426208070912,0.00503185598249842,0.004809227067109183,0.002673573228026938
C,0.14616040236694977,0.08272701142781874,0.1442295277442583,0.17676963993186273,0.11583291434521481,0.15344125812790027,0.14742572334674225,0.07528945908748703,0.09961975868197062,0.044948479926349885,0.01360654605946656,0.0036090868605665478,0.005671049250632837,0.0054908150980428295,0.010624083888582058,0.008690439729535022,0.006706309577483044,0.005001869228105478,0.004728140508362832,0.002694666871091842
C,0.14746531455412198,0.08319053937080448,0.14501919685631487,0.17748641227339396,0.11629767163799846,0.15422041175264872,0.1482485943991987,0.07590497842773837,0.09999250753053929,0.0447242357819439,0.013760851422917114,0.0037462281849264013,0.0054959190008139255,0.005457196934675008,0.010587458312256083,0.009064429439801801,0.007193542633098134,0.005172568385710787,0.004759412989901084,0.0026025836213907747
C,0.14758241145473516,0.08346030009582774,0.14554754629255112,0.178344846985272,0.11636787809321965,0.15419767145373908,0.14860273357434425,0.07613001489976673,0.10060152925532177,0.04489382682146552,0.013792432227571875,0.003825071112625421,0.005716171901274889,0.005854808475315926,0.010595794167106713,0.009065548151098958,0.0070827654085589276,0.005255063227575632,0.005079179758929754,0.0026306615295160563
C,0.14655631370782127,0.08362092870950573,0.1459998514998842,0.17887727314631366,0.11582984181037284,0.15363975227945276,0.14901482861469123,0.07617188137324536,0.1009135007745294,0.04456882232586481,0.01417224814858476,0.003974503889661225,0.005744653900086803,0.005838143282685745,0.010966696120744265,0.009259110949150757,0.0068164239864797966,0.005246781778891824,0.00484919605154126,0.002460266032056242
C,0.1466672360920508,0.08386888574772805,0.1467267823512639,0.17968024287365186,0.11553859588726727,0.15393057861590984,0.1496282253752989,0.07697200970819071,0.10162227337313132,0.044509373318417735,0.014135597916087497,0.004032149488857591,0.0061011491991088355,0.006368124973692435,0.011028690896385047,0.009186602331514804,0.0065969049365932125,0.00503024071631732,0.00503741463832553,0.0023885471842127505
C,0.1477282011563588,0.08422437105024747,0.14736927960946988,0.1800659371213831,0.11615177626238923,0.15455148997315665,0.1501859457213897,0.07747748892778962,0.10179022278853837,0.044130825656795936,0.01292065584717035,0.004038316708764272,0.0060870113430527865,0.006229370562218333,0.01033510716273263,0.008587164871228027,0.006219786530140239,0.004967803631092309,0.00495617937863219,0.0027886029023347094
C,0.148481233812276,0.08435736981413224,0.14772401966524953,0.18026512788693067,0.11691355427815849,0.15559964953345023,0.15119448007288755,0.07794611923424807,0.10199071368522564,0.04395390375668012,0.012220880993285292,0.0040139746598488995,0.006051296911408079,0.006171632960311062,0.00946654408886312,0.0077669428593427235,0.005722806408690599,0.004832137005798094,0.0048476644041188,0.0028780991096673666
C,0.1492567758966312,0.08494029857327014,0.1484284350190062,0.18118852191409848,0.11704001721862323,0.1559671416785631,0.15171949720397368,0.07837553041524997,0.10248329826489189,0.04403962175877232,0.01089177195201735,0.004133482855115235,0.005708408292771632,0.005453965801892049,0.009225797068419453,0.007054121097685132,0.004549179792777983,0.004255250983194242,0.004071274975809925,0.0028378123697508683
C,0.14946539925306662,0.0851311947562303,0.14971202354296886,0.18223053409244203,0.11688910673876236,0.1564695967300787,0.15239709159255607,0.07933681223658698,0.10321061979840943,0.043859217386668016,0.010660613211157651,0.004127963828985679,0.005598659669546097,0.005176075291406251,0.00935533317859677,0.006697934491965614,0.00405905556065079,0.0036464497076286457,0.0035352338323965363,0.0028332097585080157
C,0.1486630167544896,0.08551874356032702,0.15035290161642467,0.1826596994583579,0.11611236242873546,0.15612945517265314,0.15265301975686393,0.07935688140794019,0.10305630187701065,0.0434765280921499,0.010941159915343033,0.003930805015650186,0.005913286963621001,0.00536010649272296,0.009428270720385594,0.0068136421208728135,0.003941218887786301,0.0036590009410114675,0.0033793059291713484,0.002839356551047007
C,0.1473374585154745,0.08554440395881921,0.1512472141151175,0.18352372017299762,0.11495146954653598,0.15556921324994732,0.1525999924160702,0.08006320357167589,0.10381186111606562,0.04349208531936182,0.01129404230012526,0.0039062775318618815,0.0052542740951078614,0.004479922114809454,0.009651037447114803,0.006660910704113351,0.003956609915336632,0.0038599468166313194,0.003239018840607694,0.002845404653813264
C,0.1465081247036363,0.08622041538779761,0.15181684326324038,0.1840198434302765,0.11388219356545395,0.15495990248694538,0.15256018328802062,0.08003730613688594,0.10364850755574417,0.043195158849350115,0.011693672578387649,0.0029201455150044075,0.004836008745340654,0.004098385793553101,0.00943592315286193,0.006840075773472205,0.003965835989150603,0.0038618567984093606,0.0031557084474939296,0.0028060711752031053
C,0.14530782320842225,0.08673955434301449,0.15257795044958594,0.1845362653286274,0.11291186502840933,0.15443195111442237,0.15251524042088055,0.08010367482275713,0.10354904159434641,0.04290334810754418,0.01134601873525076,0.00217547153613517,0.0037613037720304063,0.0031607146861840183,0.00872088639341929,0.006607517383109659,0.003987986758763833,0.0037969313969173787,0.003271154092441371,0.0026696666040488854
C,0.143224163622146,0.08698706446411406,0.1526993500525584,0.18446203447729712,0.11134105217610735,0.1538058334536284,0.15221342398639276,0.08003871058256708,0.10321817120968849,0.04285751381611532,0.011574499024338724,0.001949581426954628,0.003765049750103953,0.0032324527242462825,0.008967715045429578,0.007048648285846227,0.004354747877247904,0.0038082056117127072,0.003531134186818312,0.0027305153905780918
C,0.14170934100707028,0.08703900150913255,0.15296502778596757,0.18439907578629883,0.11013550625029908,0.15331997548482773,0.15197249514025807,0.07992338644573702,0.10282359406058228,0.04267057171032539,0.010782174607050873,0.00195958136581267,0.004038474653149135,0.003259458267992197,0.007954231193075102,0.0067317262865867694,0.004299943498485054,0.00374003173131403,0.0037450675835418406,0.0030138876683366133
C,0.14001813746252373,0.08707877712440293,0.15285400518203868,0.1844273386123015,0.1085783275952092,0.15240819624149643,0.15133045040181364,0.07989962649278856,0.10284259465214496,0.04291564465647903,0.009312699376862231,0.0019923958834161546,0.004018813448634764,0.003258199828319648,0.0072465131150432046,0.00585763708924545,0.004010360805028967,0.003726483126060387,0.0037408065160972307,0.003084051453228379
C,0.1393203371894705,0.08737189680385404,0.15326209028945928,0.1846123694632245,0.10780177465102916,0.15221166928147437,0.15120390087229257,0.0799997865047063,0.10269811356123695,0.042772849444070275,0.008388897020623452,0.0017747206324088866,0.0041859902966824535,0.003200994081247272,0.006373193775393644,0.005621829651220889,0.003910797041963212,0.003808631687473781,0.003732139372984271,0.003186407508952229
C,0.13941711074325785,0.08756551723459814,0.1537642202496093,0.18485244574304663,0.10753603888576899,0.15231099448145097,0.15127112243812216,0.08041285859190153,0.10277945946502147,0.04255024171002786,0.008421889316742053,0.001955669195217162,0.004094597218090741,0.00324140711800225,0.006382842706631004,0.005584410043693931,0.0038853461942881195,0.003516744740138538,0.0037005099998324046,0.003175134375823119
C,0.13939216446805933,0.08738925325168682,0.1541822365749155,0.1850844253220564,0.10745776672416649,0.15245970047618437,0.15152877467338982,0.08100015480360012,0.10321380461989908,0.04234118684355805,0.008392425436282665,0.0021558985818120285,0.003877408994375273,0.0031566875867193147,0.0062584435530283165,0.00583319999965424,0.0041969690091098475,0.004024372580001979,0.0040379995630145885,0.0030025050392398136
C,0.1397665178519511,0.08748266574640914,0.15452377613188545,0.18520985669016404,0.10777931946146357,0.15270732392600508,0.1516289293747939,0.08111891379409666,0.10317388637801281,0.04216789642967067,0.008369466571183306,0.0021234888562841675,0.0034773613204843803,0.0030686588417446693,0.006304281882249121,0.0056147420393101504,0.004093190441651426,0.003856975239937478,0.004059261520616742,0.0029533679616101406
C,0.1396123934980129,0.08736728495031361,0.1547615339496276,0.18527930976306192,0.10759972105700036,0.15262866039385575,0.15140209067347316,0.08147454751597674,0.10337299003535712,0.04214630800179761,0.008442245292785143,0.002208670601986354,0.0031197178350693025,0.0030323836294468094,0.0063570242619146984,0.005626598896350711,0.004141748925497247,0.0036199932540999587,0.004076602868610974,0.002923389519879096
C,0.1387172718827086,0.08711560471076493,0.1549221024685517,0.18511058841099098,0.1072817565488382,0.15217006489548715,0.15114314335704176,0.08135494641555194,0.10317432079023561,0.041835453551793925,0.006880890408312012,0.002328066720217322,0.0030175057609845277,0.0031866522616040686,0.005875811644835435,0.004847400127745891,0.0037257948415896545,0.0036016939480382495,0.004140851325334182,0.003070458592256286
C,0.1388440584353262,0.08707864075753664,0.15464093990820013,0.18472682550097472,0.10725866676032927,0.1526219267254502,0.15121072026576532,0.08147573572788012,0.10295442386116349,0.0419690550129873,0.007150124110959093,0.0023334161294771318,0.003426696166111241,0.003142583983094166,0.005833251609822115,0.005348909690075431,0.0037118577612590764,0.0036007452866137876,0.0039390906402935145,0.0033362120240579716
C,0.13946523830191604,0.08688249331186117,0.15442196866048724,0.18443810723208062,0.10780860499322661,0.15315026751077815,0.151270577856783,0.08162427882844356,0.10299941762945622,0.04204748103987941,0.007035385571044665,0.002347426345754776,0.0037944354582320236,0.003467326533284905,0.005950120564036919,0.005102009686508823,0.0036761451409456024,0.0034085903461028902,0.003912623747318118,0.003373424312486081
C,0.1398760873498453,0.08693683979239064,0.1542601690832533,0.18386792456961326,0.10791198285517074,0.15332470968526488,0.1508009596448494,0.0816347125925369,0.10246332783202938,0.04193566817947301,0.007459540512842698,0.00236562186598711,0.003769698776798899,0.003214421798170105,0.006012415317870711,0.005200249076773792,0.004003498925660505,0.003413659973926499,0.0036903657942205246,0.003246417717472379
C,0.14054764425328614,0.08663521402728683,0.1538297170546501,0.1836472914614443,0.10837539577717217,0.15356399790658917,0.1506570454438767,0.08133563666686003,0.10237959072261135,0.042276507970719676,0.008215260028876377,0.002623275306641779,0.00430397931078126,0.003509723571086175,0.006485892081436153,0.00523780603087327,0.004039893147610437,0.0036518760448429957,0.003741966439236128,0.0031506491650108255
C,0.14098181603865173,0.08674428365058381,0.15383044644249677,0.18347366842254598,0.10877167868012787,0.15354889107538314,0.15041309655490911,0.08095589349029376,0.10193118819792431,0.042165727261301196,0.008604034258309762,0.002593373610592068,0.004303413289178669,0.0037459789297851413,0.006971820256196434,0.005222061167872976,0.003735008512741066,0.004043081461213971,0.004340798962248652,0.0032369837859377174
C,0.14201324893675726,0.08668628411968742,0.15350173052813018,0.18305202198610432,0.10946978048202775,0.15383443230860178,0.15015349309033538,0.08049672477822797,0.10137808431817401,0.04221152844824792,0.009255061146713152,0.0025018995025055386,0.00464822676312769,0.003968569421001265,0.006800434064132273,0.004897449087256608,0.004233660776660108,0.004957967218007109,0.00516169651495791,0.003262073954123579
C,0.14284721407894385,0.08641414001890696,0.1528521377805444,0.18247124037773546,0.11010457861095062,0.15370238812879966,0.1496596578297376,0.08011288550366344,0.1011124252291491,0.0422017843308601,0.009730905284622005,0.002755182504326594,0.004396886306637773,0.003641509798962735,0.00716777995737705,0.004862823542816769,0.004130214381848614,0.0048147146828482245,0.004982820312066076,0.0032623319690886295
C,0.1436399743888007,0.08611926373232287,0.1519934136351926,0.18175964025099517,0.11053659991738822,0.15393896195153195,0.14915346515993141,0.07989916465024859,0.10085231739364335,0.04258634182366677,0.009888327871559788,0.002967962860074882,0.0047250497642338215,0.00368727169492571,0.00727849029635284,0.0048210499710979815,0.004277824593908364,0.0048285125934574985,0.004903884757970555,0.0034061483032177473
C,0.1448345483812555,0.08611975281071108,0.1512497213064497,0.18121342042691485,0.11148827877349839,0.15395541112206712,0.14862464759989336,0.07909076041208699,0.10026937233262134,0.042785703665397405,0.009826945353929795,0.0029672917800055948,0.00523715214021239,0.003721020828753176,0.00735610257507551,0.004815249294140041,0.004659714684239865,0.00478414004429336,0.004404777546000153,0.003635611489647452
C,0.14566904853717347,0.08575109545759493,0.1506524910864146,0.18056595208117696,0.11209314055889279,0.15432878750549486,0.1483478339608572,0.07891946750060416,0.09998013722738307,0.042948416434084064,0.009497376192378582,0.0032013824674952326,0.005611458912474115,0.004042901277066796,0.00734803291695586,0.004558586395504299,0.004659145822341203,0.004827322490864416,0.00435789350029013,0.0036135584442503295
C,0.1465602852248164,0.08551599777074079,0.15015805348543332,0.1802665379240433,0.11264356444820474,0.15459418500991579,0.14841175219930264,0.07881084437073191,0.09998169531153062,0.04307737694161713,0.009501058979911391,0.00319901907433217,0.005751656577365685,0.004084040330432146,0.007607104974058844,0.004591690810559083,0.004691786558761486,0.00489354824229062,0.004357503449991006,0.003602394033586421
C,0.14793939812606613,0.085261718816889,0.1497114670388712,0.17990530924054693,0.11399832710011124,0.15526534940885106,0.1486723981690224,0.07851398226162681,0.09984401876628626,0.04315659016399336,0.007690309817884702,0.0032366022600242286,0.005785091071353029,0.004343831096533288,0.006709103744894881,0.003760620649288893,0.004598733166924487,0.005064627037814947,0.004478635572316448,0.0035248763642708207
C,0.14874097725605914,0.08528663979723962,0.149049645965266,0.1796368937700636,0.11421907746625364,0.1548202333662704,0.14808755211596775,0.07794394790674598,0.09963414492817496,0.04335207322388896,0.006903893620070346,0.0032587308657517017,0.005369072344906573,0.004346710304544035,0.0065051170708123884,0.004443698796806959,0.005031196629838556,0.005378004763399201,0.004695293170135603,0.003250274456018739
C,0.14924905444252046,0.08550937787299752,0.14888918483708913,0.17967661459310055,0.11437085798293908,0.1542244546803595,0.14758479246110237,0.07715694998936516,0.0992415246467386,0.04331646286529499,0.006020789333505072,0.0036407208561640074,0.005310815810976885,0.0043947958979162005,0.0061318749159625565,0.0057004699536894925,0.00557703866605554,0.005883638090886157,0.004792975993845773,0.0032235811793179733
C,0.14847084985111045,0.08617224476441657,0.1483341161169417,0.1795026941618692,0.11325034406450271,0.15272869371583897,0.1463530426750868,0.07586435634466601,0.09826718282459108,0.04358371293218509,0.007435728656734079,0.0050901684271573875,0.004799445692094782,0.004231781566150932,0.008691762733789889,0.008124536069211994,0.006804410433015278,0.006968851093551927,0.0060425357532993525,0.003087338692118522
C,0.14755303572048462,0.08692323375780128,0.14807579590860312,0.1790922077340394,0.11237999786479905,0.1517574382386939,0.1454034007394841,0.07461923488380688,0.09687572492242472,0.043509408302200646,0.008998160606813254,0.006640711315629998,0.0044070350480110865,0.0037947175996423266,0.010231501222387033,0.009327937142121618,0.007462166047916378,0.007960349895979763,0.007912813679808587,0.0031749776667054017
C,0.14660395947408383,0.08793640614443332,0.14759951494065243,0.17847768094896735,0.11117868476427462,0.15030479902051835,0.14410899685805217,0.07290153694429637,0.09497002464098045,0.04325529443509679,0.009755691497771396,0.00751145577922745,0.004013129672891063,0.003596894963949097,0.011026368216890315,0.009654560015720633,0.0072574666573657996,0.008194026369369512,0.008959474558787525,0.0034079555350581808
C,0.14573593562176976,0.08881459963150655,0.1476176003891412,0.17812674677081436,0.10980880446327128,0.14942725902888093,0.14339299951870016,0.07205949685019351,0.0936518965803337,0.04287244023255658,0.01077394097453413,0.008398394686671435,0.004040227904042079,0.0033540094376831196,0.012479045172434604,0.01040958489094864,0.007512037931625223,0.008615644805173201,0.00991671144120674,0.003980671720414479
C,0.1450958523205205,0.08953735837214988,0.14703461693754047,0.17714508616762845,0.10875314327840535,0.14840291548555345,0.1426691433433709,0.0708650232310668,0.09193209906118112,0.04217084828239136,0.011775277463497161,0.008629605516579361,0.004195601815757325,0.004165190273944329,0.01375107772801502,0.011180506888555363,0.007693311628877642,0.008759342619933065,0.010647830776682455,0.004558438027827044
C,0.144013483246855,0.09029859139822802,0.146410408456987,0.1764588962345299,0.10720255556746036,0.1470685180021921,0.14145786289158863,0.06975035502908256,0.09051753543653701,0.04205692097261356,0.012814157194508752,0.00874726241707866,0.003961511296824107,0.0046330339562022,0.0148323393018632,0.011690223182006848,0.0075621814823889685,0.008845851558415942,0.011344081429011535,0.004700887151458568
C,0.14282590240971485,0.09105637863916213,0.1465260569066388,0.1762152550455447,0.10554357945515684,0.1456029802710736,0.1405466975140676,0.0687661393970265,0.08920603827413015,0.041465890068742656,0.012846498260925251,0.009027829115132517,0.0040185771553363685,0.004490376079570875,0.015395671435063672,0.011490211286160542,0.007444169300288436,0.008448095276636362,0.011158110075725258,0.004450499713922406
D,0.12135474223678447,0.15244664547313436,0.17420765446970216,0.2257823592112001,0.04148518694434457,0.07442784177300962,0.1169254769658257,0.06216476742557525,0.09324427185679786,0.05250406437368854,0.004306276310168528,0.004548603961470185,0.003180625645124627,0.002894243310543826,0.003894650753751567,0.002689819123149619,0.0033860666956284785,0.0016812944289510765,0.0037943653516706657,0.0025655267677430235
D,0.12101524774044689,0.15205133938163803,0.17381271889626754,0.22551958839048925,0.041550258479983955,0.07428489057359547,0.11691227825576997,0.062177412466213264,0.09341736628073974,0.05263005212763918,0.004039967246677193,0.004566841630877969,0.0033413783096333366,0.0030225331114833833,0.00386817792332245,0.0028244331044725546,0.0034024691431541643,0.0016769771156966142,0.003717927733593642,0.00256974475263277
D,0.12121149849794093,0.15138803094951836,0.17358865029658996,0.22582678523753175,0.040749508021492284,0.07410127806156855,0.11712194814681227,0.06224631079846095,0.09423275109854903,0.05313236778102161,0.003956252812436841,0.004258239564607034,0.0031188233466299016,0.002956591249032054,0.0028342329912752007,0.002707530991350509,0.0034092059730772926,0.0015652300359904655,0.002553273277995305,0.001637519080867556
D,0.12135483982386415,0.15097182069896853,0.17339614860299535,0.22557244231945273,0.040294724473364976,0.07390445943837694,0.11676912943112874,0.06226433011127337,0.09430270987001872,0.053080427479199034,0.0038446288428935116,0.004344407935230294,0.0033033901679143975,0.003448528589108824,0.002184114337308244,0.002841689172695327,0.0038421129858472835,0.001549156254893718,0.0024049804643247277,0.0017288609384331877
D,0.12129005032847182,0.15050049344518268,0.17318295911397583,0.2253215122323638,0.03997981359705062,0.0734762226729807,0.11634896702337279,0.062109904559464746,0.09427470356705481,0.05305109887701258,0.003847645389212451,0.00427937681111657,0.0032836416944887533,0.003346722010840717,0.002058874886532797,0.002744616145937664,0.0035985403273369946,0.0016093300824247404,0.00239468273980759,0.0017145899804971636
D,0.12046067917749523,0.14965514560325993,0.1724512018227868,0.22485727929113009,0.039900285799048404,0.07330451620370378,0.11640568424849658,0.062279040658061266,0.09463382691271399,0.05334649674318592,0.0025748332481171396,0.0031901048676348126,0.0022939492371172707,0.002791745533107975,0.002057957402764433,0.0026622513685887277,0.0036091892116037584,0.0017634745052812295,0.0024643284424088713,0.0017046654547722745
D,0.1204280580684671,0.14945665981291367,0.17236227211578178,0.2247473398901822,0.039678283333324696,0.07297909643887775,0.11611080636836364,0.062350004111824696,0.09473115280168143,0.053328110185321756,0.0025702439821146143,0.0029944406952835626,0.0022329265620015795,0.0027009296913583316,0.0018717592286486813,0.0023755647685296927,0.0033381773027780356,0.0017825296724862346,0.002494047886989338,0.0016996030801277057
D,0.12071332060845749,0.14950501030259677,0.17243287870267227,0.22479618990517322,0.03934560910460066,0.07263235896528111,0.11575623489091473,0.06225791974843999,0.09462160039892697,0.0533141169042888,0.0026205321913035117,0.0030103162037170704,0.002251985606143428,0.0027171975704151107,0.0017005359701723517,0.0024685558700677465,0.003291097415792227,0.0019007122331055112,0.0025477691772823824,0.001698869035572601
D,0.12090251351934907,0.14930763092883,0.17242519226822786,0.2246539372383749,0.03902396397156358,0.07231368974683194,0.11533782193562765,0.062004381875552975,0.09441936735615755,0.053177677264335775,0.0025442049689546656,0.0029150001292544176,0.0022545068212071573,0.00281367474493926,0.0011122370417213972,0.002077359499307038,0.003080634856121827,0.0019370789288237582,0.0026850845965044356,0.0018039340247005876
D,0.1209118342408941,0.14906486610414924,0.17232574736514708,0.2243904312409355,0.0388232928292913,0.07207737622956847,0.11502174212379943,0.06167709392326326,0.09416814091909619,0.05299789866344186,0.0025514668353601153,0.0027235492668059003,0.0021212094477913055,0.0027204500801892226,0.0010357227320811904,0.0019654362885761357,0.003118258976963015,0.002296169886204815,0.0029587312003870013,0.001994475488514387
D,0.12078616818755702,0.1487218620187664,0.17211754487169495,0.2243103641050353,0.0387811606067515,0.07219105122585096,0.11519351670198481,0.061704857858619434,0.09436876048231088,0.05312791179758801,0.0023975792918511105,0.002361744479581734,0.0020577663562215145,0.002761051527704614,0.0010394405052623523,0.0018158621369500367,0.0028556576602103033,0.0022816891865954196,0.0026695989569760774,0.0018612247079802433
D,0.12086696938242918,0.14851740251389756,0.17219894702743013,0.22423024335327152,0.03851105409545466,0.07229648278240489,0.11514268307091717,0.061695521581308935,0.09436685910726958,0.05296561463668139,0.0024825707181303992,0.0021431453960558972,0.0021349674031082276,0.0027147322535212444,0.0012308902912348324,0.0018592081668273796,0.002867720740695763,0.002268981420927265,0.0026691395932732184,0.0018668909671868525
D,0.12064685590601676,0.14814801899844587,0.1721164332228557,0.2241100320312804,0.038439107250009,0.07236298490688758,0.11521572440765644,0.06176074374789895,0.09455387348929303,0.05292354481431013,0.00233910680753752,0.0018581305372636285,0.0020700023110310785,0.002640930781923648,0.0013002402538712131,0.0018268628351573888,0.002870036000345376,0.0022588526428332116,0.0027135487028486474,0.001875012850413142
D,0.12033561841288094,0.14782997617694021,0.17207897157093874,0.22406004818930864,0.03844786637308715,0.07259076152963537,0.11544789975457448,0.06195414051076427,0.09481834330485306,0.05291899703372026,0.002012370142858207,0.0015444505673699572,0.002027001231664039,0.002604512650809477,0.0012935652523544934,0.0018693909983169663,0.0028660149863558347,0.0023142202258397554,0.0027412325113942058,0.0018761423757068687
D,0.12029725565832558,0.14758101287864422,0.17179070399804136,0.22372230198634036,0.03836583094711331,0.07247676836227264,0.11518492597451065,0.062022187809186835,0.09474646801295816,0.052895692734285606,0.002072949029975002,0.001987634646481175,0.0021966260304316903,0.003025645418633332,0.0013198250745370362,0.0018435487878889064,0.0029567275413826294,0.0023044533816159365,0.0027754945628417926,0.00190369466193328
D,0.12040800141667929,0.1474337636325163,0.1718041495587128,0.2234827098137055,0.03812530756479937,0.07227977196576216,0.1147889046913843,0.06185182923103002,0.09448382014808598,0.05264377608762525,0.0021563772850795118,0.0019140460958436377,0.002209636954808754,0.0028429581657262878,0.0015972122957245995,0.0018312422331289535,0.0029235533149012077,0.002276199075904198,0.0027289656519612713,0.0018765095445458936
D,0.12057175418550556,0.1473649698615169,0.171979362384472,0.22362794757623766,0.03791219398131516,0.07209530559613053,0.1146142432677485,0.06178668378339704,0.0944841405031857,0.05263037271409256,0.0021596037951607905,0.0019188321561672227,0.002211941329102612,0.002857137272635422,0.0016538976653783061,0.001785479217622895,0.0029061547024322493,0.002241367635052297,0.002729060989469353,0.0018738758962782032
D,0.12081643760282286,0.14744427217431139,0.17210692418257661,0.2236031791737641,0.037764294132563166,0.07194980375633685,0.11439334118286706,0.06163503329230928,0.09431924440345854,0.05244738943959417,0.002110413390737848,0.0019150832261031002,0.0021314408106741177,0.0028587577046980755,0.0017263477500188804,0.0017505900100295234,0.002853017605565858,0.002158080721561239,0.002660634727338586,0.0017432629504738068
D,0.12095660878161255,0.14745883405697702,0.1721255807715702,0.2234096030575518,0.03766594993908415,0.0717615920727522,0.11405622156563458,0.06153269690892886,0.09409890498350545,0.052219155374252625,0.0019511119887186273,0.0019090497530041596,0.0021340187351278394,0.0028674097938013532,0.0017191957408005329,0.0015772676515797435,0.002651256566936703,0.0021667820991506646,0.002657328161540146,0.0017976615928183407
D,0.1210047604382198,0.1474617895306159,0.17222286847805093,0.22358883078177869,0.037527410502561406,0.0716978678640274,0.11413323482234292,0.06138927127613038,0.09412545285462258,0.05228847638312767,0.0019138941273093516,0.001906421139559657,0.002117421237132146,0.00286087747048918,0.0016697581027760799,0.0015395086577217284,0.00267339373795287,0.002068288158799186,0.0026730815200480033,0.0018162565825290298
D,0.12076958925783235,0.14717476631675527,0.17216329351235352,0.2233100504846882,0.037401041846507166,0.07191649868789142,0.11417753664583433,0.061434184039279416,0.09409748510953499,0.0520642224823228,0.00230122678229544,0.0020426592234763868,0.0020987092914220144,0.0027443491214890043,0.0015507259324294314,0.0019632090908498863,0.002754166561154456,0.002061874154946621,0.002655137596406817,0.001784191214536958
D,0.12036820103387565,0.14689961919580924,0.1722494117780152,0.22316826839864085,0.037285679271181094,0.07219077144037105,0.11437490635619782,0.06149534033997852,0.09414286359709065,0.051828710257019836,0.0028496992669139573,0.0022604448365626867,0.0019886562616218614,0.002899013420602024,0.0013863564107757492,0.002100832928179673,0.002773177703895256,0.0020875499499811855,0.002650633396452597,0.0018347808700614834
D,0.119849074643845,0.14658306271427635,0.17186617161467843,0.2226468273358389,0.03734194777660391,0.07215502883635172,0.1142474680484121,0.061601093707068066,0.09403951582257498,0.05170365220884261,0.0034929342302509408,0.002619480507668793,0.0022116344113908147,0.0029023449674838585,0.0014152137445479474,0.0020736450493378197,0.0026006454275715714,0.0020764195110159517,0.002556335434389695,0.0017664696707436933
D,0.11969799858677566,0.14662013275728092,0.17197714030474023,0.22288762880872043,0.03739423003727209,0.07235233035848096,0.11457921169393018,0.06173258887648775,0.09425416349821687,0.05184879481113778,0.0035616812888024842,0.002618014255399359,0.002091815596922448,0.002605278482407271,0.0015122227558292975,0.0020605447876771285,0.0023134332040427048,0.002119948232307777,0.0023563920109980004,0.0017081685471150689
D,0.11952529994495638,0.14666472459754037,0.17179112181775774,0.22276807357195852,0.037482090535856834,0.07235488019455713,0.11457404030055196,0.061784421130536206,0.09413688959293307,0.05195091029582847,0.0036023323399804598,0.002625180412412613,0.0022857208668823955,0.002591809624327458,0.0015844213076568528,0.0020577128020763027,0.002313688475453562,0.0020900878827763017,0.002380024013217359,0.0018643248417298352
D,0.11893883661015345,0.1461563379863075,0.17165007132634041,0.22221368306234185,0.0375174950229248,0.07254457539923553,0.11452860825229323,0.06152414335377959,0.09377562979022394,0.05153628734581504,0.00467713786928095,0.0034690151270153047,0.002512641753033264,0.003326000698957776,0.0016289939290921372,0.0022696454999728776,0.002261747100893643,0.001939499021640641,0.0022315262439700978,0.0018180454271902017
D,0.11785965719513522,0.14499394364466672,0.1709738996890883,0.22114066242189293,0.037436508961783785,0.07263119364284357,0.11434465720267888,0.06122503681786334,0.09339300810646822,0.05117879945032352,0.006377853461836715,0.005227861645735104,0.003616530869437117,0.0049873702457766764,0.001582064450642322,0.0022842913388670108,0.002243302084892017,0.002068660513718276,0.002396502600998181,0.0020596473814391415
D,0.11602341895421546,0.14313781523139674,0.16948239157711634,0.21936525704634646,0.037318441982227876,0.0727558088882487,0.11418257770577267,0.061112955234763636,0.09318224397119895,0.05101389260404922,0.009089993164202595,0.008407057718599157,0.006869346146673414,0.008181182074816353,0.0016870625859103326,0.0021284896869894518,0.002454219426637543,0.002238845256275751,0.002651251885154551,0.0020171829752282187
D,0.11261256860328846,0.13918095401405983,0.16567070719168836,0.2138942941751804,0.03734500819294803,0.07290928755993549,0.11408312568375231,0.06106192140142956,0.09300276165919714,0.05088007167706456,0.016286020881986874,0.01796796129692465,0.017521262947920974,0.024760243637215348,0.0017101254534658778,0.0021839273932939825,0.002540318633022444,0.002290166188822734,0.0029196714121618303,0.0021302652738407553
D,0.10959879226888765,0.13579108721760136,0.16193812577293182,0.2081341575495442,0.03753841763057805,0.07312762949623854,0.11368283083894984,0.06112728005618053,0.09252687485811145,0.0505121167602431,0.019372290633914633,0.021788349905014725,0.02252076248886549,0.03376561333212194,0.0019047505422702348,0.002179397404636993,0.0033831347760138564,0.0021671277138395296,0.004112816515694403,0.002879253485449674
D,0.10679540659023949,0.13251891345403194,0.15852534531376145,0.202500681235741,0.03775017369282521,0.07326422501429719,0.11324609556997864,0.06098452803018669,0.091885614514391,0.050049372343200185,0.02125052224601094,0.02444006928922883,0.025848663532805446,0.039812990150076395,0.00219045076771006,0.002112774142363439,0.004038966551504189,0.0022768980412586435,0.005012319810374548,0.0032593354624321025
D,0.10372624771242758,0.12917531029451812,0.15489377019205705,0.19685815368294887,0.038070131168464666,0.07328334890052918,0.11280916788633999,0.060636622185116916,0.0912210786392453,0.04965356634225866,0.02288487332709273,0.02645052963311835,0.028272977325690816,0.04399439078171206,0.002252365994780384,0.00212154498999982,0.004393011395535691,0.0022127055386521456,0.005420611310670014,0.003544483613087532
D,0.10087992205648096,0.12583597279459466,0.15127552882700196,0.1911089196824532,0.03837737750621329,0.07345273188290048,0.11232695488325886,0.06055837111755097,0.09052493227825828,0.049221304634863086,0.024171945310767058,0.0282474237529735,0.030284735622215182,0.047375093858961416,0.002433901864488997,0.002155141136722005,0.004542989211474465,0.0021896420138821835,0.0055305667858404645,0.0037342106860008676
D,0.09823508759820213,0.12259665992066274,0.147729189011142,0.18532914768363734,0.038686383504713824,0.0735586924454991,0.11179292841537784,0.06039553880849602,0.08977907751511262,0.04872911794992647,0.02485628253963338,0.029385363351183746,0.03153432133754874,0.04981574833331091,0.0026874303861656413,0.0022818822268019638,0.004518982310342343,0.0020080424509675296,0.005529791543217722,0.003925329303833845
D,0.09592148865548081,0.11971886856441086,0.1445488603430448,0.1800301002952663,0.0390283604506647,0.073886165836695,0.11169209197239796,0.0603182745143385,0.08933906630602499,0.04840676783161525,0.02518059920455949,0.030145631001399602,0.03254020117081516,0.051763287456557665,0.0028993003365057894,0.002470283012805342,0.004542761651006361,0.001961025611667024,0.005625280546400913,0.004034793940172163
D,0.09294089682180662,0.11650036623922974,0.1410300076333964,0.17460839007866097,0.03955682656335497,0.0743929892063927,0.1117222641363023,0.06030064741858153,0.08896065207589529,0.048014747460061874,0.02532035772755727,0.030494316814198844,0.03296075592720121,0.05260405882910981,0.002926575856562908,0.002752063954346375,0.004541881778990882,0.001959878802619486,0.005655991013616851,0.004194514139052874
D,0.09050887012857317,0.11306701504072267,0.1371486829135165,0.16826330802274428,0.039865197678484544,0.07471128531723467,0.11138020092342804,0.06025117354462034,0.08828856338483057,0.04743439914101245,0.024725073956641246,0.03077886642895227,0.03345511296892168,0.05374962087338648,0.0028003546441339056,0.002684420100840855,0.004670103443816462,0.0019189391749714312,0.005661473189654841,0.0042843916461183865
D,0.08791949810869856,0.1096955890655125,0.13364897636627243,0.16246792750907918,0.040279461672921804,0.0752078114799556,0.11116771729780003,0.06035424236674154,0.0877518185065562,0.0467915562924239,0.02391549906631406,0.03044721313915277,0.03329232444034689,0.053764554281688706,0.0027407897854348517,0.002862932299255666,0.0046887820373565335,0.0020301451182330333,0.005615460335934672,0.00450974229516018
D,0.08523314909705015,0.1062613281783364,0.1300087404108306,0.15678368990412106,0.04053627781488043,0.07551538509501901,0.11093899294744633,0.060417518397053435,0.08731333860064415,0.046430371109936135,0.023169180765352695,0.029937187880560576,0.032811433532838434,0.053236031808428605,0.002647104302420081,0.002777872548551275,0.0047295759263081315,0.0020494868611119275,0.005605440553955752,0.004557056818371741
D,0.08261109811844926,0.10297854552612769,0.12639132274171572,0.15101575625568778,0.04084207959109366,0.07582958285979974,0.1107299102013564,0.06040582176730167,0.08682390828911865,0.04600592326397931,0.022029140486642642,0.02900764132371448,0.03187073049827222,0.05174064631949587,0.0025511919110174416,0.0027190428969110503,0.004608449907632987,0.0020440450187540326,0.005244920711444082,0.004271569306679591
D,0.08052006463367914,0.09987273857162964,0.1227115254862925,0.1451302262575911,0.041020744016163735,0.07578691047627291,0.11019992100284018,0.06033511248974249,0.08629051276801773,0.04567866636975774,0.02079994555530887,0.027801927249736926,0.030585124751284318,0.050016486730066,0.002449184309725673,0.002700893447983354,0.004150847790396568,0.0020270801567271197,0.0048595793419107195,0.004188295010917433
D,0.07841081913273538,0.09679486860037503,0.11916661384585017,0.1395804383175485,0.04119045659740869,0.07591751395357679,0.10985595506908277,0.06020205652133724,0.08579270913439765,0.045271399585637404,0.019493583892541126,0.02626838465810609,0.028908693811453112,0.04764218750193507,0.0023698506482015226,0.00276161327339338,0.003890033401715133,0.001936562667438148,0.004509875527963538,0.0042217137893690755
D,0.07598445437095669,0.09372757006683012,0.11599318928660177,0.13443017091907475,0.04138713824347377,0.07612931398895956,0.10953095957884203,0.060157738478198566,0.08532094984525516,0.04496904969037567,0.018269367822255727,0.024469999824244984,0.026896859971541617,0.04437731611255818,0.0023087186871775215,0.0027228198865118544,0.0035647161094200766,0.0018957745537563023,0.00393339009702799,0.00397414536849679
D,0.07387887172530343,0.09061922954880576,0.11257333804933807,0.1287126086271584,0.041485478206631385,0.0763299423284475,0.10919832279763823,0.06001639520235256,0.08481127114842249,0.04446524895772942,0.01570745760553666,0.021260130842131835,0.02390439802440429,0.0398952744700044,0.002315265288027928,0.0027129357145612622,0.003281700812177381,0.001725942269901114,0.0033992431428774526,0.0036052872867814675
D,0.0718990730033219,0.08744013126480464,0.1092333413493127,0.12289617856080892,0.0416378661664003,0.07672929051152397,0.10895435900384842,0.05992215126581628,0.08434649582196733,0.04375298206738145,0.01225928348512094,0.016801765514025634,0.020367802956750614,0.03391300632015689,0.002285541064391385,0.0023255102326635987,0.0030589444634984892,0.0017175991667059086,0.00291028178247409,0.0025885429092012157
D,0.07063281237138024,0.0849367327362396,0.10603691805466717,0.11748453600197943,0.04181038354908243,0.07676644591797198,0.10856077486752189,0.05999630961385847,0.08399747776382929,0.04348379270578922,0.009744192604488748,0.012525819106218566,0.015594660027964061,0.027036947737694172,0.002276287677198559,0.002331696210369303,0.0024886627417751678,0.0017602266230595587,0.002436464805181922,0.0024283680663775144
D,0.0694336389377839,0.08267394882325028,0.10317591114547389,0.11255617004572774,0.042088261813488535,0.07693173686570508,0.1083618330395802,0.06017089815604994,0.0837389677683238,0.04336997423344417,0.007381430928110338,0.007882796700945976,0.009619197103888918,0.018294420338891865,0.0020753944716761837,0.0022334211249933527,0.0022911912439519686,0.001676964743611216,0.002177975257626996,0.0023372651659401837
D,0.06905424744123731,0.08101190961207841,0.10077507675408988,0.10773965944358906,0.04236333438748412,0.07707087202615241,0.10810669243048006,0.06026813610233365,0.08334476759289401,0.04301679399085256,0.006616105550541449,0.003326632708916695,0.0025696908650337286,0.004810548878000405,0.0013053851018960893,0.0019379753376561374,0.0024210650895680375,0.0015270912039151091,0.0020578259086229313,0.0017802416170440286
D,0.06960278418957978,0.08153553354267755,0.10099250926464012,0.10746374559164071,0.04254171932634847,0.07715615005209284,0.10790516530303518,0.0603897697785976,0.08316261742983252,0.042817619510970406,0.005688668742706456,0.002111111644607592,0.002270502363484662,0.004715143668317656,0.0010650718865175127,0.0018882939614684668,0.0023402086945236147,0.0014609206905264818,0.0018669133801050973,0.0014124939784714548
D,0.07085122529069462,0.08142375044348227,0.10020958422520491,0.10606812009855082,0.04242381824987584,0.07717209022931856,0.10791208063966964,0.060511370735281775,0.08322769211789391,0.04254497119736514,0.00669057001522832,0.0021846415090873645,0.004345684598973375,0.007660489827131318,0.0013100164221074493,0.0018726280669550328,0.002327778473287854,0.001313493537950043,0.0017460792843619491,0.001974361786149823
D,0.0719636128047084,0.08141532473571977,0.09942209183862732,0.10478189079572327,0.04226538795411337,0.07720812998746741,0.10802380137407326,0.060400456748216626,0.0833017940724751,0.042331648365543185,0.0076626372692314565,0.002180015915377969,0.0051988187692326715,0.009017360935983319,0.0014700863293688666,0.0018077122746239258,0.0021622438767246125,0.0015918215408374397,0.001607764694229279,0.0021241830083741087
D,0.07318091390319183,0.08139003899902847,0.09900316859006479,0.1035875998277552,0.042314696177534736,0.07716685588735768,0.10802455498820844,0.06035229983970012,0.08319429815370255,0.042276845996119375,0.008037707343576797,0.0021747244702828997,0.005284568212837493,0.009523184877075128,0.0014614285074397793,0.0018785695074689938,0.0021612766456413166,0.0016833441454417067,0.0017743139602843037,0.002108898162997957
D,0.07350203069312101,0.08115361985130656,0.09841753092894417,0.10266727416690438,0.04212818691133937,0.07679037912057138,0.10758025680248098,0.05988043394957807,0.08270373737076706,0.04208917444857499,0.007755916429825519,0.002595064670640633,0.005704890766529797,0.009780949126886939,0.0016310097493996438,0.002736346356709795,0.003147084932575962,0.0026379831687911555,0.0028045266866095894,0.002156615911348577
D,0.07330950622392499,0.08067761031468206,0.09774304069747076,0.1019349067798246,0.041948594435675425,0.07647901701971435,0.10727165227531792,0.05953974397450249,0.0823767111544473,0.042051033391906786,0.007965681937225716,0.0032433101992992946,0.0058998877045242076,0.009760268167772196,0.0016432345877775663,0.0030104340048986615,0.003481247092974593,0.0028761765589718803,0.0031464759489390997,0.0021545862299780544
D,0.07258903204422192,0.08022596386134481,0.09738688921153035,0.10161351353503582,0.04190066929946447,0.07602085870086835,0.10668369840018085,0.059276685752997174,0.08194398723701532,0.04203466598604214,0.008800927057574686,0.0033056516556174446,0.005711156167744401,0.009559493883037307,0.0015957720066503687,0.0033650549622765173,0.003983973021538916,0.0029880443539068028,0.003478176981208272,0.0021409730915766738
D,0.07237569859458089,0.07981533552729062,0.09698020771201603,0.10094021783853527,0.041825567175840905,0.07546866352437541,0.1060746184645462,0.059055632013435354,0.08155725303928421,0.042123448482203535,0.009067748738937967,0.0034854924636110486,0.005534947566672115,0.009053058247974413,0.0014929962157864906,0.0034632544641672426,0.004073701420265169,0.0030694923804166566,0.0035562465045103566,0.0021991866988971607
D,0.07300248402185264,0.07974102758474937,0.09648318329363628,0.10003932604376493,0.041726524050056675,0.07505262370735964,0.10572949843941822,0.05852733180167023,0.08109228974008978,0.04203395393811264,0.009546446600463743,0.0035407022792804943,0.006021416925164288,0.010098691865349394,0.0015670391948346153,0.003725270995656361,0.0043163297519952445,0.0035017713274453767,0.004058971486269641,0.002267671651769238
D,0.07317503818918265,0.07922110228305432,0.09550137179924709,0.09873196809927674,0.04143895422242751,0.07441435596720727,0.10513289073896022,0.05794869053115577,0.0805570151375337,0.04196525211898475,0.009538509264954606,0.004086301845777503,0.006620399425928159,0.010749107931302912,0.0016807010372406222,0.003758389915378725,0.004669481651769059,0.003593212121659399,0.004441970844738827,0.002372598049261805
D,0.07316914235998398,0.07897900583402453,0.09491550329130027,0.09794790330896912,0.04130180461267503,0.07393102095747826,0.10455474687581286,0.057467451629566346,0.0800569515234565,0.041743414972489484,0.009542821268962099,0.004283076782021044,0.006732225893129177,0.010633431724579624,0.0017407160396257176,0.003928006090475074,0.004992487673604725,0.0037089784587235977,0.0046650828552944204,0.00252369378169664
D,0.07274838692299798,0.07861930775078188,0.09446428757405959,0.09736036435230164,0.041172319791556555,0.07353615167213103,0.10383184602790681,0.057159037339080745,0.0794122464888371,0.041430316574872214,0.009958745681580889,0.004468738975324904,0.006649001889676449,0.01027950204794719,0.0017106966280555002,0.0038654255683190732,0.004988695970720393,0.0036376477438562257,0.00466661387633356,0.0024956326071213382
D,0.07150956977652054,0.07816228038126943,0.09412810475854125,0.09746223952098426,0.04109170692459724,0.0731627607325183,0.10336283038560572,0.05681022940719621,0.07900134141458304,0.041466186748924674,0.01127423495965094,0.004626164476948576,0.006597967269923175,0.010355826602904655,0.001740943915539944,0.003918121383302139,0.004926350451886271,0.003668294743901514,0.00452741321533431,0.002532111477844834
D,0.07088590447316195,0.07776973282448411,0.09364729747486948,0.0968975554301168,0.040933910145781155,0.07258918199597192,0.10271067645931811,0.05645041712436284,0.07849867391753282,0.041626742574817646,0.011632720023807308,0.004699087162231407,0.00653486093424418,0.0100839361071061,0.0018219398113113825,0.00394492246918171,0.004915946115786572,0.003662620471956201,0.0044627911557127056,0.0026019380101263193
D,0.07043109891246933,0.07702686506766453,0.09274990852231675,0.09583989861974777,0.04067403208095781,0.07193930021525591,0.10199940336220267,0.05607030287703775,0.07796993092668447,0.041645315667456925,0.012120810603468694,0.005481945957508759,0.006345000887259005,0.009238353030905748,0.0019426398147893546,0.00412592180933845,0.00481259542946077,0.003510128487581903,0.004159068688385319,0.0026303489588620768
D,0.06984521503324324,0.07620581337209181,0.09202212350704615,0.09501980564073982,0.040444184908674935,0.07168849563211589,0.10158552035397436,0.055884216451731764,0.07762948688725815,0.041561262879948595,0.012190744501554197,0.0055006282294566364,0.0060337358407164,0.00889500389427787,0.001975951537038451,0.0038893590361416723,0.004545504536544007,0.0033466781007077916,0.003939852324383696,0.0026300303968042537
D,0.06912512976127808,0.07551819983410049,0.0915765884960593,0.09456501357084914,0.040259232027418705,0.07156461770937851,0.10141811905277272,0.05590045821698168,0.07755386595206701,0.04179711381475128,0.012145799076030105,0.005349861384352787,0.005677047180332136,0.008569167529860325,0.0019347483364134835,0.0037195935567343867,0.004305083011870701,0.0033633764208277723,0.003844609505476747,0.002810922536945066
D,0.06889301359775676,0.07500567271971302,0.0909752762334444,0.09369461296519477,0.03995852545603521,0.07150290815669999,0.10122999849495082,0.05580796615377058,0.07739230455625147,0.04186227577221237,0.011970139988731768,0.00476041271207902,0.005092718948330877,0.008367532157479053,0.0019016692178887502,0.003629643574532941,0.004051347208979857,0.003225205446539561,0.003618500378405641,0.0028395456723246597
D,0.06910669687722339,0.07492924166932025,0.09055028382459454,0.09300161943253318,0.039699811056272696,0.07145890876767852,0.1009141917552695,0.05567897328662021,0.07708727995471201,0.041575564050321895,0.012112990924903175,0.00465678575587131,0.004440577781888619,0.007884347293685688,0.0017983576097854736,0.003565754929624579,0.003674120025568323,0.003062037448069015,0.003328709682196463,0.0028786627599255814
D,0.06816679278128317,0.07467249709107843,0.09060430687228259,0.09350047607923448,0.039662279047250004,0.0714649508734175,0.10091025131940905,0.055600667741274826,0.07705794718856576,0.0417310772747148,0.01199348999073369,0.0044758238348754035,0.004510887248581943,0.008258976884369999,0.0017944243241559202,0.003570094030506802,0.0036703301699143693,0.0030026485975662197,0.0033032384036248757,0.0030266820199261464
D,0.06828858587694218,0.07448243159477287,0.09040431030713945,0.0932892047769345,0.039558370118650064,0.07135995799823372,0.10091390338762243,0.05543602547731631,0.0769954907123862,0.04176690323297899,0.011967078345063737,0.004314948143639562,0.004178354114708065,0.00797310337459577,0.0016752149831067184,0.0034385854731099827,0.003676365261537869,0.0028001947610792745,0.0031909532257160906,0.003055921860084421
D,0.06730406743585558,0.07448897975869748,0.0910366469395117,0.09446022008125463,0.039587332989036994,0.07149466657439821,0.10118126026398604,0.05531620678573361,0.07710832921072999,0.04215108614227897,0.011110685323465775,0.004321815274696723,0.004118359818757599,0.0076103447527233435,0.0016674751464739379,0.003643820409920722,0.004050633287801691,0.0026502490220777666,0.0033485922982851974,0.0028406364880901157
D,0.06651936965036043,0.07431549330319916,0.0914381447534157,0.0951293946439439,0.039494002642400904,0.07147694859391443,0.10103101128899128,0.055460267378311404,0.07709779728098196,0.04221888070658354,0.010070097381787827,0.004056940088401056,0.004074100660171656,0.007218904098750089,0.0017289245889586633,0.0036312879285601675,0.003932050653794325,0.0027439274377042003,0.0033370379442485515,0.002776886213459182
D,0.06528871360651527,0.07422747331869282,0.09188010121104336,0.09627648302458558,0.039377095172862496,0.07165642075297762,0.10111591452411264,0.05551395805344206,0.07721646284291943,0.04227639369834625,0.008908965095313633,0.003914414097899897,0.004746594777967832,0.007840971784280986,0.0015937346933984178,0.003816292518292527,0.004039259491790104,0.0027795502234713447,0.003462092309378728,0.0027908115033609946
D,0.06485577286350627,0.07416482057032998,0.09221724817190743,0.09693440200586463,0.03944105338397105,0.07194449770271373,0.10154056791013484,0.05596812975137122,0.0777273268776784,0.04259162253199366,0.00889820582731216,0.003916898146184242,0.004763123133481506,0.007940574016921036,0.0016009809772015834,0.003742876133805304,0.004079911495427364,0.0027511553404031093,0.0035884876467903296,0.002844766415046568
D,0.06496915219935898,0.07450938151097516,0.0927163763832472,0.09751754417829198,0.03938611880110833,0.0721365459118793,0.1017102099064067,0.05619507014074847,0.07796104728604422,0.04262230827258178,0.008887204129750028,0.0040286574942063344,0.004986572357517693,0.008219071832926856,0.0015952026832416959,0.003787335836144767,0.004113960742268999,0.0027972421118452858,0.0036306850379486367,0.0028394035453074007
D,0.06647700162968709,0.07463731458732607,0.09243716928708409,0.096626809709942,0.03924352452859427,0.07269009621639981,0.10236982179701944,0.056577586318024356,0.0784730142683199,0.04257220110504029,0.009757583513451676,0.004097591367712234,0.004889828351420086,0.008367793902592213,0.0013734325973558104,0.004112894875011259,0.004491494345032184,0.003177479106975423,0.003928251745193145,0.002829376317294692
D,0.06709903585138728,0.07431414694295142,0.09209445011955539,0.09604073814091504,0.03911594890710356,0.07304637935032915,0.10278028573023779,0.05686191070685155,0.07879289324092466,0.042514791394002535,0.00966837016052495,0.004348603523499867,0.0048996231285703025,0.00841324066239643,0.0010860625814065477,0.00413968309742504,0.004602030614537891,0.003348539985264261,0.0040674026506683485,0.002803444117585402
D,0.06622479065270273,0.07437129941777065,0.09275190523444618,0.09715101745789277,0.03923328128408171,0.07329538331662858,0.10309565416092262,0.05749719861985588,0.07940917780812431,0.04290887005824505,0.008650849021491023,0.004383341854742116,0.004934034876433526,0.00770705334220765,0.0012508002283170856,0.004027225048908501,0.004582621434183444,0.0033472786335965086,0.004009428900370648,0.002900662916234765
D,0.06602952184162927,0.07480929455525537,0.09365842986972954,0.0984032910715599,0.03957599901258022,0.0738715729542772,0.10387400850092399,0.05811105805428159,0.08012182145925577,0.043335288683677184,0.008507558644331704,0.004390296042755782,0.004587080074952218,0.007004226425177049,0.001730755623318178,0.004074882983536043,0.00476650173126225,0.0033883746849769376,0.003972205581221643,0.002735925395623498
D,0.06611306166172318,0.07506741037987502,0.09421805117036253,0.09914869943041006,0.03976509072674403,0.07433897028108234,0.10462658636664832,0.05862411093199654,0.0808305592388008,0.043789132570440946,0.008516386966260886,0.004444090598243834,0.0045544385470953274,0.0070840885032984096,0.001884594962772283,0.0039061439409938154,0.004709129326680427,0.003198369117632498,0.003951794946298489,0.0025548841604090293
D,0.06648656212968243,0.07533719956877669,0.09476202465971945,0.0998758156667346,0.04002874091803103,0.07498707437414534,0.10551613326380356,0.05900029424358448,0.08152121164669893,0.04390923126162743,0.008363604665475248,0.004470667085473764,0.004828257840910671,0.007659766381903307,0.002275253030876675,0.004258657595867947,0.0048605659628397965,0.0032016964009561315,0.003774280784214563,0.0023610330680692887
D,0.06789734438413887,0.07594448382243123,0.0952788467527593,0.09997779766834827,0.04021160817609613,0.07547528869076893,0.10615038070828409,0.05948413764212749,0.08215185039505464,0.0438480705856167,0.007544736443591453,0.004821757964439318,0.00504677616273963,0.007755731929371006,0.002384111278923426,0.004108974504535276,0.004870394209380318,0.0030103755248400304,0.003957779803592407,0.0023643147470694174
D,0.06911818977028235,0.07663016734288915,0.0961864602176902,0.10059009433976818,0.04059463915499174,0.07633409414803782,0.10710283361059378,0.06016210777616175,0.0829294048186908,0.043842689155881145,0.007873851819450838,0.00532762392703617,0.005606504356874622,0.007934683407870187,0.00267880363861061,0.0040329965413042745,0.004769944998442492,0.0030208484678766728,0.003865573114906674,0.0023634741669526613
D,0.0705511256449515,0.07759361312633671,0.09701436687573811,0.10113021937866429,0.04090542503832077,0.07741828591807393,0.10805494655856143,0.060721543498990074,0.08353265027922813,0.043478810316020834,0.007474103525071118,0.004780045707865445,0.0051870669742412725,0.007801314367486366,0.0026424514738125266,0.003639371506504121,0.004328628022079896,0.002839571759908069,0.003577799745118102,0.0025807194633745536
D,0.07077824665192181,0.07842813897211634,0.09834501498371193,0.10276624930280671,0.04141728610521957,0.07829252774723276,0.10907666288423867,0.061308700150302355,0.08431673537562459,0.04362329910835479,0.007303034153164226,0.004531845853749699,0.005992192338258315,0.008868512106019612,0.0029937197864640017,0.0044935099782566,0.004846340751487442,0.003223855503766559,0.003773815735514316,0.002504951011771754
D,0.07050597104628462,0.07881862123201377,0.09952760885050246,0.1044887043423808,0.04181194182946608,0.07909644783335015,0.10981567175916722,0.06168873146442486,0.08473475409971196,0.04325742086015841,0.007678192688359522,0.004121843575880015,0.006895385149969171,0.010650638227763173,0.0031566707350285765,0.005305129500337009,0.005439419488146382,0.0034301138695253313,0.003924986609587181,0.0026435149379751047
D,0.07096000629999882,0.07958055545747435,0.10075743883614377,0.10617921080353106,0.04224490879253724,0.07963199588320566,0.11048515231548417,0.06204015850541038,0.08527821908637917,0.04306811272695053,0.00822743306785299,0.004863051929787847,0.00735308184713955,0.010484052926416073,0.0031032852866690287,0.005528973737430897,0.005635614053416873,0.003580532259302124,0.004128516747101506,0.0027373459021724023
D,0.0702528104346655,0.08047981083810249,0.10369460661184585,0.11080079872928723,0.04255144362582755,0.0801988992253124,0.11143604574891523,0.06251134341411176,0.08611770893188712,0.04327504682071421,0.00809674675761556,0.006389384195841576,0.013314248752532985,0.019632948797249965,0.002966729287646187,0.0057322004850926785,0.005814390225759114,0.003692752650169906,0.004166287648778196,0.0025298691540896917
D,0.07313567693842403,0.08398904787829055,0.10860510486418598,0.11751518830165611,0.042651564671973854,0.08067894963059034,0.11232197386467753,0.06311196119704236,0.08711201847731882,0.04347788252536016,0.012991936557583026,0.015476309029215972,0.023855907253431254,0.03398159928750723,0.0028947729953284485,0.0056005652069126095,0.006021721032800349,0.0037494224653944423,0.004826788221920546,0.0028801077379831995
D,0.0760102563947822,0.0877576116629117,0.11378171837426039,0.12460613559169342,0.04268437951699168,0.08095148052030712,0.1130422736768902,0.06338537431187344,0.08783826030137865,0.04377493601381348,0.01701882152787243,0.021263455021242356,0.030739797828694366,0.04351790330165032,0.0028745434662851388,0.0054357059132628715,0.006203165058661414,0.0035180617258574274,0.00512271692068348,0.003260672479686778
D,0.07892841403101539,0.09150563359441909,0.11900137113470895,0.1318089550137082,0.042787195538349,0.08106187142446024,0.11372993197882819,0.06365025044148716,0.08860613468150844,0.04410371178267248,0.020115147465668493,0.025573264793148504,0.03582939259074183,0.05070260918807176,0.0027913680445707254,0.005400393016585494,0.006487116986864881,0.0032617194677185767,0.005443186508789364,0.0035960428890742693
D,0.08146612259982944,0.0951584159464354,0.12435289264360536,0.1394357433591364,0.04297678878130656,0.08153289116585112,0.11496432160109374,0.06408497804555033,0.08975864862303332,0.044703164637321255,0.02230338127993336,0.02857637988841626,0.039608872236867015,0.056100453147261864,0.0025427927286808473,0.0051590175790189085,0.006628394867456287,0.0031342563740793397,0.00604660184861612,0.003886504678119401
D,0.08460431804265751,0.09882497027060391,0.1292398662623963,0.14617081220869227,0.042999644212011606,0.08170263701184541,0.11572525008527716,0.06445602536917769,0.09059253416247107,0.04505199792316322,0.023787365150046504,0.03097973340134546,0.042566090108996764,0.060245792226178714,0.0025195682336420335,0.00506872140056375,0.006538210251308255,0.002795925986987519,0.006058951893843174,0.004071276211416268
D,0.08789860073783422,0.10294545659090512,0.1345246135175213,0.1533282504379598,0.04298719565285926,0.08201340027015416,0.11652318720458539,0.06467394620199658,0.09129070797977153,0.04533853242233764,0.024824933362431707,0.032755542728684264,0.04458162133510562,0.06328241025486081,0.0025337982869951233,0.00475017647088018,0.006266328687932845,0.0026125212138657034,0.006000229675729943,0.004326408102573881
D,0.09118369067551449,0.10691346967567084,0.13956630181210392,0.1604531651214132,0.043075743573125096,0.08210169890145162,0.1173465538379117,0.06486048660853228,0.09211560784959313,0.0458994575650296,0.025924478476682042,0.03438919914401139,0.04602960693395412,0.0656340076466639,0.0024225437941126807,0.004630789307150965,0.005635828620384717,0.002310332082601816,0.005628367036977629,0.00462801486804536
D,0.0931229085479749,0.1106956613746211,0.14496802630821912,0.1685298048696082,0.043089490375555255,0.0820939879392111,0.11800969827161625,0.06503221129996176,0.09290554507160607,0.046502907944521825,0.02690972949198697,0.035157028844441544,0.04640895449629138,0.06600887555875126,0.002406900915633886,0.004633956924319995,0.005641961562280016,0.002306757712127359,0.005756343350638757,0.004942853688861721
D,0.09595327049090452,0.1151099907235071,0.15051088898833057,0.1764269378105459,0.04309252255936486,0.08219128739610046,0.11869502909019185,0.06523057291752957,0.09368728761250741,0.04698249257698676,0.02746985572199928,0.03505698306534093,0.04597551832511928,0.0655665747186509,0.0024038923753168023,0.0045400230453043755,0.0051869342608358016,0.002162820850064156,0.005491095290451432,0.0050669188850056834
D,0.09880579021022053,0.11881872539753364,0.15534052152289005,0.18360228849959362,0.04296214060277541,0.08247063401919842,0.11956062989072798,0.06549523169654989,0.0946101171620759,0.047364200852411865,0.027441374083296687,0.034811848489763604,0.04540744977903462,0.06494100300427758,0.002527764116316641,0.004173205291859165,0.004339589971909454,0.0022597039204344865,0.0054849713990474825,0.005359785125529439
D,0.10230845146405718,0.12320867453536621,0.1603423455959999,0.1909977130427757,0.04260345017021324,0.0824055912273946,0.12005519006942252,0.06584793213049198,0.09548119439995453,0.04783957122175431,0.0280647752946548,0.03505384663144175,0.044587685377146344,0.06411881245075106,0.002725782974572882,0.004225989392076757,0.004045926755095516,0.002556113999313796,0.005540056758702035,0.005657444977719492
D,0.10627099794225758,0.12791869348673907,0.16531285046392874,0.19803020325381182,0.042285793358653144,0.082205511982262,0.12014234088017514,0.06597754856572849,0.09583248822701271,0.04798280151797617,0.02850494561553166,0.03505070427432513,0.043015485514642134,0.06220325002669753,0.0030124336261603043,0.004543917898678962,0.003873992151544542,0.002434665480697641,0.005233925575159384,0.0056717689295094605
D,0.10996556386696503,0.13253538558248362,0.1699333299989878,0.20469021938392745,0.04202743565338381,0.08171644107570539,0.12021906375106302,0.06604880312586874,0.09623792642843262,0.04852349839460991,0.027903657764550397,0.03428890817762596,0.040909409265163385,0.05978576611029559,0.002936421948675305,0.004904906710670029,0.0037811431543579204,0.002354371458071224,0.004840220042676268,0.005501093886647697
D,0.11302549682959104,0.1366842786854631,0.17444519489193894,0.2114567917847749,0.04181247824813199,0.08157080988286569,0.1204940107375648,0.06608277904448764,0.09653062636491674,0.04896111200764597,0.02743773374751376,0.033216915685024655,0.03807679793736177,0.056021965259819624,0.002989660534736979,0.005030070417696935,0.003369249760896192,0.002312531245830615,0.004579872082517601,0.0054026932645415155
D,0.11584925232580065,0.14078588032228673,0.1787645883495217,0.21819942005615167,0.04142951085795044,0.08097672704075755,0.12040400935431014,0.06577540271664697,0.09660182024118638,0.04925272695861373,0.027085007037177405,0.0318514421805906,0.035087498310583505,0.051152258339855254,0.0028945877229340244,0.005381778977502841,0.0035183779007058385,0.0026066430932431325,0.004485601378671996,0.0052919900754733115
D,0.11852750079172156,0.1447955550017736,0.18316654629517867,0.22491603712611147,0.0411959859913207,0.08033183258541188,0.12031393883151002,0.06554274169150662,0.09674344265681664,0.049811794836298225,0.026243012734673832,0.029386906878827796,0.030409711475140433,0.04408981797237328,0.002902750009283033,0.005474197712471093,0.00367534539306075,0.0028536909743332077,0.004233235366217716,0.004687454126086162
D,0.12204236251992995,0.14875250957658542,0.18714132433565456,0.23070834224091277,0.040680464737683296,0.07939440538242885,0.11982439726147551,0.06509948120520007,0.09663748946579448,0.049956179908387265,0.02374465897562006,0.026222882944645982,0.02603868214701724,0.037541386552206735,0.0024979338463422575,0.00524089429037589,0.004157473045601273,0.002987673779873298,0.004358176128695199,0.0045379057959754774
D,0.12608149315253725,0.15318368231212787,0.19120280399206352,0.23633054149693572,0.04031775638111389,0.07848573481176363,0.1194788304136835,0.06461243582220494,0.09659479752835955,0.05038902648005552,0.01879334733498566,0.020821732831077844,0.020272683158271763,0.029802737846449694,0.002068244230348272,0.004563764213419506,0.0043319930108003885,0.003388209373779578,0.004425685726576465,0.0038079266677679474
D,0.12828070414914927,0.15646502434381931,0.1947702413045513,0.24198532437847814,0.03998565784698575,0.07792723061652655,0.11931666368462868,0.06433941037963589,0.09660487628418964,0.05085704066463644,0.016245703790835883,0.015207600296620771,0.010476049497951716,0.013916017493685212,0.0016178666259604301,0.004154763095909082,0.00442647353004013,0.0034144663293751492,0.004415311990641122,0.0029795707402645744
D,0.13175196644547163,0.15969782441869645,0.19679748630859048,0.24471379204130916,0.03978144738487026,0.07727499422068977,0.11892086974426666,0.06374917840638075,0.09622302277380536,0.051101793245228275,0.007337268672376995,0.0074517583071745256,0.004090722158138982,0.004636126066586766,0.001313299764619669,0.0035669534398386,0.004561299025268709,0.0037588774111624915,0.004903197190939065,0.0024442482810446368
D,0.1327793208886371,0.1607644411196678,0.19676699011531687,0.24469563496954172,0.039727503906474324,0.07667825030776756,0.11822757868820985,0.06295982299490753,0.0953101718478567,0.05086920882391098,0.006819919576650182,0.006866489315000245,0.0041051197211319996,0.004660723566391784,0.0012629421448031005,0.0034406524884820645,0.005049499962712925,0.0041727095972421665,0.005814566550453572,0.0027348745520922864
D,0.13327128000371516,0.16149982186772588,0.19666659698208264,0.24453961511803318,0.03985595343428229,0.07646164804680837,0.11785525767382747,0.06260884776758341,0.09469958645122624,0.05061795506586743,0.006542581342731023,0.006647752463321931,0.004067292040600059,0.004730329778511796,0.0015137255833091161,0.0033470561602230568,0.005074491370879771,0.004448416509124336,0.006254316303286826,0.0029747560262257684
D,0.13307045503903508,0.16145307597207986,0.19601364255185574,0.24362169298279315,0.03988948458760173,0.07641339439654288,0.11744685837802224,0.06239437810953715,0.09409149144377468,0.050222433282381296,0.006808155449938739,0.006703098511832259,0.004350621659712448,0.005783638839414529,0.0015559930089662053,0.0032968356700732943,0.004981266547193489,0.004532495824571723,0.006480719629209727,0.0034259942433088075
D,0.133501404491061,0.16181622497499623,0.19525480664657754,0.24252581197360987,0.03982260614714277,0.07575345531744807,0.11628160527838705,0.061663729541516464,0.09280261386752688,0.049775383148777795,0.006476385745900984,0.00637636799111174,0.0045868821625431495,0.006555850360136198,0.0015231398820508035,0.0031704741119863745,0.005226735395068915,0.004852969767457495,0.006982454415592482,0.0037090263338536485
D,0.13343515499114134,0.16178784256375317,0.1943176941143724,0.2413423625224643,0.03982036709335562,0.07525167472945143,0.11542517897985591,0.06096676801210523,0.09174558901136808,0.04939765430577599,0.006565948264262264,0.006415904155161125,0.005276337493016524,0.007839922469268233,0.0015219621715331193,0.0031586560679666247,0.005582303860252717,0.00526721819430315,0.007597288357176951,0.003992543506716228
D,0.1327733666905366,0.16110838440246728,0.1930933683115361,0.23983771607011567,0.03984000910651125,0.07511446234123519,0.11486679596882769,0.06061023262797952,0.09104669437916675,0.04900254155655478,0.007755595741567555,0.007618376457419795,0.006253398751847623,0.009266353589497938,0.0015264325137282829,0.0030083352119148195,0.005461736917295149,0.005259466570408079,0.007685900266130336,0.004124165806911598
D,0.13199896927532273,0.16046355636676465,0.191689538663063,0.23807989980754302,0.039853941507715956,0.07471775880148199,0.11405436619348486,0.060046301041778515,0.09007503233692496,0.04852780068865153,0.008629475749211905,0.008330192725103472,0.007471684853299048,0.010531164931879123,0.0015364003661739413,0.003295853213539696,0.005747792554401104,0.005604390227770147,0.008049774378444157,0.004109977816046314
D,0.13121972107303487,0.15979543287740655,0.19023428716080545,0.2363624278381554,0.03988638386708504,0.07423823041083685,0.11327735257616416,0.05933209455992644,0.08908325080525545,0.04809811338719851,0.009847045145751805,0.009323637144183685,0.008558213876764571,0.011480422998712258,0.0015558425244593039,0.0031706026250927426,0.0053376458384408595,0.005631813587637107,0.007820398487170586,0.0038817313233527224
D,0.1304648394682192,0.15912331940506608,0.18884029856010834,0.23452660298757086,0.03986854382749627,0.07371134972868171,0.11230209036016173,0.05856362457099684,0.0878600336471345,0.04760286795031894,0.010597943266194728,0.010013912966711735,0.009174706062640398,0.012408399766583322,0.0015480392384158899,0.0032617355994212596,0.005505232981857576,0.005785168344207075,0.008051315753408051,0.003877859692787289
D,0.129818616070876,0.15859066324700466,0.1876247921592175,0.23291244231067415,0.03981404472759755,0.07325823484636199,0.11147716168917228,0.05772841014940712,0.08669946493527067,0.04709928049013652,0.011247172968063173,0.010655134394240196,0.0097576500824838,0.012891007946620759,0.0015830416242807758,0.0030628986323704443,0.005038601876743323,0.005439801515381925,0.007381238812662484,0.0035235895998937928
D,0.1283035237285142,0.15718470220972344,0.1860443158956428,0.2308184459160389,0.03987059765857885,0.07284925105835306,0.11074569037029817,0.05673854559271786,0.08554554807937567,0.04659021139613544,0.011733567477857153,0.01130912652671173,0.010100583883907345,0.012682259207916212,0.0015273674396935862,0.002893152651521666,0.004446692406761034,0.004636184021436352,0.006293845842647748,0.0029113655065291693
D,0.1265806637356778,0.15561985347615212,0.18464735725758818,0.2290163307527408,0.04002094897259275,0.07261888146880797,0.11030395293517783,0.05593189704276887,0.08465497907131293,0.046257143284346686,0.011377765721741059,0.011227229805729468,0.010188368204140177,0.012725377114964702,0.0013426217473514743,0.0030255470407956667,0.004620546247449307,0.00455384153761463,0.006227073564996382,0.0028935064606299406
D,0.12512687732240388,0.15407362617190173,0.18330010187574752,0.22720919348967286,0.03992412178905493,0.0722857954933317,0.10967084947747352,0.05510591232540022,0.0837143873369017,0.04586488975148781,0.011367273625828404,0.011176970975944115,0.010545163263238918,0.012776941034260726,0.0013776933603983038,0.003258766953412743,0.004620899221205487,0.004508510053167899,0.00597930632346621,0.0026213519506792823
D,0.12395746703241653,0.15278462711915625,0.18225610035384748,0.22558681653609192,0.03985436615240866,0.07185820238895624,0.10888896483331538,0.05423480357803373,0.08269550567547503,0.045340043493859006,0.011196736288271354,0.011054217459498158,0.010614683895102976,0.012660950769692056,0.0014540700947110663,0.003314703015629753,0.0045093466156878,0.004479329673272372,0.0056772101796047055,0.0024037702989565006
D,0.122456436535932,0.15131232194653021,0.18094050441231185,0.22393443659257053,0.0399347607614237,0.07166114670975764,0.10848071543692284,0.053614702041128136,0.08198175178902628,0.0450903162091858,0.011054759160329967,0.010764251192418995,0.010648422581818614,0.012361422413854085,0.0014222678960607471,0.0034015092055144137,0.004410909947135447,0.004426955822106866,0.005446208037671279,0.0021538405952288816
D,0.12100887448074671,0.1498693483391506,0.17987403328893525,0.22258239270669775,0.03993944710831571,0.07159900577802084,0.10833105071547613,0.053155637557631655,0.08158049312173636,0.044859955543190694,0.01113566341916073,0.010891266688218756,0.010736938657060964,0.012154933860455738,0.001418922664127011,0.003379957492736341,0.004297918532077979,0.004164311642759451,0.005101796716207985,0.0018737329591607917
D,0.11929377665383138,0.14833573822690324,0.17839066384885743,0.22081751303052433,0.04008208272035561,0.07153918777746274,0.1080660462912052,0.05268398947013875,0.08094379865431735,0.0446613563198381,0.011079196099740016,0.010937378018628695,0.010751053654818045,0.012119624179675834,0.0013487364505394206,0.0033860588708206243,0.004268960791505285,0.003886702601264087,0.004721149934007857,0.001894439563831071
D,0.11770485092693594,0.14683168397000523,0.17705988961868518,0.21922610695449488,0.04011307011327975,0.07152360887132284,0.107839531889721,0.0525159442173451,0.08057427140658696,0.04450801088585249,0.01049101895355525,0.010375025058662942,0.00999673585634668,0.011097227406047941,0.001343880670012556,0.003377677940037307,0.004060415132607693,0.0037510210136278374,0.004330044071538315,0.0017822060869463426
D,0.11655179981566088,0.14583964896497328,0.17624234924856794,0.21788435590127753,0.040171813344935206,0.07138487630787524,0.10739957020637392,0.05204638264748249,0.0798254602069382,0.044046794791431296,0.010466906341795321,0.010321340264538246,0.009863823846335147,0.010813005277659818,0.0013340174008845548,0.0032533088929282304,0.003696804899823383,0.0031462324633342647,0.003473576852207518,0.0016735984974448257
D,0.11512591020952494,0.144523575336505,0.17501522750360562,0.21638079375612537,0.040220952012658025,0.07118040878195883,0.10706010772013586,0.05174003989497526,0.07939671132093877,0.04383022561610797,0.009853583910216073,0.009678304033673493,0.00919212231972189,0.009804144711610797,0.0013458361063406067,0.0031750042999888262,0.0034096671295777217,0.0030380012955145033,0.003116555193854501,0.0014826750643833198
D,0.11339112362123652,0.142840947934206,0.17369697120492045,0.21490801167413193,0.04012117376196997,0.07121167732572195,0.10708216751520083,0.05165680848447196,0.07937762309359807,0.04372846515163343,0.008457456886970903,0.008481069092689638,0.008125830832398947,0.008543287901680302,0.0014004298413268102,0.0031835353541150697,0.00341875742935103,0.003014594347380917,0.0031060650515060914,0.0014390048168156312
D,0.11225080409646862,0.14142637651992965,0.17215257229669872,0.2131954340899119,0.039875881404781585,0.07077615830651074,0.10643065233057714,0.051257929867541976,0.07887717120567952,0.0436244109398337,0.006987601580590161,0.006563587281426338,0.006212002227460428,0.006282702479379925,0.0011428499943541065,0.003111396566801595,0.0032812849961858766,0.0029554936256033365,0.003037468669602082,0.0013808145669021057
D,0.11146169871187432,0.14044142422797443,0.17103383154972374,0.21204782902886615,0.03961167478611257,0.07022838878495824,0.10588398061191158,0.050756471834137194,0.07845904313733384,0.04363471577581875,0.006688993938508317,0.0062053623968746875,0.005190951065074742,0.005340504441451775,0.001197723593345263,0.002433207308657598,0.002718012435821579,0.002480465499167514,0.0025765176151882597,0.0013754851621830277
D,0.10963369830181639,0.13869121570251225,0.16957334421223208,0.2105288799728,0.039528264528259326,0.07035655379597511,0.10600243879331997,0.050707036162172,0.07851902049962374,0.043641122922078814,0.005602068976533011,0.00551426468654973,0.004673941384917364,0.004960175072419324,0.0012293762696963344,0.0024900816187611355,0.0026907621454959232,0.0024516356095590284,0.002577647391638103,0.001374068049165744
D,0.10840661397134613,0.13729328395039037,0.1682982490564297,0.20913594810319397,0.03930596384484119,0.07010146085391779,0.10568692476190503,0.050429587501271154,0.07833105797744769,0.04356944388861959,0.004975919477434993,0.005350355405415009,0.004646559056347671,0.005357630104695191,0.0014049318680924986,0.0027080340183951936,0.0031201950502878586,0.0026688798442356604,0.0027771021022998787,0.0014454135189210257
D,0.10783323535223699,0.136644944886675,0.1672843979192142,0.20810956040485679,0.03916302671376962,0.06944304782969149,0.10508539745561143,0.04984054557010822,0.07775793513729909,0.043598415031828805,0.0050034661965395865,0.005495916590055739,0.004874055634154359,0.005628851528979589,0.0014341692498699308,0.00249740125413168,0.0032425202329371284,0.002361601822434698,0.00284588052806695,0.0014574458437635641
D,0.10716825567506279,0.1358980832628705,0.16652168996832545,0.20724353415231297,0.03903880778957094,0.06921760695456237,0.1047875011276024,0.04950671057550897,0.07741245982354734,0.04357542236732769,0.00483494150627549,0.005246338748099003,0.005197052158829628,0.005940062456584334,0.0013686806563656742,0.0027483953315443396,0.0035539452851105985,0.0025837489596659377,0.003204695823438569,0.0014523260757617195
D,0.1067639989408025,0.1352849593332459,0.16591267401482104,0.20627742194155146,0.038832285599940106,0.06895629914407049,0.10423503710747661,0.049144954036675105,0.076880421498745,0.04322862227680546,0.0049690785373393545,0.005407409187598593,0.005413116282210391,0.0063272428745710825,0.0013503938536743336,0.0028577279502586686,0.003737969950138603,0.002668058511182448,0.0033619259864489603,0.0016175695967785041
D,0.10605698029455639,0.13452931430512657,0.16503651612888862,0.20552114950928316,0.03874153505727046,0.06874818068114986,0.10416574194245032,0.04892284859186368,0.07681674225966383,0.04333639733821619,0.005019442467692257,0.005359037217215819,0.0058127181696515096,0.006609419347982043,0.0013036536315285307,0.00305373562537099,0.00378929922136443,0.002760602706566584,0.0034135056828649047,0.0016650841268340188
D,0.10549304221192739,0.1338319943273935,0.16413785904030642,0.2045670951722721,0.03874481237834064,0.06832842322486991,0.10371925762477674,0.04849824630011633,0.07640665233265244,0.043316884065741065,0.004872154606299583,0.005367399631856786,0.006119420287414665,0.006722317804512523,0.001302598412791385,0.0033668310233509694,0.003994074232441053,0.002887190638005991,0.0034828877362862803,0.0016486329406118806
D,0.10501003024781592,0.13324349784057443,0.16350295194623737,0.2037762422601638,0.038670958780775117,0.06803760550590074,0.1033469727801617,0.048131999441545906,0.07602054437868037,0.04318977473728391,0.0048582850387547975,0.0054439382177950265,0.00625224709964331,0.006708188855487181,0.0013345029529814438,0.003442956486284999,0.003958635623655125,0.002956468890931168,0.00337569935550893,0.0015615964287350322
D,0.10448669352949214,0.1326468610358098,0.16280758166005263,0.20308165256792302,0.03863098615555808,0.06779482444010412,0.1031358601350627,0.047870196721868694,0.07579782240689652,0.04322957868396461,0.004567550033491465,0.0051705379591506385,0.006181803734938186,0.006580923866492103,0.0013153353267812613,0.003554974532228877,0.004013156875356323,0.003118618894996951,0.0034714888685331295,0.0015726954639141632
D,0.10398835714650176,0.1320795768092961,0.16225537608531118,0.20246474401111175,0.03863141074632494,0.06767870660959494,0.10298664585022807,0.047761977804107264,0.07562585143646872,0.04324407139261866,0.004323501286202287,0.004979105443559277,0.006208348526973576,0.006511633390581296,0.0013152980914212385,0.003618959331184875,0.004046467108364631,0.003166504271051678,0.0035228807734308423,0.0015815150343947665
D,0.10341482021193069,0.13146791729747898,0.16159472715869588,0.20185261251057973,0.03870089515990123,0.06752291038786397,0.10289722399319438,0.04775168741371673,0.07555506583558923,0.04339649630501068,0.0035906285363922867,0.004500690917547237,0.00586897744682692,0.006242520428144253,0.0012977533562511967,0.0036953276119122843,0.004084382854269541,0.003172186028579537,0.0035539706612247074,0.0015424405479003644
D,0.10295305566148379,0.13083465992047652,0.16087141873397312,0.20103108936780956,0.038640033052602094,0.06730441873429832,0.10257512528697783,0.04762229718224884,0.07531315686144016,0.04333574953018628,0.00339939548590559,0.004211380326953412,0.005905401219933236,0.006129952623826297,0.001257233086485469,0.0037707577582328272,0.004106357050496031,0.003207921636267522,0.0036115048905591613,0.0015015311300157737
D,0.10260080778227901,0.130468481518418,0.16011078030110842,0.20009809242390456,0.03865091146889897,0.06685757854260062,0.10199013483928074,0.04721298432993666,0.07468417477030223,0.04318404707968826,0.0033642403626770864,0.0041328589223033705,0.005807000690084161,0.005863033438312281,0.0012609760461786122,0.0036947141079654365,0.0038009447251951332,0.0032407479338277295,0.0034316703241715177,0.00146643931054341
D,0.10246194086845295,0.13023849759070888,0.1598130955818408,0.1999289041401528,0.03854363638356199,0.06656604286057169,0.10189942766845943,0.04687749433445735,0.07460330348565819,0.043291414011113055,0.0033870307676019383,0.00408894496184214,0.005742168564893038,0.005787852647264344,0.0011649140619371258,0.0036150528778300115,0.0037246551873285874,0.003222832410005984,0.003375139255894638,0.0014964553931976353
D,0.10203059788197703,0.1297388835881637,0.15929458798418025,0.19948480160496612,0.038495649363378494,0.0663797728295203,0.10185611926225409,0.046628549133195474,0.0745378542242551,0.04335780759002883,0.0033815870703117336,0.0038959031938553194,0.00521612178756536,0.005187562931525983,0.0011145164374296414,0.0033553406668615183,0.0036398425154341102,0.0028313381137524667,0.0032440555063000327,0.0015715916117491446
D,0.10135210808869322,0.12893875384146525,0.15837159223048536,0.19895111828629292,0.038453832502263384,0.06609704567551941,0.10194922452785475,0.04642738317601752,0.07473035999507226,0.04375090302790201,0.0038786270312624696,0.0039701177881514334,0.0048441654868211625,0.0048797198072504525,0.0010522912638969053,0.0030019158510869383,0.0037767728930497486,0.0025716261439503274,0.0034990220951411403,0.0016800853627577325
D,0.1006725983888516,0.1282024313337117,0.15800856389148704,0.19860191498888066,0.038579506248030894,0.06626284676829543,0.10221507934777083,0.0466582809945442,0.07506269539938651,0.04383558521936047,0.004191391530523597,0.0037853618311862974,0.004308497216456315,0.004370438791269739,0.0014317466396079402,0.003314139578702358,0.004267058017411285,0.0030397580389107076,0.004069359875254635,0.0016910202433466966
D,0.10032205202192754,0.12775712607956402,0.15751479696517856,0.19808494896426249,0.03863908871091366,0.06608482072901473,0.10198504041760607,0.046730182174409975,0.07501895889770285,0.04390400757850901,0.00416823844895075,0.0036799485776779083,0.003626749093003715,0.0036966458583350026,0.0014486465911341154,0.0030674165813052725,0.004028681885483624,0.00317267040214696,0.0040105973332040445,0.0016992175840481398
D,0.09993227938413483,0.1274530845338287,0.15715265780745416,0.19786850534746497,0.038730356417295476,0.06601247534295142,0.10206371517770574,0.04692720089222066,0.07516844686505,0.04412612910504482,0.0034127424632775074,0.0029929283007236883,0.0030389762772254016,0.003289556265428785,0.001516901540034476,0.0030582526262980672,0.0040230242952494,0.003356871050368028,0.004045670864263007,0.001900442508463842
D,0.09969526869137439,0.12739739411820472,0.15690312838234882,0.1979165666082307,0.03897933168492805,0.0660038307789657,0.10231077037539212,0.047074209833675495,0.07541902319670808,0.04444147431748437,0.003094479575355924,0.002890235635375453,0.002489576744717407,0.0034115550538581798,0.0015958569530947473,0.003051567831969209,0.004265338116379554,0.0034873250733430047,0.0043323945155200536,0.0021916619740041197
D,0.10020870929754136,0.12797070966011426,0.1570448775960354,0.19848201416128328,0.039159083565873894,0.06565845578294213,0.10229644024016345,0.04711586640968817,0.07554043632121174,0.04491007024307554,0.0032725704971953307,0.0033371456139158996,0.002594863539419639,0.004137192111747333,0.0017051622466079908,0.0026412541461062994,0.004251680136274402,0.003546513544279823,0.004466836820998495,0.002827973496819572
D,0.10080726097154787,0.12881592308543166,0.15782159035950588,0.19966370069562606,0.03949948617567499,0.06590203320362402,0.10290011644484576,0.04753380448585405,0.07608223262139842,0.04530840841963638,0.004075078880192908,0.00436992518231055,0.004124943040440839,0.00583727189281425,0.0017502153715472561,0.0028294104317302944,0.00454983128121507,0.003845457031012007,0.00485184240035967,0.0028781597315889365
D,0.10097933590179768,0.12922675667755473,0.15842145727551343,0.20070318257052538,0.039838489061298235,0.06634483687908295,0.10377650104091365,0.04813068833517777,0.07695299978095711,0.0457071186345881,0.004198776606416285,0.004761799020117035,0.004729495358166224,0.006990937536677386,0.0019751287328427297,0.0031725257858148557,0.005289048220574622,0.0043813835101673415,0.005549367412234503,0.0032620254131952913
D,0.10187312261920671,0.1301441726905344,0.1594748340516821,0.20211572796950278,0.04000741653495563,0.06663790230215397,0.10445338816702913,0.048531263453554685,0.07760890430346964,0.04599261878779308,0.005899743138234108,0.006417295638450721,0.006384213602519607,0.008726140671696777,0.002006009472827009,0.00322702199477429,0.005422866169314699,0.004414595117614918,0.005580769429607011,0.003321530347499195
D,0.1025083245343233,0.1306835787404696,0.15996754849673403,0.20295991562866464,0.040261060329541,0.06689111716268108,0.10490434504294588,0.04882504499903374,0.07802576436833834,0.046364508525340804,0.006460745306145248,0.006668015406350223,0.006645205834579814,0.008778733858792385,0.0019277196368832886,0.003309817384785501,0.005219719613274855,0.0043715246002921275,0.005368093598953871,0.0029342905262558098
D,0.1033134433026652,0.13136817225428427,0.1607124648423641,0.20371998354426518,0.040474950839106,0.06724840198479543,0.10515515587261134,0.049205755172704486,0.07824647972807328,0.04639631266021882,0.006955804017662672,0.007019658052410229,0.00678522227884344,0.008794638209801685,0.0019644047141294907,0.0033623391094943964,0.005132399311709782,0.004412574804168312,0.005265926161137728,0.002923665530656065
D,0.10421297277091839,0.13236572147195214,0.1617298893291902,0.20489192049331884,0.040772745453141954,0.06771370381569458,0.10567920786745666,0.049515466328482374,0.07851716027496629,0.04655856711062299,0.007769423943687827,0.007730020932878644,0.007152763907703093,0.009073801031335286,0.002069307596919636,0.0032380050118361145,0.004872181679191412,0.004223150695984235,0.0050696320554240925,0.0029054876920177252
D,0.10521585059415046,0.13342728002184018,0.1625627514510263,0.20592623425077233,0.041060165773847176,0.06791035281222278,0.10596309921163574,0.049797972503082114,0.07870564369354702,0.046742349322991636,0.00849404138528023,0.008346596154084632,0.007422421246500313,0.009222721998405237,0.0019780524300381025,0.003147964964382508,0.004706599482491035,0.0040362809552764185,0.004940766712999326,0.002793830319961889
D,0.10589996119327398,0.13429575595677196,0.16356337823766615,0.20714583310857665,0.04130485938571275,0.06837774611004543,0.106565305071407,0.0502657603080518,0.07918593118941922,0.046990012347961116,0.008764881559464945,0.008776101280568325,0.00791493614916239,0.009656882787259803,0.001996643600481169,0.003207370647568013,0.004688493374592667,0.003815579222861502,0.0047491064618521645,0.0027630917395824453
D,0.10681051302968307,0.13522845084223328,0.16460728147964354,0.20834872285610523,0.04143579387723383,0.06865556552349085,0.10694346357759084,0.05055143370101761,0.0795735670424411,0.04710226630371639,0.00918902388955022,0.009086030511483613,0.008309393502556333,0.009856731742468466,0.0018929012701440317,0.003107108689891309,0.004498883116363011,0.0036464808417845797,0.004535651597811825,0.0026980516557167937
D,0.10777386834359585,0.13618314392685513,0.16567475924979888,0.2095712018566754,0.041564087544660254,0.06892635020473312,0.10730680033382083,0.05080472854714766,0.07994272038434398,0.04720212962341966,0.009735141337514642,0.009416833179328093,0.0088027475444079,0.010114527166597737,0.0018107422445834632,0.002943037231909815,0.004235324363973513,0.003487332471641026,0.004307035880949198,0.0026340198052446358
D,0.10889806590865529,0.13728062441749667,0.1669242748042699,0.21112011926042057,0.041673575783115015,0.06918742516151369,0.10778344790244059,0.0510729153329153,0.08044856666233648,0.047487129909611084,0.010066659662824658,0.009538620009117696,0.008788422749662092,0.009994023564615847,0.0017105226533709525,0.002711619541204577,0.0038158336066175945,0.0032694329023266696,0.003942274049032861,0.0025559319843907313
D,0.10986326386426584,0.1381114542547976,0.16801215849200418,0.212676175210754,0.04171694994828794,0.06952274103757061,0.10841977166827672,0.051596315277126846,0.08127410855392928,0.04798533295442624,0.010053542367066336,0.009406768196859303,0.008415713228811905,0.009451899749859714,0.001657096275226723,0.0023464658713952865,0.0032303672214258846,0.002740889949300785,0.0032817001732520275,0.002422217493979621
D,0.11097350716089079,0.1391303812635624,0.16893935706553348,0.21387156845171207,0.0419298051451512,0.06969029173933015,0.10860554739748882,0.05210003947683857,0.08163445526376074,0.048345979977765144,0.01019312743968724,0.009450745939337772,0.008309155603464154,0.009399939104330323,0.0015114355230933644,0.002110703133083409,0.0030861060280409076,0.0021313152660320687,0.0030967694031001644,0.0024468639020530274
D,0.11225602229601406,0.14035429974221553,0.17007244177723022,0.21500145437655993,0.04203631954055989,0.06966905122089385,0.10850547403559127,0.052062944285609036,0.08149973275891201,0.04840435258775688,0.010090180943926831,0.00932454182412726,0.008544798904920853,0.009345191946557953,0.001387911432591971,0.0021149509397105867,0.0031151682115605466,0.002190174015470199,0.0031981990134637445,0.0023970493521317912
D,0.11382389762044191,0.1417963180981789,0.17161202927227118,0.21662216887116936,0.04203101184853084,0.0698230526709425,0.10865225889411523,0.05216540551656077,0.08164570311823792,0.04849967065620377,0.009261498745022832,0.008399929770680088,0.00782707004422242,0.008842612127756264,0.00139712790181551,0.002054266979364968,0.0031701210586196544,0.0020407261536904827,0.003239539718279768,0.002414293254253841
D,0.11519052830091758,0.1430179073666342,0.17276700844101306,0.21784412424239155,0.04189933999632109,0.06987447552974846,0.10866667729101458,0.05217836445060524,0.08168140802746002,0.048496779846117236,0.007911693254461987,0.007140508130597239,0.007925712911853226,0.008420184946401154,0.00137416731398811,0.002162802515408651,0.00318664517597054,0.002056526993011448,0.0032768819071359243,0.002418682922240552
D,0.11651903204061405,0.14443264717576004,0.17440424741747815,0.21943063345962047,0.04203913736383415,0.07022040038536256,0.10901667893402686,0.05225183290669895,0.08181375385712478,0.048366074541333355,0.006964764175837548,0.006030370463986277,0.00814754659658621,0.007558062607823942,0.0012730212235811252,0.0024937436904473157,0.00304697377885895,0.0021155124223903306,0.003260982526586999,0.0026743619339359794
D,0.11760479858711936,0.1454268924781008,0.17577259997146638,0.22088261639084963,0.042063298335953424,0.0705402890806093,0.10949463647431634,0.052397419138344004,0.08224012699796727,0.04835581121514017,0.0065423076631762386,0.005534574040178244,0.007754627846003556,0.006904559697821179,0.001251906136806932,0.002297689082385367,0.0027231876413251342,0.002182077841007202,0.0032308324170781475,0.002676651222416109
D,0.11846960855966267,0.14611034325819866,0.1768341971823039,0.22213033718379807,0.04203432178174581,0.07090383272274667,0.10999042326756218,0.05254294730851067,0.08269398899929761,0.04853040769556035,0.0054495377868538026,0.004642542717441506,0.007026565604240985,0.006504236331336473,0.0012634356837788567,0.0024799213880475636,0.0033645728180558164,0.0022146884248273606,0.003830438109522926,0.002843010522473703
D,0.11953167266042812,0.14694785187918585,0.17806833081002452,0.22326426037480548,0.04198701759224435,0.0711219083093714,0.11021008051858602,0.0524552090043567,0.08282251402627061,0.04834353823768319,0.0050046929453780665,0.004205299157412563,0.006119682736329663,0.006022551267566995,0.0012861942318975327,0.002193095131686949,0.003252733603187037,0.002248804157973399,0.003833544265237188,0.002676144900019661
D,0.1196774563378454,0.14706604516331465,0.17831074091747706,0.223431911562598,0.042057848123940686,0.07143980695384163,0.11042928669759966,0.052353346106371754,0.08278378914265726,0.048235782569617365,0.004804728844126911,0.004083499087597921,0.0059613162739047525,0.005921297483779506,0.0013739473801243304,0.002495126607057405,0.003428647519746995,0.002215721755306823,0.0038198841186827905,0.0026727258435881047
D,0.12036555149656536,0.14754144930627663,0.1789019340587198,0.22381368700349671,0.04206795609747158,0.0715747542064599,0.11033079484534063,0.05209531807104355,0.08256222012413592,0.04796385418975797,0.0035625212042767027,0.003443723986024731,0.005538486232129777,0.005783780252453065,0.0013910050655930263,0.00263808766415451,0.0032852747219290976,0.0018765213662179621,0.0035491234171136084,0.00250122623970763
D,0.12031455431067661,0.14744395353647216,0.17908756937654607,0.22379682837269269,0.04210582445678519,0.0719621654113533,0.1104845095597046,0.052177988972165704,0.08261926308131981,0.047736371157609495,0.0035750487204437,0.0034301525640786424,0.005574321410973572,0.005780238619790024,0.0013982794553764161,0.002933292993785823,0.003426003972244328,0.0019368510960387658,0.0035824954564682623,0.0025671137046249146
D,0.1204640977849016,0.1477638857078465,0.17977626282370074,0.22446606067360286,0.0422317220217569,0.07251227079603853,0.11105545570917992,0.05248002562067452,0.08304211704334105,0.047660490603616754,0.003364162581219663,0.0028655057818269235,0.004994946658772682,0.0050492858069508,0.001498566964703596,0.003549237020117036,0.003703224570727958,0.002180855733406401,0.003651565001591588,0.002620265504305222
D,0.12065943292261587,0.14800835685185149,0.18055743496036533,0.2251465488572994,0.042242291312614776,0.07293063741074093,0.11151201006391523,0.05263902336589493,0.0834661474598858,0.04744954401013572,0.0031530691985036828,0.0024957621728860053,0.004448359283666425,0.004016956940549036,0.0015035617970367236,0.003842993588162773,0.00358006240062725,0.0023443458513946473,0.0035176881060397505,0.0029206099753176047
D,0.12053256486342837,0.14799568481558995,0.18099255257065638,0.22562694185868848,0.042234691946827704,0.07331216037272,0.11202218422882407,0.052985256645637545,0.08404592687354391,0.04742379232398504,0.0032500259857570625,0.0025010098535673208,0.004195575667095409,0.0037150908280218433,0.0014934304056787669,0.0040315667951816014,0.003788931794539848,0.0024123369765670327,0.0034144428951184023,0.0029199109424074337
D,0.12030697154937406,0.14782749529357558,0.18167590872272105,0.22644376110907047,0.04229160296152444,0.07406106231115613,0.11293096012058276,0.05357912360516178,0.08497692456068283,0.04758688859305514,0.003389803970407014,0.0025942655055595115,0.003914795723828263,0.00353533971575421,0.001547851405168154,0.004407641062352756,0.004342756138236539,0.0029457998569819874,0.003891719113934286,0.0029687998320435853
D,0.12041109764871294,0.14787410945473084,0.1821910958750911,0.2268905213271702,0.042304930954074484,0.07448714211156528,0.11334950321255644,0.05389829835393785,0.08545320519693898,0.047430548498257695,0.003280457176917915,0.002583383359891651,0.003922982504930739,0.0035217827884806434,0.0015616995611280864,0.004707600742718639,0.004640045444313163,0.0031863244669801402,0.004055099806070722,0.002972702388699776
D,0.1202830099394564,0.14786916975181313,0.18250236482904875,0.22755112626049584,0.04249141499609342,0.07498508195604521,0.11415264023963922,0.05432075667843833,0.08623291077481911,0.04775752966921915,0.0033570926699966284,0.002585035353531778,0.0037902664208570324,0.003665606869756167,0.001632396973192269,0.004749587911293959,0.005056337183827967,0.0033380841620714824,0.004536750848494009,0.003211923776408294
D,0.12022890400823538,0.1479711724477187,0.18290417970106437,0.22828606219687403,0.04256869922890461,0.07542715768274674,0.1149403385374232,0.054620099359976935,0.08697128958348607,0.048015163506495206,0.0033329481965393612,0.002645806689733578,0.0039035971789797095,0.004175716180504486,0.001624792828059374,0.00464422141222215,0.005197859734087787,0.0032922955360087,0.004773600231253875,0.00330142621139594
D,0.12003828950622812,0.14793097381159231,0.1831322659532429,0.22892980459946655,0.04270838922139644,0.07578904657333851,0.11571364888634376,0.05481790668432466,0.08766809123513816,0.04841740602128915,0.003306656171799007,0.0026396406130906915,0.0037823104095280296,0.004598617952956697,0.0016127533282518868,0.004418387157091678,0.005369804500370915,0.003178258944302252,0.005047214197297021,0.003892936673420109
D,0.12054976597921266,0.1485343246514293,0.183671265292898,0.2294675154041316,0.042840906621394434,0.07593028005947212,0.11580810741924397,0.05485337982317355,0.08768688896469615,0.04837746818158596,0.0038387426813796836,0.003121761932705196,0.0033897439481914075,0.004627724467861422,0.0014937801850907753,0.004272349683612262,0.00530622537232572,0.003167671804800119,0.005042508263625873,0.003859415607026676
D,0.1206529530765553,0.14871198997467766,0.1841500683509258,0.23003100002860247,0.04274768646066988,0.07626226244897805,0.11629115719805909,0.054891806059284634,0.0880584128398513,0.048372750159616104,0.003924450670827968,0.003253883445319298,0.003041949067087442,0.004712626762494014,0.0015464403055272446,0.0038959748271412444,0.004996673243612263,0.003160981592038406,0.0049879574710014005,0.0038551147444653767
D,0.12073391470558573,0.14886082231562642,0.18443299382200248,0.230321300804785,0.04280904691857401,0.0765185249732038,0.11653223495378676,0.05523065847204791,0.08844500279587321,0.048265127394403105,0.004000904358955649,0.003419606993949339,0.003145022436964518,0.004588283602083028,0.0015144566893555153,0.0035675191737340618,0.004628665344255367,0.002773800905519485,0.004452697683098803,0.003924372633513955
D,0.12125093462273555,0.14936137306899117,0.1849307174243299,0.2308096216321053,0.042917518625106656,0.07656691987382142,0.11654654249046059,0.055243470828234734,0.0885290059715901,0.04818458235058902,0.004904547280184171,0.0041722293491480355,0.003549104881699885,0.004948424760521192,0.001346414776752756,0.0034908075102406534,0.004612647312961696,0.0027503491497548535,0.004382282700689401,0.0039077106259048046
D,0.12154872395519549,0.1496780387512287,0.18490187837020672,0.23088766947314632,0.04288054274561611,0.07626701356231305,0.11629122441344635,0.05498300796227677,0.08839858131920389,0.04822767881923235,0.004981102942040577,0.004191848149217576,0.0035555401635564143,0.004891325898427565,0.0014102277415754697,0.003866066810442179,0.004960730565963133,0.00301409074681123,0.004509594196012229,0.0038747587871568556
D,0.12170030934730133,0.14973303853103623,0.18489956394923135,0.2310198935843184,0.042682639469056545,0.07616996761005812,0.11627007175389517,0.054930001180251195,0.08851899718752997,0.04831032057564223,0.005093330420214575,0.004238165075983524,0.003551552223629464,0.0049056206519058065,0.0017085977418306356,0.0039024152916283315,0.004983678775656378,0.0030292120863071935,0.004385694969638731,0.00376002948299906
D,0.12154364524274493,0.1497291098785524,0.18464177916657393,0.2308332375079128,0.04263877580685032,0.07607310216058402,0.11616827629963342,0.054832355837837056,0.0884410810878995,0.04836082980768476,0.005028220876803191,0.004236108242625252,0.003613413915078378,0.004957523750742172,0.0017569434212165932,0.004024112370407914,0.005087911294106993,0.003064294962780213,0.00444214818227962,0.003757759137850675
D,0.12154969012895611,0.14989136607827658,0.18460427514294736,0.23067387267089332,0.04252658400825739,0.07590814871184107,0.11591844793719153,0.05481381299244068,0.08822446283229637,0.048219910854820205,0.005025362050457688,0.004149966860457288,0.0036459337486189096,0.004974038048150101,0.0019067474759875082,0.004108699734908495,0.005083169100124103,0.0030678656957653953,0.00438466779922272,0.0036389093968474226
D,0.1217700865051496,0.1502554706123879,0.18452646960117555,0.23048713366400303,0.042403268241955575,0.07556248732115674,0.11541232896819482,0.054881772203165036,0.08791197410602884,0.04810257120110101,0.005363769137231853,0.00465935450728206,0.003654054956002313,0.00501412316170733,0.002078410039780795,0.0048117247394926736,0.0060063926384661594,0.0029912765619260645,0.0048616636582253245,0.003648640632694457
D,0.12247506826533376,0.1509879714454228,0.18488730873634945,0.2309361566395191,0.042184851390306824,0.07504491564696925,0.11494426962518771,0.054731394917538104,0.0876535209429589,0.048227679721198076,0.005265890591405961,0.004756026556783599,0.0031865775167886513,0.004563724922612533,0.00208885510527566,0.005203694741313533,0.006359630199200488,0.003195437786016337,0.005200782156894667,0.003661747152465445
D,0.12303423110706549,0.1516361271828687,0.1850515894603732,0.2311605631922388,0.04189566546972999,0.07463916095467624,0.1144751473738959,0.054786572694146315,0.08742515932274406,0.04832048957221422,0.005493192010530996,0.0050421180246491915,0.003032262893965825,0.004389689363067245,0.002148252601200684,0.005456715141548194,0.0067266561277458965,0.0031629239954572394,0.005410104995412386,0.003653274411177694
D,0.12323894534573365,0.15201599875846733,0.18505997439018435,0.23132238654679868,0.04174501854498398,0.07421418261580813,0.11416825752014736,0.05474736639944342,0.08730116410766244,0.04851137788849541,0.005413003095811498,0.004963821233868652,0.0030238221034300564,0.004210102675066975,0.0021894648318672876,0.005527225536298114,0.006834090582021272,0.003172877495105816,0.005486478697686137,0.003565174155171087
D,0.12379746082302837,0.15262588682094622,0.1851339917817431,0.23164254341898038,0.04140713522314461,0.07352469548783971,0.11362510967874753,0.054517899315868854,0.08701413476712186,0.04882588078239961,0.005315010636449227,0.0048426190788698285,0.002962400977705245,0.003945414144790873,0.0022463462015225384,0.005451466722257521,0.006922369591169675,0.003166699253948147,0.005609501231611922,0.003529643216989109
D,0.12426342385665498,0.15316421132396638,0.1850477837327481,0.23188214035639323,0.0411943153107669,0.07292933571917251,0.11316722064450727,0.054417923435508865,0.08678999632819484,0.04925702414419035,0.005281838888119943,0.004703302998265929,0.002999365349707078,0.0036533011757627297,0.0022817700552954347,0.005416435247667772,0.0071249975703870025,0.0031347026410208124,0.005719533060985758,0.003110314707587807
D,0.12461954903134662,0.15362957540320782,0.18509669445618745,0.23218674175906498,0.04109417982213646,0.07250205183377834,0.11289605019305071,0.05435687638857757,0.08669242215299292,0.04960648067044779,0.005004904909968881,0.004511128729180522,0.0029671023903461683,0.003549518631061008,0.00219157336808454,0.005264892070508068,0.0070240362549061335,0.0031005599077266904,0.005698687991092411,0.0032553780084506254
D,0.12503695843536328,0.154128834563556,0.18491550351186742,0.23216583149583664,0.04088274228961784,0.07188063002462085,0.11232719357948931,0.0540565585391381,0.08625385336112004,0.04980032852425164,0.004610082471242259,0.004035692114050701,0.002986362957982496,0.003543502450688279,0.0020742489153802823,0.004652182418707333,0.006542507367632546,0.002638208123706522,0.005313548272573268,0.00338693626665543
D,0.12538697017072076,0.15446944360244413,0.18469637053179352,0.23210553399549783,0.04070006012459655,0.07135638180444717,0.11177664418925984,0.05392993916613402,0.08596169541409296,0.050050006663132626,0.004310805184418779,0.0037576877758683605,0.002975307810797465,0.0035724986034028415,0.0019443465841565077,0.004064916588963052,0.006288627262576697,0.0024396434087805945,0.005184894331648982,0.0032701265253300615
D,0.1256511166938913,0.15487052063625834,0.1847472150156793,0.23190720957804373,0.04051280996295691,0.07096738729041815,0.11118270845422178,0.05365428401688295,0.08537696385507247,0.04979870685052536,0.003939607232421388,0.003339352633101979,0.0029684938540960612,0.0035379313790619357,0.001698706645875936,0.0035475416740187475,0.0056016582513175196,0.002078810689351187,0.004614797773269714,0.0032167547893439718
D,0.12558804420143618,0.15478455845723593,0.18448320395110676,0.23160461906973068,0.04031734406265496,0.07073220512260214,0.11084444797282615,0.05352345735873012,0.08512681520777324,0.049813733081603744,0.004019529552312887,0.0034703526309619918,0.00291906726410646,0.0032520597612779724,0.001607309602374365,0.00317638224709152,0.0050323710381238364,0.0019448776992137726,0.004175067236195889,0.0032257954219910723
D,0.12596133385684935,0.15511398378893113,0.1846187463142806,0.23137200857869084,0.0401445876016681,0.07047623123284394,0.1102264448463999,0.05344840297338731,0.08463312450314556,0.0494314621474521,0.00369469568572537,0.003099230372672395,0.0029218524565478407,0.0029431977547559243,0.0013834915184384611,0.0029039795134117754,0.004003828309697414,0.0019217612758138612,0.0033336057302731535,0.0026988885290454624
D,0.12563823438504912,0.15476009346067993,0.18440982861142455,0.23097361527347599,0.040030097822332196,0.07037268176981734,0.11001858754597327,0.05335348897065826,0.0844739741841645,0.049280016008632244,0.003686407047510798,0.003309924363509627,0.0029519779621582226,0.002987701415632169,0.0012556854164094862,0.0028565643383913326,0.0039562299694267415,0.0019270238387589446,0.003311694282554447,0.0026774093277458417
D,0.12537169714763663,0.15448879023765527,0.18396460074627533,0.2302092901189662,0.04002196245446703,0.07016250600611293,0.10948716063567362,0.053172195633173124,0.08392616928970484,0.04901735369154182,0.0039186331000963335,0.0036652008717654645,0.003277423676634234,0.003494032281809277,0.001249866907241474,0.002672863899096246,0.0036030666434016664,0.001961510209452147,0.0031115508989099615,0.002670648022701879
D,0.12514536521484176,0.15405000027437976,0.18348602233002972,0.22970475693617792,0.03982518860974893,0.0699382322901399,0.10923144832723426,0.05287430396633271,0.08368958837043512,0.04900394933312137,0.004047998817229178,0.0041868216041128035,0.00331565049854005,0.004019808706684431,0.0011338135442114032,0.0025104450073303542,0.003634198141538317,0.0020998472087823653,0.003156218443738112,0.0026926672146623592
D,0.12450292478020679,0.15331856826483578,0.18255691377192867,0.22867267286659154,0.03965318316810324,0.06954903604359731,0.10874184003924747,0.0526412160174638,0.0833144194468944,0.048953543812355234,0.0035946627516655334,0.004387209737896059,0.0032976990161470146,0.004157179579339704,0.0010916503309061033,0.002831463548064956,0.0039409895021941645,0.0025762931386002384,0.0033443164064684322,0.002716027148448273
D,0.12424613911528495,0.1528311212345161,0.1818089733393515,0.22798217879677654,0.03950267243209056,0.0691431716115002,0.10830062266961231,0.052514499450381724,0.08304483606872606,0.04908169114013508,0.003685938623664878,0.004911806164526293,0.004426228615885482,0.00521812205633517,0.0012134223819211048,0.0034267509048402306,0.004524084325130038,0.0027777009551003327,0.0035821782213930147,0.0026163272637016234
D,0.12387759411192276,0.15249863643447215,0.180739363842087,0.22683341774232552,0.039614064993361425,0.06852794019749517,0.10755950025929184,0.05214160134360009,0.08232349695514796,0.04901368255614904,0.0037726668287766454,0.0050575229990348965,0.004654648476599824,0.006420301832243187,0.0012140701131339072,0.003634918011244155,0.005232985708940354,0.00309428251081342,0.0044466394624374335,0.0027662273989353717
D,0.1237163246162776,0.15217777591727716,0.18010923737275655,0.22578110265388407,0.03961897164400857,0.06813671083183911,0.10676727850471704,0.051687568510453995,0.08147475307928095,0.04859529387908557,0.0039091698773348615,0.005283206958741876,0.005334941152416916,0.007775616608778756,0.001217076463425692,0.003851375723021684,0.00594734500614021,0.003589477637918695,0.005455289354526049,0.0033562036207773027
D,0.12357090059207484,0.15190486840806455,0.17926173266714368,0.224600905679068,0.03966982840888175,0.06755875165029421,0.10582644674645261,0.05110555253781115,0.08047711160306298,0.04827186712421703,0.004121689753265505,0.005563183463167051,0.006358309521047338,0.008953432630691378,0.0012120080746593008,0.004051962245274772,0.006265289702912127,0.004071085378845654,0.0060804951742585754,0.003513224731369569
D,0.12276590814955471,0.15114233540231667,0.17834986270175418,0.22359410468792462,0.03977881068689341,0.06746140856395669,0.105630086019229,0.05074325466247402,0.08005015065998859,0.04822772547374566,0.003998463487784087,0.005462526264340214,0.006976248963939567,0.00965927267355715,0.001196031087069551,0.004176793872908831,0.00648708338312011,0.004282243366471851,0.00653057098440472,0.0035383336463982416
D,0.122147881232707,0.15037700586614638,0.1774985704157548,0.22250597248856332,0.03973045204561015,0.06723769982208978,0.10519996848989652,0.050528586051956224,0.07968435884409933,0.0479792561784414,0.004029667854386035,0.005440757801641317,0.007281119979815826,0.010049400912046159,0.0012052132324930256,0.00434743779972145,0.006739734984457167,0.004462887455589932,0.006801025077260643,0.003593315277003227
D,0.12141201294087864,0.1494715684247701,0.176470701733548,0.22128192119302453,0.03969538659601186,0.06692615683871773,0.10469963883018882,0.05025815630082307,0.07920521944164838,0.047849747440809845,0.0037664256998987066,0.005275600960112985,0.007769009011389385,0.01056178459776132,0.0012438801458371932,0.00453931700992125,0.007105006368180166,0.0044422528772377675,0.007066623303396646,0.0036055954736906068
D,0.12104310225911559,0.14879393744621244,0.17544310654134326,0.219918961039764,0.03947230889587083,0.0663910626182351,0.10378085718975076,0.04977584172751077,0.07838296796604194,0.04753696064610119,0.003945241687737141,0.0054419450166273906,0.00829873178504741,0.011326717166161075,0.0015752854648360094,0.0048519946213883966,0.007670723962190277,0.004578012318713537,0.00754486751640735,0.0037885235034722554
D,0.12032161924940321,0.1479932259742194,0.17432492734123123,0.21852567825943608,0.03948099222472965,0.0658732417953231,0.10311613127589495,0.0493683417152441,0.07774117835423006,0.04722409163891232,0.003896470669391088,0.005285993884693536,0.008656491179171803,0.011551123333985197,0.001566629817768324,0.005235220024602484,0.007905313435880728,0.004685678391391663,0.00776044370081572,0.003713145196406136
D,0.11948472194027707,0.14724708789109447,0.1733962072913825,0.21736622636947583,0.03960667864628985,0.06561913847366369,0.10274451370358298,0.04913971090381002,0.07723263960208568,0.04704772053454341,0.0038877114170174773,0.005001457815742994,0.008677612181092713,0.011552556555094332,0.0016069234648008902,0.005268800455355272,0.007949256615931202,0.004540151983889494,0.007805683493222837,0.0036545308653328818
D,0.11905837166421314,0.14644202533050824,0.17268036882006083,0.21613283355946594,0.039206375380045164,0.0652087354693426,0.10196210312832243,0.04870169318196094,0.07659961192250693,0.04646616528389046,0.0038360395463691065,0.004795565316377636,0.008392721222299731,0.011031552254170351,0.001893292551556572,0.005204611837142313,0.007671113925044148,0.004320699863216551,0.007496350357785918,0.003377472301178998
D,0.11893388491276444,0.14617072859241867,0.17231014820604124,0.21536199412278614,0.039034439941377716,0.06475880765763778,0.10127796747426832,0.04836791926039634,0.07608812907746616,0.04597068186430239,0.0036967586353827556,0.0044564173088400124,0.008092675759434379,0.010344091850001642,0.0019630369521471077,0.005083640453077214,0.0072865846833016406,0.004020711965497175,0.007113768447506284,0.0029511566537212745
D,0.1186467244508995,0.14545536388361063,0.17205987891335925,0.2148167461317804,0.03861841844590196,0.06457273894192259,0.10099230541585431,0.04820179802770556,0.07599570304665912,0.04563095853183888,0.0034361846721009475,0.004198866948870526,0.007838903587930216,0.00984279310282994,0.0024517828372195966,0.0049073855419038805,0.007067144160550798,0.0037308610884211942,0.007002044448635337,0.002752619026556459
D,0.1184307236269766,0.1448150108665273,0.17166422494879316,0.21440126415252178,0.038269037049483264,0.06437274168364032,0.10072319987371073,0.04828353029267037,0.07607795637882644,0.0457248169240403,0.0033298943617469344,0.003636454266815763,0.007369943176308935,0.009327892867836723,0.002565168107251946,0.004662382727989209,0.006720991628590685,0.0038720647700869085,0.0071114351281181916,0.0028649275537285116
D,0.11828756632905427,0.14480976084340655,0.17159615604858547,0.21389362418906255,0.03823657950103773,0.06421237262594316,0.10024772704843268,0.0482137879451649,0.07555455092871372,0.045310429188358696,0.0033232056068052064,0.0036307987312178625,0.007274982403925742,0.008608236978575637,0.0025568546891676434,0.004381960200026416,0.005864190596962426,0.00377365689380906,0.006380080869023187,0.0025213260312636526
D,0.11756767435764189,0.1442413489133006,0.17106073464734756,0.2131551965538619,0.03818864434661405,0.06415581696504158,0.10009835494240875,0.048159828132915646,0.07532621193925665,0.04514997028694688,0.0030932945745431053,0.002873415256417955,0.006556213205688878,0.0074724894516314064,0.0025238551192390164,0.004296852713737376,0.005598134726251937,0.003707233139504396,0.0060637979319087,0.0023192326305789194
D,0.11655194898352121,0.14347299196909913,0.17022934427149813,0.21195268058732136,0.038222684554561334,0.06392581714668359,0.09971641307553396,0.04796265023488507,0.07482083045224741,0.044875621534121966,0.004338074022846042,0.0033775056848435177,0.006158298337132815,0.0070963507063496025,0.0025580201165003244,0.004056367312078406,0.0052292551424406785,0.0035821490716305355,0.005782909909413433,0.002263407011838493
D,0.11266045799505572,0.13947287705419462,0.1666032678876984,0.20766159007347196,0.03798610206666768,0.0635971254595835,0.09931170942679692,0.0479677273225051,0.07467483400186693,0.04483262428183325,0.016834423311980585,0.01686573433853437,0.015340144605943375,0.018007600243470943,0.0025235251216060212,0.0037591209092320667,0.00496001883638014,0.0035866330283767286,0.005689050124643521,0.002238444486332028
D,0.10870693875945389,0.13547138238385442,0.16324671632167045,0.2037203682508899,0.03772967341562526,0.06365450699952876,0.09927084154448626,0.0485034178135507,0.07499273730862391,0.04485797967161543,0.022730133073091886,0.02329659069645582,0.01919206697036668,0.022678021612260915,0.0026967681280894882,0.0038590357344890354,0.004904823074467048,0.004419361920166702,0.006181579961479076,0.0022370817494619184
D,0.10553386137630627,0.13143276339252516,0.1589368101029289,0.19763772987432285,0.03743381148013523,0.06390691173754164,0.09915828247158387,0.04917309625606129,0.07522255246235202,0.04459045489844095,0.02508653902497357,0.027822398189381873,0.025106732745833558,0.032242991039272535,0.0029330924617336253,0.004012434620089697,0.004873118464559865,0.004922080900693105,0.006375981272926156,0.0022582768609361835
D,0.10311528876221672,0.12804264897416195,0.1551617836378625,0.19179317199975976,0.037196610224022646,0.06440774080847733,0.09929427517075444,0.049570108159442586,0.07533316949236704,0.04422915367154785,0.025846081872324636,0.03021075200110126,0.02874141861525269,0.038662612415191186,0.0031322953614367588,0.004201323132453152,0.004891200785802311,0.005053754020636349,0.006432228047305716,0.002225730467548007
D,0.10110529265332117,0.12505692947054733,0.151856544554894,0.18639614558392187,0.03694931316300172,0.06507549253671414,0.09966678625815426,0.050348791642525724,0.07597706877079771,0.044285292898221314,0.026056091486779898,0.031111648651818473,0.03062902743515564,0.04305267770864784,0.0030414949403629113,0.004714286767964191,0.004898581282608956,0.005627335534373438,0.006575165154469002,0.002193715154877671
D,0.09855006132978839,0.12152413180236218,0.14829473196679754,0.18109496855889307,0.03662091587340245,0.06573121670434846,0.10012041709311821,0.05138746328663861,0.0768345286189776,0.04440928975336299,0.026680816514196532,0.03256800261703624,0.03254192080230255,0.046613541852343746,0.003004419040864618,0.005178649148245831,0.004790252539586964,0.006197911077765117,0.006535498278733928,0.0020290795073585567
D,0.09613712889880695,0.11822964955791597,0.1449356474549241,0.1759661339150119,0.03626141924786252,0.06626252976073763,0.1004814847883367,0.05215887794291656,0.07757638870897732,0.04445919617471359,0.027142715179782728,0.03347323354119009,0.03415903655455154,0.049264407226340456,0.003004922452175136,0.0051799756027285345,0.004647528564355695,0.005988754003213968,0.006256905289722696,0.0020191334603455674
D,0.0938542081703677,0.11478816898582218,0.14142809484109092,0.17050996701392046,0.036065151732514275,0.0667751620385664,0.10077351435796597,0.05281188412991865,0.0781206308849415,0.04437430033917518,0.027317508331012673,0.034114577021818804,0.03547755206461415,0.05146303326507586,0.002836131227671552,0.005166885507629544,0.00457504277174651,0.005868901065613173,0.005984916349681859,0.001996422217053184
D,0.09071057295305926,0.11070826641444169,0.13728531858721943,0.1647091961807306,0.035632781610950216,0.06681805861846886,0.10051715533896095,0.053204558437642865,0.07829443170219522,0.044215936387361834,0.028183525592040983,0.03532328602532835,0.03706808014063303,0.05334282631225967,0.0030034054393996913,0.005129336822818381,0.004898669903362965,0.005575766622873001,0.005832292840114146,0.0020779683817487623
D,0.08776084901532243,0.10675230825436821,0.13334645351518476,0.15925070679414527,0.03533162819547446,0.0671673488865743,0.1008989013846647,0.05356005366537085,0.07888948153155917,0.044151513354450306,0.02848721130861789,0.036037588755316444,0.038277818353646145,0.05447938556775878,0.003051332468735429,0.004972357028621338,0.0047404271560938715,0.005459892992060048,0.00564232220636141,0.002032512230670441
D,0.08502466997907274,0.1033206686802463,0.12972452608753474,0.1540021588865207,0.035107517903457224,0.06752503558755833,0.10121078415565891,0.05416337868340633,0.07958804902905661,0.04432263260330494,0.028302686195380063,0.03587648178669627,0.038861468863817784,0.05527163887463793,0.0032089674128117506,0.004582623893090816,0.004223212389872935,0.005009944801998114,0.004852809740180479,0.002022167737084271
D,0.08302021992436992,0.09976390592340685,0.12586702331731436,0.14805397566599976,0.034950275262386,0.06801151801575878,0.10157025709558543,0.05466947920538998,0.080071835383989,0.044363129387544484,0.027609663297210568,0.03544548610605107,0.03939197894005081,0.05602656192725225,0.0031398063554282365,0.003933435064408675,0.0038915910690055333,0.004467149221995113,0.004221760682380794,0.002046406573700759
D,0.08075605496470992,0.09621486843780741,0.12221181608939635,0.14250152437898408,0.03458798626491168,0.06838370302659559,0.10177492887517847,0.055147956580966564,0.08064224637190266,0.04437668755953263,0.027025742544761665,0.0345695129318705,0.03903920824132205,0.05547532077714245,0.0027828965941560668,0.0037429225855630725,0.0038199775710501577,0.004443517430465992,0.0038032773631598176,0.002061997186273711
D,0.07797822578265808,0.09279350391366303,0.11833328783804878,0.13694587860317659,0.03454844531095916,0.06867095430724149,0.10182261963496805,0.05560913083487101,0.0808896478397446,0.044527325379975224,0.026155467629676105,0.03342948947457855,0.03801040769781487,0.054064817229518024,0.002794411880234998,0.0034617696899041013,0.0037695037796099907,0.0040061682603512805,0.0035357962984569635,0.0020378072288698194
D,0.07485895230037677,0.08864986381014785,0.11389622018675546,0.13087302637102252,0.03451038968864726,0.0691502551453701,0.1022136928592916,0.05615072125291372,0.08132161853168604,0.044858263294180425,0.024383616652518057,0.031222397272654655,0.036218589958379475,0.05142440496708344,0.0027710410917061055,0.003134802424054608,0.0038592003602355845,0.0037953464377765635,0.0035244402011375383,0.002423914828171142
D,0.07178203751632051,0.0850509370477773,0.1095435765531301,0.12514234304905922,0.0345944528326395,0.06938726923728707,0.10247779179333841,0.05655664262717706,0.0816028646842574,0.04527695561123833,0.022402037537296884,0.029150561740101208,0.03340361942672982,0.047532534288019866,0.002720869917036526,0.003182711616557747,0.004129421355554631,0.003910364611044837,0.0039030524714579475,0.0029233989429691574
D,0.06934301119806427,0.08154013298728714,0.10519791336885216,0.1188725081643168,0.03455399492872864,0.0696310583883215,0.1025177033328583,0.05693516378624608,0.08174106594626582,0.04513697857357269,0.019728502496885382,0.026131576866326705,0.02981664042718366,0.04227891867042454,0.002733375674665162,0.0032780369349413472,0.00417685576398863,0.0041605125205814615,0.0041084805715909285,0.0027572879882742742
D,0.0666073143267009,0.07778419165898624,0.10071982142042482,0.11289940885295939,0.0342224789444928,0.06954994986672794,0.10225232736589225,0.057312683844822264,0.08202297203401648,0.045213652634976495,0.016437951560887884,0.021132701715624452,0.024283145216301438,0.03515648995974519,0.00262437585076138,0.003273213944240078,0.004045746258759188,0.004123750333529012,0.004172824443569622,0.0027349023487386282
D,0.06402151593415967,0.07399658288258512,0.09624152251039912,0.10685793986553027,0.033885652119621926,0.06922724428870657,0.10167540666299266,0.057559841679144255,0.0819617508071734,0.04509259497514852,0.012797267274404013,0.014960521645781497,0.017410079785406395,0.025562079346512497,0.002345161717489268,0.0035080118521590435,0.0038776409340596247,0.0039578047506207735,0.004184973539194987,0.002721137778246648
D,0.06173201759646494,0.07060593060952673,0.09233516792327816,0.10161728664258096,0.03349005677945159,0.06932660869282707,0.10165892039573979,0.05820438992952105,0.08253637115330528,0.04529386591216713,0.009373530396618937,0.005874938341739621,0.007275504909463744,0.01302189611037324,0.0016637874809101285,0.0034458415205419913,0.003879832079633942,0.003428075519363766,0.003721127809420688,0.0026880241030521833
D,0.062233446285852125,0.07060262683186443,0.09150546543013718,0.09995763371092349,0.03321357284886137,0.06953355931230056,0.10170273349233883,0.0585814281324414,0.0828660758905235,0.0453518328321353,0.008517496098967294,0.00587679112665356,0.006715779157665001,0.01054348233120157,0.001665054503730676,0.0032382672710937824,0.0038527896595521027,0.003026050730376645,0.0034993263461158028,0.0027092415034729958
D,0.06320760692846408,0.07103964528408194,0.09037104822147976,0.09775655224440251,0.033230038112398746,0.06950938719956937,0.1016500513089857,0.058572810177902036,0.08285250324816765,0.04554667346567016,0.007104335910955703,0.005781844529491641,0.004907752574049023,0.004168965237813504,0.0016697256663519727,0.0032302782692453383,0.003806830609489602,0.0030227686474956286,0.0034829456165844153,0.002813509714572933
D,0.0632765805257962,0.07114356630193285,0.09027089145130571,0.09790093248085277,0.03326997971325128,0.06944982348287619,0.10197245176718532,0.058551911479657825,0.08311027508637608,0.04596621584840199,0.007056430546521437,0.00567976395638787,0.0049832200245065765,0.004178857817900324,0.0016583016155387422,0.003255598274595755,0.0038805429366136025,0.0030209017425135744,0.0036501439192351175,0.002859343660699835
D,0.06259590784026622,0.07077793375306965,0.09017437762047453,0.0981594560387075,0.033423427331215415,0.06952106234670379,0.10229131146649173,0.05880715119152376,0.08351277297073598,0.04638250416015033,0.006821166685529659,0.005629512710442324,0.004940659385109021,0.004293817471514298,0.0017114967704297346,0.003297808002697464,0.004064519281053639,0.0029237706287292445,0.003688957186178618,0.0027078915812770205
D,0.06150008957782925,0.06979057839308048,0.08957383113238818,0.09830318200833278,0.03335307889789028,0.06927956451355419,0.10241801654049405,0.058683779824433256,0.08368076731906914,0.0466247354935415,0.00572162380246359,0.00416042764041096,0.003905492537235155,0.004461127954947256,0.0016426329139913713,0.003068041524757066,0.004132992013458767,0.0028510931083480747,0.003762053883591185,0.0026607085958572276
D,0.06137310314527751,0.06964217685067767,0.08932970764124096,0.09841383215775501,0.03338087193389578,0.06919449960196333,0.1027031990013233,0.05850650103705618,0.08391634057423143,0.04679140376587917,0.005606790574809908,0.004028624194822588,0.0035380838203233904,0.004543869081105541,0.0016553309981750003,0.0029151822917734826,0.004372019324434463,0.0025812145858110968,0.003959405015225344,0.002515324641188126
D,0.06154607899169092,0.06976049814383192,0.08920676977989615,0.09827681468257343,0.03353255525050889,0.06950474287108571,0.10313332894645835,0.05873182325854433,0.08431484831513653,0.046865977207867816,0.005858229547638989,0.004294210736353741,0.0033055869404909413,0.0044601985516128494,0.0017360275946697846,0.0034128755733924343,0.0046973075825928355,0.002706433971149863,0.004164599816115815,0.0024688513158798173
D,0.06131447698217265,0.06978198482865322,0.08931289327461511,0.0986028127131618,0.03354679782988397,0.0694103349011301,0.10317142795433329,0.05888041085660779,0.08461795012427066,0.04696014832383962,0.005602171822077736,0.004325320775440012,0.003517709271831182,0.004688389632049788,0.001763014737298911,0.0033819906730677535,0.004694320406235347,0.002739557823829448,0.0040760734565526415,0.0023966010842015957
D,0.06095664258155996,0.0702761233499887,0.09056552709862875,0.10058436955930476,0.03378307854173793,0.06986316791791261,0.10382524877983264,0.05939787222076233,0.0853156293886457,0.04731495968079926,0.006294726079435363,0.003914621302162397,0.005374364345161628,0.008536749747905035,0.0016370289972420465,0.003045339797820289,0.003960287948459698,0.002481612487751583,0.0034789405870314055,0.0020919544752613416
D,0.062264526161224354,0.07264923411373266,0.09382255525962746,0.10519809997394722,0.03394717325187886,0.07001346305494663,0.10399210827333764,0.05992820939855611,0.08567374135618941,0.047669141619830546,0.007829874788790268,0.009300600094890154,0.01378390992936173,0.020894595484172284,0.0016132704369964288,0.0030344759588388746,0.003972386487851538,0.002642862532565832,0.0035600608301650256,0.0022610968860620156
D,0.06486507524411388,0.07581117752622508,0.09798522752883329,0.11121087242860983,0.03402372091258874,0.07002439788251692,0.10434994636124406,0.06023452322021729,0.08619662950303876,0.047906609482632104,0.013525637373185434,0.016581213472065755,0.02190699116422384,0.0317989836846009,0.001492849875171341,0.0030193320033243334,0.003608802717386191,0.0025209781968617154,0.0034989351381004294,0.0023040129674215056
D,0.0668683289643459,0.07931598343114146,0.10265525037354213,0.11791249722338344,0.0339196767645058,0.07001148708847103,0.10453455428321753,0.06032405126628965,0.08647374268020726,0.04795341208208327,0.01715696551745253,0.021671790745079206,0.027607430635968964,0.038810625631997615,0.0015039222945684382,0.003032967862685306,0.003538863357287168,0.002337108404068547,0.0030942094891546505,0.002273409753462905
D,0.06922914122930805,0.08298743519890349,0.10710376065695963,0.12409508354683438,0.034203161246631426,0.06992270753677128,0.10469125531363026,0.06002064558590207,0.08632819389035516,0.04783339887268666,0.0199382493305802,0.025801926965034618,0.03220077443311049,0.044190197244199994,0.001967307942066177,0.003059201776402113,0.003508815729977328,0.002779798298227843,0.0033096333107816133,0.002388026192976104
D,0.07211689663331972,0.08697547053086625,0.11166926841060627,0.13016714212777317,0.034647519499746475,0.06986751650418492,0.10490544678637888,0.059573666643529276,0.08594727404801249,0.04762729630008823,0.02241002828170166,0.02961843078573575,0.03594895979119817,0.04834544206487878,0.0026216801054593374,0.0031052751790600465,0.003229274474029806,0.003890005860756086,0.004368730271334291,0.002723662363560654
D,0.07506928224766111,0.09106235636543317,0.11621690284064976,0.13613811753189647,0.03481631651714621,0.06938960776987793,0.10446093923960845,0.0589586872651632,0.08523830077094953,0.04726075612864934,0.02436792315049919,0.03205103412066874,0.03818972545971813,0.05106873818973344,0.002796988448234313,0.0035307595294383496,0.0035347909339519296,0.004697589744238568,0.005432097935630995,0.002790729417395923
D,0.0781235846888279,0.09502334652285016,0.12064285104858434,0.1417514015310266,0.03498903020088319,0.06888985997367959,0.1039510614060359,0.05807355914866463,0.08433445128600463,0.04675142699662485,0.025776561370940584,0.03383136820356653,0.040060367687310874,0.05337872367217769,0.0028324949592301984,0.0037848558062826805,0.0035679766834173583,0.0056961395182495616,0.006142805162303169,0.0027270895460841816
D,0.08087240993084391,0.09888581419544691,0.12507261592337166,0.14785038383066262,0.035060959589930975,0.0681274353582466,0.10334542029068952,0.05716289261440002,0.08352941683544406,0.04663872700912102,0.02755509157643591,0.03535286802592437,0.04130659827401277,0.05485791722270276,0.002807523180473939,0.0043338007707224265,0.0038726959164461015,0.00623455899049717,0.006520915598247643,0.002753584785184443
D,0.08357326878767456,0.10244356100365634,0.12947338860226476,0.15371077270407968,0.0352571317157479,0.06793958364746995,0.10343638070975048,0.05654793459049921,0.08314718548383698,0.04659265900198041,0.028247678466044458,0.03619502986827981,0.04218554151846533,0.05593129249321044,0.002719250686348645,0.004374262706693308,0.0038557750025569153,0.006477334222446204,0.006609090674907647,0.0027857871874564693
D,0.08666033571611984,0.10642636455490304,0.13404051230789388,0.15974758577765505,0.035388593299856164,0.06771309706399721,0.10343402510383048,0.05611862827184614,0.08288772169504652,0.046755514389218746,0.028873639776924413,0.036503538308718046,0.04214289584985928,0.05607318247585965,0.0026575052422572842,0.004693792025203179,0.0038595058081129104,0.006700912294636005,0.006804887212190184,0.0027390483547797663
D,0.08981346100148911,0.11054488720298457,0.13864460680352977,0.16577170861798995,0.035601301596868515,0.06742502386917923,0.10336649109270772,0.0553531885693883,0.08229493682961629,0.04662187873166769,0.028857620009452294,0.03639163110874166,0.04180781707530473,0.055585009380641225,0.002642780826573752,0.004836146788036,0.003913180869384745,0.006936403350298015,0.007121148976385279,0.0028000424796690623
D,0.09295659556282118,0.11432494434920068,0.14320679533081854,0.1715369830544166,0.03592358890645582,0.06734507201120685,0.10356362967108942,0.054803610783357735,0.08191567953016954,0.046428210923564125,0.027947031197734288,0.03561910946570089,0.041041162529483186,0.05462084755992571,0.0023918151715246233,0.004836760120412347,0.003823431308933055,0.0070816041960497,0.00724408859104797,0.0029067009570511075
D,0.09553088072629119,0.11781979257996884,0.14740841696845525,0.1770022592377339,0.03624002831882004,0.06692779025365746,0.10310704565260079,0.054184230059545126,0.0809681845949049,0.046017167418565194,0.027259743062046586,0.03490561323817357,0.03953580624245933,0.052428981066719595,0.0025133645963910283,0.004918931938825837,0.004211060199265666,0.0071724179804733106,0.007747171796982247,0.003106008283640821
D,0.09809798032990634,0.12152090975277807,0.15168841655106857,0.18238293412717094,0.03648713529692164,0.06669776476975033,0.1026689254788001,0.0537059589048549,0.08014729104984375,0.04556325758761992,0.026092519178101643,0.033148136281048554,0.03717512190754979,0.04965360601337571,0.0024416487716905377,0.004993543150360017,0.004349763711169259,0.007179382077124039,0.007841349297220494,0.003115867249697637
D,0.10033012230266765,0.12480308184289632,0.15534241431745427,0.18740876802656953,0.03668685658925088,0.06624384234275833,0.10230429471373152,0.053104243411713714,0.07944890000396129,0.04527764163357844,0.024471079955995546,0.030865598841537716,0.03457481493666245,0.04628646995836537,0.002512241758409765,0.004889811837273923,0.004223908097157067,0.007122284331181005,0.007760024770985525,0.0030182823653692363
D,0.102476612714861,0.12791213465533188,0.15915000729050136,0.19238155926425532,0.03685351837499128,0.06618498456303859,0.10224114414015621,0.05266278662063965,0.07896147482084044,0.044976494896491345,0.022405391173873808,0.027950534759328047,0.031379103562522846,0.04231235036459521,0.0024601471016184886,0.004851011886617884,0.004179835111516577,0.007002604556479197,0.007580934600055949,0.0029917720086388706
D,0.10453044036956402,0.13108549353062054,0.16285223787781522,0.19740458241058773,0.03697336110945882,0.06561745050283485,0.10166575706050181,0.05196357232855199,0.07807983693010709,0.04473876194021112,0.02072179977366495,0.02483698715876024,0.027429779370702456,0.0370148478872023,0.0023951461748440562,0.004588184380959453,0.004001282292755324,0.006835667645071595,0.007338465945107092,0.0030793079925325504
D,0.10613045832165027,0.13365134609511306,0.1661347763514968,0.20242614740237946,0.03700508430123126,0.06470162014713854,0.1009905054899165,0.051139089719501415,0.07718639330129179,0.04473535033130959,0.019297834664717246,0.021930916598214317,0.02254878759949124,0.029465060647798226,0.0023845756222966343,0.0038951093579588183,0.003541438579242243,0.006521420396907344,0.006883036534327362,0.003077922553685959
D,0.10803879793290742,0.1363659375383574,0.169170539793843,0.20703060383990776,0.036949132681136546,0.06409707530962819,0.10053991316325336,0.05032247010316506,0.0763975049828035,0.04463488780569961,0.0169214011500343,0.01758420112618376,0.016267995362395832,0.019311006383341472,0.002397200835688922,0.004020348027326109,0.0037999513245867145,0.006265709337340808,0.006695593771220674,0.003068161296708929
D,0.11075523386609114,0.13914948113311085,0.17158452396822216,0.21031774239080114,0.036926764016302946,0.06352224986732827,0.10017278955401418,0.04957214186515384,0.07573379804154128,0.04455179329337976,0.009472514700859674,0.009775527695214673,0.009226759126001313,0.009305687081366304,0.002416164636072262,0.0036896136349906365,0.003687095934413585,0.005559919769369914,0.006070930971406934,0.0029764864259998487
D,0.11194763233748159,0.14026419969790976,0.1721159206371869,0.2108947187989044,0.03682303858207313,0.06279056689173515,0.09954571936640703,0.04856311554938777,0.07484165687157925,0.044237224691706475,0.007106482908024804,0.007389700907801603,0.008186834340634823,0.00822679186970517,0.002527015697079667,0.0035381097931626113,0.003731908609625727,0.004197455992332721,0.005172058370575662,0.0024510272280539726
D,0.11151637825655507,0.13998068294230376,0.17142186838090973,0.2099794606126059,0.03684979070541875,0.062351887134306005,0.0990365698974481,0.04772053487917803,0.07390652947218916,0.04393362538964405,0.007291449723324978,0.00766505112544342,0.008708942083481502,0.008604883706482918,0.002481495167055203,0.0036626083094665417,0.0037974598323826676,0.002875207582924088,0.0036891176112435853,0.0019774944331680173
D,0.11081875002136868,0.1393953330935927,0.17063165537560634,0.20900363358466628,0.03696322921335198,0.062174395798765866,0.09876619424573552,0.04716198201530887,0.07335467027002858,0.04368063246831474,0.0077041209526884325,0.008048694252733333,0.008860839535788447,0.008687709880500185,0.0023403233051079953,0.0035316190898679613,0.0035525223113498203,0.002176644360676003,0.002816693264027037,0.0019039133006382054
D,0.11017186616380133,0.13854477793730685,0.1695830432035155,0.20783243494363202,0.03679508554777336,0.06182032528394741,0.09828777516844758,0.04677692104086274,0.07288681359763807,0.04355878866602406,0.007989060423635598,0.008350247027216522,0.008902298403232117,0.008846702466904778,0.0022544939508359198,0.003256077174018392,0.0032437681155576357,0.0016573495937390772,0.002383575255445801,0.0019274961998125247
D,0.10909878700102424,0.13717962536222678,0.16838099837671966,0.20672016931911869,0.0364841910765023,0.06171171772840223,0.09823899324220589,0.04681918301385183,0.07312723854929057,0.04365520963083472,0.008342750486817568,0.008372060265595586,0.008626088113509338,0.008705409264041118,0.0018784908774671768,0.0031226555377963042,0.0031862293618578966,0.001674314316378098,0.0024873697802951854,0.0018698243753597819
D,0.10828810794789183,0.1362077968339334,0.16745671673012302,0.20584867748193,0.03625141002227417,0.061629298629524286,0.09815954117719755,0.04674589743029386,0.07321330084258797,0.04371537769915581,0.008163260981780635,0.008156954238416194,0.008569864305117263,0.008651796004139544,0.0018105794674884927,0.003138432774728278,0.0032130521689076887,0.0016759583625379686,0.0024470254024223505,0.0018759449456825208
D,0.10751504393697946,0.1353165514037534,0.16650475045647462,0.20505999174184314,0.036075032571906064,0.06150404232584487,0.09810962581423005,0.046824754665638436,0.07337768063538117,0.04392061650531387,0.007867110526941778,0.007846863099267302,0.008261585220710016,0.008352393661309866,0.0018792719755429455,0.003159783540624775,0.0032092851543132268,0.0015692988388516427,0.002416297839005453,0.0019290123233822716
D,0.1062164910971775,0.13405517099151645,0.16534015505213212,0.20394685020861908,0.03601802361620563,0.06160409839732341,0.09825892507062203,0.04685147336468769,0.07354035492067937,0.04404721411746315,0.007105981966209316,0.007534232284946228,0.00811473297720145,0.007903003476612842,0.0019346189845533537,0.003076617830749285,0.003163777344530871,0.0015420541845911533,0.0024876413398339393,0.002068722131665855
D,0.10548361466988668,0.1331312257581851,0.1641357109760928,0.20276779027482944,0.0359106419780146,0.06125648388315445,0.0978181658534356,0.04681062703176868,0.07334985480969004,0.04417741895946585,0.006767103718238101,0.007300342209014097,0.0076822584272572434,0.007219627078304114,0.0019980129283803678,0.0030413072717731973,0.003001416832868374,0.0015164904425303142,0.0022755576828058155,0.0021555615898930748
D,0.10436579233360517,0.13204820647485518,0.16295146564929422,0.20170385044410694,0.03590094549801519,0.061226807824512855,0.09786842553256815,0.04672001357311442,0.07340402188869434,0.04428777767769547,0.005753669381529295,0.006735732405750416,0.007423798821462425,0.006351221958357287,0.0020010581807183144,0.003064380335816377,0.003000767415163441,0.0014594155912704485,0.0023349196151652737,0.0023692552892078497
D,0.10361272215662085,0.1311211678959318,0.16178158848684004,0.20060991094526792,0.03572545223731779,0.06088472563768266,0.09750768631631901,0.04675755750462844,0.0733144529738925,0.04444044048881989,0.00457194256470098,0.005555279189527557,0.006542014045738019,0.005135995571840202,0.002012387958035616,0.003294926457764562,0.003194023018899946,0.0014496166857746382,0.0023845053067794906,0.0024485232035078614
D,0.1029835595223638,0.1303108923723296,0.16039401267744233,0.1993329794792611,0.03548200754171284,0.06030991122898579,0.09682430462282485,0.046691057589303454,0.07297406206905008,0.04464577751471334,0.0038227264570134993,0.004927914024131303,0.005474383965931099,0.003907205198271327,0.0021314231038910354,0.0032593259794584666,0.0032627040777553355,0.0014338648210212531,0.0024636659919008174,0.002492342382993452
D,0.10213897941902743,0.12920463807602128,0.15949275136602623,0.19863481208882022,0.03521217959529043,0.060299130704902185,0.09698346801399196,0.04663595496013632,0.07333689395539542,0.04475128745547057,0.003448745382819604,0.004200415746213104,0.0047832061167337025,0.0036311224270583636,0.0018402530256339338,0.003254060225709911,0.0032649814182949214,0.0014323031144899182,0.0022253268655795778,0.0023624250971076453
D,0.10164424361954075,0.12854765913730368,0.15889676693390006,0.19839653076101119,0.03515109621280847,0.06029494840838502,0.09727305106747823,0.046600589579364554,0.07372143778155425,0.04509802388742458,0.002900634013103271,0.0033123002113223227,0.003959984374857477,0.0031930100671704303,0.0017614536760148672,0.003250760522323935,0.003514373611255615,0.0013798369670043674,0.0025127746951521496,0.0023218992659791594
D,0.10169237324911835,0.12839446303445748,0.1584662895358851,0.19813897575090986,0.03502313375860849,0.06001693578662158,0.09699831356770891,0.04659422090477751,0.07366881833997406,0.04531504827448292,0.002933363360487923,0.0031354332382147864,0.003788962858147896,0.003012669996249059,0.0015202475043135963,0.0032400703081399847,0.0034800523376149715,0.0013733349482119531,0.0025231979599810222,0.0023751186911836067
D,0.1018618955462514,0.12842262455638842,0.15806100002853177,0.19793340281624688,0.03491376215131599,0.05958715996967234,0.09663176644482825,0.04642738362042206,0.07350921906622916,0.045496657925700415,0.002946649741419507,0.003151094598766994,0.003168190844920295,0.0027164053759129512,0.0014006095647871699,0.0025350808206369047,0.0030182878350111892,0.0010726098798530177,0.002395736282596313,0.002280752464507432
D,0.10155380867879507,0.1279943056175494,0.15728053004734735,0.19739887774094714,0.034898485236683846,0.05927437577237785,0.0964290025059037,0.046313445064836076,0.07345150987365939,0.045794733230828985,0.0027769112154090543,0.0027372849550231287,0.002862505512377007,0.0026605517767360623,0.001381541865437236,0.002553161734515493,0.003090584112606954,0.0011281941249382853,0.0024505509918956456,0.0021036698063909404
D,0.10148256838931687,0.12787358531895893,0.15704232789809286,0.19724546752100744,0.03494532370880575,0.05925437617662088,0.09638801465299766,0.04632843069398111,0.07347633063121536,0.04584434335897928,0.0027435670340204125,0.002629252173129376,0.002810653807118677,0.0025845431601160033,0.0014495910885856532,0.0025551441865762853,0.0030862641195096648,0.001123947784389596,0.0024414959052539214,0.0021184681037423416
D,0.10145987484252798,0.1278126304724018,0.15698429855473367,0.1973671037958857,0.03494947988262258,0.059282959825544226,0.09653337333214855,0.046435483434202535,0.07366866369280749,0.04609783125397194,0.0027276546794581017,0.002580927905205615,0.002805238925797398,0.0026266000002675613,0.0014523760139113439,0.0025388848984767877,0.0030457876437032507,0.001050614878445859,0.0023505532936612485,0.0021824596297098037
D,0.10130454157553052,0.12767739429131805,0.1566963815991369,0.1970563682750979,0.03505871150807742,0.05919458188584812,0.09639671998083252,0.046415414714263074,0.07349120634954079,0.04614252429098195,0.0028698621259634644,0.0026776426878629316,0.0030401249007745578,0.0028885849864686737,0.0015086068100056537,0.002533418107345431,0.003045594241156492,0.0010239204308208313,0.0023443676648413946,0.0022114195153418396
D,0.10101549070055937,0.12737803072805348,0.15641045759333366,0.1967991740894519,0.03513048451354947,0.05922342467654392,0.09646023063724252,0.04637670096870499,0.07347944282246993,0.046177736470358596,0.002575091447207458,0.002448317706968363,0.0029723463272495654,0.002845147582111567,0.0014513524031423374,0.002506719766654083,0.002993645439076185,0.0010689899602757355,0.002352246063212927,0.002211003994475064
D,0.10065764991689097,0.12699996777371814,0.155862214677385,0.1963363690251172,0.03524607705317795,0.05910288816173252,0.09639640140900949,0.046248418942093764,0.07336510425670964,0.04628883123148438,0.002586624882534266,0.002597118409081064,0.003504815405633724,0.003351227425834627,0.0013532963974273204,0.0026564066197415567,0.0030642746729071827,0.001319278578899741,0.002471554614107127,0.0021796665841506448
A,0.06757022252120762,0.0925394135715702,0.12356755347999963,0.1585231311330823,0.02702268147116162,0.05731863905754917,0.09174658606458341,0.03787268029563184,0.07031766238774345,0.03521412117582965,0.0033496141124294406,0.003771440123051984,0.004601529148506863,0.005161275402588922,0.001954345551343038,0.003470898945983341,0.004770308620938617,0.002317840160875103,0.004326329639677913,0.002863442789607767
A,0.06762840241260248,0.0923616203531739,0.12308211197869134,0.1582652747350608,0.026864034655538632,0.05678713820361989,0.09145962371229503,0.03768402698034039,0.07037517043612206,0.03541800956809209,0.0034534627967408604,0.0034463093417708866,0.0036047470064967304,0.00492561887847511,0.0019490929036483546,0.003028789162805397,0.004838890633250448,0.0021874216509811537,0.0042922020722520205,0.0025772443826295125
A,0.0678130768187579,0.09250758607094373,0.1232460348780307,0.15859923001498433,0.026778359150401852,0.05679444735281077,0.09165167132466075,0.03787507416741002,0.0707062591317845,0.03557073551705212,0.0034465008135916683,0.003418173730062135,0.0036486830404441673,0.004988079480942306,0.0019387735917410834,0.003030583265698861,0.004873120648854545,0.002244038959026071,0.004386083190281607,0.0025743962168740158
A,0.06836447975189669,0.09291027867476821,0.12366214456991262,0.15902913118435325,0.026598063122184646,0.056759259430983686,0.09161228550406308,0.03804466634542516,0.0708207143200169,0.035573211290227266,0.0038555524424437443,0.0037191348096469535,0.003850523319955072,0.005045602143591686,0.0019516127759897344,0.0030344984980302998,0.004885996901865657,0.002222386389196794,0.004340877197739119,0.00257320738355499
A,0.06852393093475348,0.09300688648477422,0.12371984688989388,0.1592628375220534,0.0265715326395393,0.056725111899317594,0.0917554832245712,0.03821008431173097,0.07112718161107065,0.03574577189283005,0.0039211713378863935,0.0037833407073292772,0.0038851806910905114,0.0051130430345873515,0.0019425630039359312,0.0030270241670079545,0.0048879933868128675,0.00222614930824699,0.004312277746550507,0.00250975401012343
A,0.06923948603179189,0.09368283246454319,0.1243680672795405,0.15977845199042365,0.026492490883657925,0.05674191227099586,0.09163797107783764,0.03827976695018932,0.07102924524965062,0.03560392227605837,0.004601915107456028,0.004166085543031352,0.003908070011713692,0.004810336679400949,0.0020122791804923087,0.0030066530957640037,0.005046231141359599,0.00215937405768858,0.004430828775478456,0.0026796473522412313
A,0.06916471197938776,0.0938538161905422,0.12452216939060327,0.1600130126963346,0.026779255600868822,0.05696593693356883,0.0919577931946717,0.03837117454961673,0.07122141015705949,0.03569185263296848,0.0046534801264393345,0.0040443804293436485,0.003695796815243057,0.004598181105190438,0.002141065217001189,0.0028234356676309956,0.004969231803062069,0.0021014224558519473,0.004431136462301718,0.002715045422048958
A,0.06942249839501728,0.0942215134664384,0.1248134132912101,0.16035488685238128,0.02691603216974282,0.057057054998592385,0.09209875177089313,0.0383936019766008,0.07127098074992691,0.0357388465624409,0.004698205270352084,0.004096904258606737,0.003636520352242005,0.004526230184521667,0.002122703191345461,0.0027774456313842412,0.004926963303275439,0.002088181215249002,0.004416687564870371,0.002709151486259149
A,0.0699744824890991,0.09481882063378667,0.12520246372132599,0.16047781173607176,0.026980878617812974,0.056941750154858715,0.0917216143037127,0.03832325439744476,0.07090884826605216,0.035463700070996314,0.004645948003593624,0.004053529345190362,0.0037469425149505276,0.004489461901090281,0.002118061113028187,0.002726340694889829,0.005011143320007913,0.0021023110031739936,0.004617339440921762,0.0029519310078770836
A,0.07011224890904919,0.09506731557968764,0.12552659379917955,0.16088513088542516,0.02707469407235419,0.05720447893962177,0.09206802462732766,0.0385632138182752,0.07122448075325337,0.035536039626630975,0.004607448347158482,0.003838528596523791,0.003398276402659556,0.003953714270773169,0.0020225091196617996,0.00245027048502043,0.00469483417266795,0.0019624237924314165,0.004422658270300354,0.0029095518020381727
A,0.07057781881649056,0.09542423627063082,0.12579079901257492,0.16130339716311784,0.02698778744940401,0.057072166449024554,0.09207181124774444,0.03862404935415566,0.07139545522068733,0.03568713714764919,0.003974210414565415,0.0033462009477477784,0.003021026686923495,0.003287050434469004,0.001973447419346694,0.002408016662524436,0.004694460600369684,0.0019353306396275717,0.004353578188456209,0.002852017153102155
A,0.07123216860584708,0.0959756044142255,0.1261553576151259,0.16166905038015894,0.026895361007263176,0.056841918726000695,0.0918387635973202,0.03858836959549454,0.07131637062098999,0.03567494105886409,0.0039801288332642695,0.003228467194755706,0.002729679555008733,0.0029766217907126703,0.0019955176688991913,0.0026267918256251154,0.0048372957731455096,0.0019733974113082977,0.004401798256160713,0.0028534535045166443
A,0.07119204366379567,0.09606061130940223,0.1263452917887006,0.161968496316895,0.027012002530113755,0.05713302878166374,0.0922381013754388,0.03880842482874868,0.07163170412364164,0.03577472912970509,0.0040087613128091705,0.0031415305784864107,0.0024904646603640572,0.0025208620356895616,0.0019627784867221228,0.0025131410024250263,0.004684943887708111,0.001766368544801045,0.004232988867478483,0.0028207911639388265
A,0.07143626607513505,0.09619785973443996,0.1263544848049123,0.16190965241487965,0.026939689729603717,0.056946900713558304,0.0919723712234068,0.03873994809506638,0.07147118300122131,0.035701440883444034,0.004152679789831315,0.0032866441631167844,0.0024969860490816425,0.0025163813012590293,0.0019289312316301602,0.002550998911583424,0.004812728421078233,0.0018353577636458138,0.004371857344069995,0.002861921486125368
A,0.0711507621335912,0.09601422175450144,0.1261844700829186,0.16202649402999614,0.027119849661991928,0.057101984824991237,0.09241136205717698,0.03890107915209744,0.07191055270352667,0.03599077442482439,0.004278938068264784,0.003389439739954321,0.0026375182457976866,0.002372608440074146,0.0019083520452490266,0.0025339593681496047,0.004686577652729832,0.001743258020447971,0.004166474595844333,0.00277580701324634
A,0.07147355854108275,0.09617887514672914,0.1262494440793598,0.16213439627108023,0.02700537251732079,0.05689384120946032,0.0922272286341643,0.03892973634119801,0.07193600580148866,0.03603779118462216,0.004290315488725398,0.0032744675623413173,0.0025840719622963917,0.0022739809039583206,0.002040082340297039,0.002743901369104941,0.0047909322409316205,0.0017331512448164664,0.004163638596974039,0.002776158520202668
A,0.07157671312358949,0.09624456990020848,0.12622554869921357,0.16196795663061433,0.02699865523281108,0.056817499075807444,0.09199003999575414,0.03891645427492792,0.07174835155836125,0.03589662033296822,0.004329667758572059,0.0032675347263340575,0.0025804845201530375,0.0022900982940761926,0.0020468546411952842,0.002787114438064219,0.004902154870661484,0.001735322657293478,0.0042143952333181574,0.0028114032503371985
A,0.07180488504959612,0.0964766488274954,0.12633642692127667,0.16162194491903603,0.026966171225381856,0.05674052426373276,0.09146152614597311,0.038803156982675044,0.0711716609097693,0.035406778383374665,0.003997335132798624,0.002938697876729848,0.002475204225773172,0.002274354829378553,0.002014422441757565,0.002695635313479848,0.004237123889450129,0.0015916232762990207,0.0034933022455982178,0.0022748024579676823
A,0.07257438159941619,0.09683380180432544,0.12653754307045373,0.16143861320688443,0.026569460585044252,0.05624432876674316,0.09055784637715077,0.03866991994060417,0.07060072455050807,0.03501079628568517,0.004356140895446899,0.0033078483783059503,0.0027585747928207663,0.002001069073348952,0.0017474456608006566,0.002220427196294963,0.003896317092814877,0.0015078048472608233,0.0035014995396076766,0.0023503248623586146
A,0.07252661381284012,0.09673388597714838,0.12640010299826587,0.1612215335695185,0.02653832162405243,0.05613695104055525,0.09039183271059664,0.03862552861452511,0.0704901634587211,0.03491966942599291,0.0043737693974024135,0.0033103269706924437,0.002686353886565075,0.0016673671305914809,0.0017270094785811264,0.0020905737319794793,0.0037121340688763215,0.0014651068137876181,0.0034015239358933095,0.002293900055278865
A,0.07273992267743767,0.09693162225018001,0.126573836233775,0.16106501369544698,0.02652182558236938,0.056065548518153804,0.0900033698471503,0.038417798158584905,0.0699862353967072,0.034581018699642106,0.00432527300222681,0.0032750778711865456,0.002704801151085368,0.001552726219347588,0.0017248406354430847,0.002026451054976299,0.0034369927572530656,0.0012079863802119774,0.003086484618996975,0.0021547754078720654
A,0.0724762668075723,0.09688445581122987,0.12655692422633352,0.160918299614252,0.026722306183171212,0.05632624047810954,0.09012573845007203,0.038466548603236894,0.06988415011179408,0.034452141656197026,0.004385321748695167,0.0032766265849312266,0.0027037936524764196,0.0017342919580695703,0.001815915228194164,0.0021332632056028683,0.003391992669260872,0.0011874077082640812,0.003171051009272693,0.0022864576332924176
A,0.07301247082598997,0.09724718749781679,0.12680361362308798,0.1607858964120124,0.026514887694341772,0.0560911167039292,0.08949194235852077,0.038309304079293637,0.06930630168796295,0.03408103087162054,0.004629789142389241,0.003253761306996063,0.0028427369477676094,0.0016939114790656233,0.0020814020611908944,0.002235768215527784,0.003714002877441908,0.0011351007479809818,0.003223773999169852,0.002444003243493196
A,0.07311921623572212,0.09728454559283777,0.12683625388428033,0.16074847052660388,0.026483506984147014,0.05596409162777209,0.08931307752955094,0.03824253498001941,0.06918662370374527,0.03401322970442692,0.004728182480520253,0.003282461180773936,0.0028763010841636014,0.0016344726905760565,0.0021123249835551376,0.0023035052762383477,0.003787834178489371,0.0011096959996314396,0.0032333611403353385,0.0024540892362041014
A,0.07318675607655058,0.09727644361193166,0.12680693465287465,0.16058728743774195,0.026474421851284208,0.05585697579179113,0.08906851522184783,0.03814439456159909,0.06895413941533073,0.03387713317405196,0.00471618691534751,0.0032847898225071195,0.0028816338505413134,0.00156710277011737,0.0021105442791402827,0.0022996702936156853,0.003686560670907391,0.0010499585915040423,0.0030681038827400156,0.0023897812546171946
A,0.07299514878591215,0.09719496949622741,0.12677260713396854,0.16050043889942406,0.026601886055924978,0.0559913980530786,0.08913811692048007,0.03814869751029286,0.06888899246244337,0.033827852077985075,0.004504884173458013,0.003176229537669932,0.002839262705234121,0.001547497990037958,0.00203264566503102,0.0022201754425705917,0.003599163896537535,0.0010447695807714822,0.003167685328817446,0.0024548158749934023
A,0.07351463082982106,0.0975954647308636,0.12715921086783494,0.16045063463839854,0.02643956639920094,0.0559117428994105,0.08860142298547369,0.038076180819005136,0.06831571740259185,0.03337454273229688,0.00416988912270538,0.0030692446310711637,0.002498745628159059,0.001640821637517471,0.0018405162490371695,0.002221538561300054,0.00366510319229104,0.0011086651902858346,0.0033916072995549694,0.0025492505817931335
A,0.07368098189040714,0.09762221193133537,0.12737924880071955,0.1603778290530751,0.026293025989111422,0.055939544528149164,0.08832930599590592,0.03819540668477241,0.06811827896830737,0.03308935320944849,0.004199639923331234,0.003077553579043571,0.0026496333314381,0.0015728457784767143,0.0018327363469101245,0.0022322948645782286,0.003607665025398645,0.0011536039098412844,0.0033763774610607944,0.0025758163453509716
A,0.07372994925569394,0.097545156840032,0.1273380922757834,0.1604284812183414,0.02619777382763725,0.055869033535453194,0.08833375842903465,0.03827298754583116,0.06823685516665208,0.033186025794852594,0.004217792764685443,0.0030310559092220335,0.0026156151492013717,0.0015856947519959164,0.001819842870838618,0.0022178242444305463,0.0036061129450168285,0.0011384209389350007,0.003304458957808042,0.0025066288562653077
A,0.07431988537963477,0.09801038102703577,0.12785323038548807,0.16073228419527927,0.02610641049190445,0.05584595113828701,0.08807769459559342,0.03832166131275211,0.06800807897447239,0.03298644418562389,0.004489152239716287,0.0031644674573639733,0.0030381142319243107,0.0018769228534305502,0.001879530087081385,0.0022085174710890034,0.0035946433805502,0.0012148443560731743,0.0032327282022681556,0.0025520571556016123
A,0.07455780825200545,0.09817888500135426,0.12794975632165373,0.16080250370892107,0.02604821229302525,0.0557222994459474,0.08793276428600771,0.03828279977669226,0.06791514716928698,0.03294857217158621,0.00433300334641562,0.0030256472375104902,0.0029340777895312787,0.0018559028141797549,0.0018598950794238333,0.002232446153047356,0.003505230110121273,0.0012262046534663048,0.0031642804658836825,0.0025119807998304983
A,0.07490255181166033,0.0984439122040043,0.12833918744320008,0.16099085885667935,0.02600461947924291,0.05580841582058695,0.08783541226317793,0.038396632007953575,0.06783092314410225,0.03275608883068498,0.004801137759394445,0.0034242643069905777,0.0033166813962211793,0.002179875671446145,0.001881309347083845,0.002128108582811733,0.003564546760392153,0.0011258189212110953,0.003186016042262849,0.002477574251140051
A,0.075311002665009,0.09877488514677704,0.12853751643456118,0.16111177285523723,0.025994693427996873,0.05560502508471554,0.0875563061505791,0.03833011184530715,0.06765080913867957,0.032677600678291355,0.004533183225801978,0.0032569458583257913,0.0032200349771186916,0.0022231248028285267,0.0018735603151456288,0.002014737855933921,0.0032595577530776846,0.0011192303154719438,0.0030251258082655066,0.0024038571910505752
A,0.07519433325518508,0.09877329323382905,0.12868354229600454,0.16105232308038486,0.026139387878893465,0.05586981567906844,0.0876302435183094,0.038495927516874515,0.06760891942398958,0.03247002926141463,0.004539824731598592,0.003255914387400503,0.003267776526847369,0.002226708679437071,0.0020606464362569825,0.002211969924026489,0.003266591258997835,0.0010457364981679995,0.0030502868836370157,0.002508558055616412
A,0.07565210793477589,0.09907172080743079,0.12882488836196976,0.16085129399633208,0.02599099051965791,0.055597658292625154,0.08701930200991921,0.03831520447124605,0.06707216912048478,0.0321171223297936,0.004086486611926398,0.002913731733647381,0.0030487724810921196,0.0024693079168864565,0.0019826138336249332,0.0022314932134822525,0.0029141664404907053,0.0011764619097052026,0.0027967572275184953,0.00219688658981568
A,0.07562738623965586,0.09908783935080834,0.12871087673387094,0.1605455314724808,0.026041093747305587,0.055507977400770146,0.08674740951495824,0.03812534392609235,0.06669621048320726,0.03191610327101081,0.004093714488714532,0.0028942934956555704,0.0032370049283175265,0.002785844904543316,0.0019348072457589086,0.002394151893685085,0.0030784053265984876,0.0014017875580745584,0.002649024121343585,0.001957012795933136
A,0.07547168375673971,0.09900736365941334,0.12872836342446659,0.1606521212936929,0.026163013626199643,0.05569958697433255,0.08705139654404165,0.03831512874421095,0.06700787791352815,0.03200364501652227,0.004202777336168808,0.0029854183565413248,0.0032253232104286385,0.002809954865745322,0.0019342892695646684,0.002460395462308941,0.0034158549695477345,0.0016715642973902586,0.003192899236289517,0.0020773783982789974
A,0.07625215599233176,0.09950970663361261,0.12924786707244657,0.16096633419499876,0.02585318505034931,0.05548417444884973,0.08662558333734169,0.03822467596761787,0.0666915886318791,0.031822366462888704,0.004175048857168291,0.002993724394210015,0.003412601865609776,0.0028949480963406204,0.002000651381345111,0.0023233983681651064,0.003276640244671167,0.0016353355740108557,0.0031430473677664435,0.0020936028445587844
A,0.07593209883330751,0.0993208300928794,0.12912204642399944,0.1609059412731188,0.026001205004213566,0.05561082968011627,0.08684320047964668,0.03823152636337844,0.0667895371068357,0.03188698963632354,0.003975612014684701,0.0028547980994278205,0.0033496321907068925,0.0028667836310147664,0.001972301680819037,0.0023016872811047447,0.0032060351420600585,0.0016362547324438232,0.0031232126593861357,0.002081202785112521
A,0.0765999358756911,0.09974234213303665,0.12948965883688363,0.16084791274844967,0.025719395460852494,0.05538246442168565,0.08615163162703159,0.03808387195640832,0.0661661401614197,0.031494031112637245,0.004119863674925599,0.002911252441265613,0.003446485514242459,0.002856204327952149,0.0021494869888471707,0.002307311792650057,0.0032865243574582374,0.001636315801035075,0.00315319307903096,0.0021052887806131647
A,0.07660644942029493,0.09972155038065608,0.12945419622100787,0.1608031871745415,0.025703891615695612,0.05531732152806114,0.08607742523524631,0.03808479220310882,0.06615079190689718,0.03148511962551379,0.004115496861994788,0.002923487264538129,0.0034600003195906547,0.0028642648013264935,0.002144248793760355,0.0022721894231397827,0.003241322424747643,0.0016363290469565061,0.0031487360661099,0.0021023281099146374
A,0.07714822149957994,0.09991567271511179,0.1295724005621291,0.16096509722732436,0.025360980045714233,0.05498229761970867,0.08575862671836616,0.038065209084152465,0.06612541602693137,0.03153355052660373,0.003774931446172276,0.0028187854198470667,0.003398858454412128,0.0027621388616940177,0.0020677913153673458,0.002094989840139677,0.0031488710311621576,0.0016344937162700536,0.0031492950067072084,0.002100803268797979
A,0.07708265661002969,0.10009081203188788,0.12973463378694858,0.16111346563755477,0.02562194767024311,0.055197939071635116,0.08595860178874695,0.03808230753879109,0.06610982231039422,0.03151621891824794,0.0037331826451078645,0.002954418102071162,0.0035243651738090923,0.0027886136784755853,0.001960033745146215,0.0020920409640951937,0.0030063668490130707,0.0016271439754938456,0.003162875142854106,0.0021184404833853123
A,0.07701365404812033,0.10011881553219251,0.12978581109229279,0.16113252078351364,0.0257143996431682,0.05535662908512824,0.08608142034969662,0.03811184424698218,0.06610428450913444,0.03148673673466747,0.0037200731634186766,0.002957500357524959,0.003536517814964152,0.002802950509246786,0.0019303504306519392,0.0020811403038314682,0.003057960136873835,0.001631378473841977,0.0031600223486796092,0.0021015545390565323
A,0.07747129717300277,0.10063454741942315,0.13030890382484456,0.1613602967518673,0.02570243622967102,0.055519892457318365,0.08591050946770062,0.03812180325458983,0.06574232311109186,0.031216237401322715,0.003759677254300025,0.003133011367404295,0.0037081220031223807,0.0028637647634826013,0.0019243051455961387,0.0021669328226297667,0.0030249362691035448,0.0016304754089214142,0.003223274788429086,0.002143338993834025
A,0.07743933366869395,0.1006305295016123,0.13039416904053333,0.16145593324465635,0.02573572682725241,0.05565768440909673,0.0860574514925462,0.038167498507266265,0.06579670260631802,0.031238565088840608,0.0037725404965253634,0.0031329437249312335,0.003719104317947447,0.002849541933792956,0.001944279644967363,0.002273740386966056,0.003059257367799564,0.00160900195024104,0.0031940990021337963,0.0021345593860796572
A,0.07756128234516599,0.1006495370089134,0.1306544885619639,0.16185497534949184,0.02566435542340839,0.055788640693850665,0.08633052463531718,0.0383639400562932,0.06613857656384607,0.031382882322855354,0.003752180920006852,0.0031336475959183505,0.003758095705498787,0.0027534397324702644,0.0019155819266084791,0.002313898957365668,0.003022738884903104,0.001625672999967702,0.0030896027243705855,0.0020433185091409452
A,0.07749068374254159,0.10055756958948796,0.13031223486919397,0.16162365606323342,0.02566568348356461,0.055554984106334825,0.0861773361131147,0.03820076171112217,0.06604786693976025,0.03149387761112617,0.003793762634831623,0.0032116867532012076,0.0039939524013812375,0.0029845259286718105,0.0019151289172219352,0.002407253257609209,0.0030866311973289325,0.0016416281122945495,0.0031041506031422653,0.0020331308549720825
A,0.07748105271312339,0.1005566126678493,0.130516665865116,0.16186103957993636,0.025662278474212475,0.05581274540012363,0.08647302924383493,0.03845321379811199,0.06635079164431819,0.031525790762772905,0.0037983974401332595,0.0032122559226485264,0.0040323094378047234,0.003135169468104838,0.0019154097127084416,0.002666313314272825,0.0034271374531591957,0.0020496835009756343,0.003487185427765764,0.002050246354454401
A,0.07672690618708851,0.0999245221722116,0.1299684745615021,0.16154468739711453,0.02573903472170292,0.05602150301010467,0.08688639054118139,0.038521503428201674,0.06665248553303793,0.03176083997172815,0.004304456477392162,0.0037971674908988205,0.004120918658693466,0.0030933508363642664,0.0018788742738497309,0.002869167072885242,0.00380007903704478,0.0021418026626001266,0.0037678643678975923,0.002185843185765535
A,0.07633716125447113,0.09946903421677161,0.12976221956246942,0.16137357895172144,0.025664292252760595,0.05628106354612655,0.08716687282932198,0.03882007008520647,0.06699873341225751,0.03179709956557779,0.004857985012340686,0.004562366222279521,0.004424066157463551,0.0032158982997822325,0.0018916778238497376,0.002919586455122895,0.004120500558238781,0.0023885088032857254,0.0042859160429184594,0.0022488309237527486
A,0.07525899458055255,0.09846625923524115,0.12899487017482056,0.16096125869135766,0.025697414485113063,0.05659331417760029,0.0877970694298149,0.03907190731826152,0.06760564588528362,0.03215030684967468,0.0053239867205267235,0.0052152894286617716,0.004749081496525895,0.0030903098918657525,0.0018797681137294217,0.002990409890863718,0.004635368395659335,0.0025921102927058156,0.004940839006418268,0.002669890248710875
A,0.07506629874602143,0.0981328906114951,0.1287730171228875,0.16068096506733784,0.025503760077965492,0.05658039396595484,0.0876988418449373,0.03916754704535457,0.06763703362498445,0.03210051815470828,0.005358623797012793,0.00530420842596417,0.004854126848827864,0.0031421325151920554,0.0018973096249375564,0.0029985586817698174,0.0046374227069452415,0.002579016712668844,0.004949765232987824,0.00263986535193212
A,0.07453111051678443,0.09731237079722799,0.12806505779824134,0.16024985137536518,0.025189017508996787,0.05635938435098788,0.08775431423327862,0.03920242743076109,0.06797322566022015,0.03237743259188779,0.005956734569903279,0.006036369078288536,0.005454013704870498,0.003699558580383073,0.001617260385825528,0.002902721617843991,0.0046549878340241945,0.002589210519005506,0.005013416042419037,0.0026176741121125813
A,0.07379519427048051,0.0966811289428949,0.1275498624636457,0.1598335542113432,0.025287073770946723,0.05647677014713316,0.08798805732773694,0.039281722932718546,0.06820970603787116,0.03248729184014046,0.006633895803437015,0.006532518044524631,0.006137185619625079,0.004519734716432165,0.0016992632507144723,0.0028043452571501655,0.004525871068737817,0.0025065977260874265,0.0049002181072692295,0.0025969671098887456
A,0.07319868771110744,0.09607593998127764,0.12718786028808457,0.15947234409588304,0.025261048979561097,0.05669417759697182,0.08821005571379129,0.03953245704183259,0.06849994500781612,0.032495053695176655,0.007091554375275524,0.007125525741459465,0.006622332554018437,0.0051435577965297866,0.0017127813472828852,0.002479257038754482,0.004349552846262392,0.002286030036506315,0.004825139472634249,0.002597180110515171
A,0.07294147507634724,0.09571493344777085,0.12676174591540348,0.1586816074976218,0.025122909772887076,0.05642875450222908,0.08758381759950143,0.03926846728463785,0.06789682273271684,0.032131093665920464,0.007254897512903156,0.00735447261998693,0.00690581705494135,0.005819635336894328,0.0016520494148676474,0.002569332436376471,0.0044372824494527735,0.0022555609047253213,0.00471944346687336,0.0026449254639875843
A,0.07163286559582958,0.09453304204100062,0.12555562642051807,0.15762378599773816,0.025306675601960475,0.05641824621837126,0.0877375657808229,0.03926769042435064,0.06809248261277814,0.03225975028811066,0.007582192693329865,0.007762815179131709,0.007385234741719128,0.006507504022081075,0.0015500418756814146,0.0025757440887412934,0.004351605188698639,0.0022559907765717824,0.004642032306274562,0.0025960605050946678
A,0.07083596387782862,0.09371096171203443,0.1246600008405295,0.156764120840939,0.025326602225044025,0.056249643653752825,0.08761718695095501,0.03915087351191761,0.06808917227015901,0.03231366143972364,0.007968823146445373,0.008040126215289111,0.007905953484398313,0.0070301116913491874,0.0015743989214270513,0.002678576364343218,0.004379792260791632,0.002350398138630277,0.0046427727166716,0.0026033761960386624
A,0.06978336012717802,0.09280028335005203,0.1236649739074547,0.15594664382383677,0.025597212405046515,0.05618150000293104,0.08775743911879844,0.039046645379542035,0.06825819436875889,0.03246904147202888,0.00756454385078212,0.007837030090374576,0.007935538604800918,0.007449237197713683,0.0013901223968083953,0.0027721095073561988,0.004146849507230437,0.0024991493210198765,0.004403982488339,0.0024044965288039255
A,0.06922802575900582,0.09219597483441513,0.12310523219080352,0.1552602184706805,0.025568630294814952,0.056123994367079245,0.08758758989310145,0.0390052593563478,0.0681274491509103,0.0323433535909653,0.007648595961242221,0.007893417814793014,0.008018426448337883,0.007685520414431521,0.0013816002694563112,0.0027885483848939948,0.004228389511782253,0.0025209585450214154,0.004479930690858493,0.0024848885785266252
A,0.06818918668707816,0.091377085888803,0.12253607836888789,0.1546344382384545,0.025809657033186977,0.05644423911359131,0.08789281760195233,0.03910013973141964,0.06823922967086675,0.03228531131305182,0.007550440885755414,0.007868913106539078,0.007989324306816306,0.0077242078295239585,0.0012523961922485884,0.0027739062108221076,0.004153276941270081,0.0025182677643060826,0.004448618278042194,0.002507380578323872
A,0.06760584462080463,0.09081451954859893,0.12201722327003409,0.1540601539699842,0.025817589864957392,0.05645700454957549,0.08786420177272587,0.039075092240457375,0.06819620988660682,0.03222758226753473,0.007143989524207478,0.00733086741841231,0.007556189468003362,0.0075033528705176445,0.0012620833129913954,0.00277802163105075,0.004170462407232177,0.002536052167624461,0.004500867799360886,0.002589585590382458
A,0.0667252925111225,0.09004269084033016,0.1212857856208801,0.15325581482898126,0.025936766342478917,0.05651713217312424,0.08785785744518773,0.03902332575745435,0.06810696717791966,0.032154699358601505,0.007007717020008023,0.0070558305995439665,0.007345673813683527,0.007317125935748128,0.0013778968412071835,0.0027960373114282984,0.004169553410125915,0.0025551849165976245,0.004527826794971519,0.0026037545465984586
A,0.06571887226654555,0.08904006423640373,0.12037260343439868,0.15248059272780598,0.02592276138535581,0.05646676213864641,0.08798187821285197,0.03899340120198518,0.06829629135582103,0.03227267692871335,0.006109039570758002,0.005978507853836093,0.006486704552814924,0.00691847927978359,0.0013728780961663005,0.0027744915229284363,0.004115510798848233,0.002569655244902229,0.0043328578092740174,0.0024776711486037954
A,0.06514665894886071,0.08834541881367766,0.11961124025745533,0.15173992386366164,0.025833800810708706,0.05621586699437603,0.0877708802458164,0.03894557081227002,0.06832063348860583,0.0322768432995501,0.0056754126761206485,0.005365435136761276,0.005989094170074043,0.006654060494304936,0.0013437542665636795,0.0027891470442893956,0.0042079071314578146,0.0025994014853132465,0.0043133007657470916,0.0024749396390769157
A,0.06448421171116878,0.08777283485499336,0.11894338539751395,0.1509382156066296,0.02592138663113977,0.0561437217867396,0.08758118984406023,0.03880294175481998,0.0681055878845546,0.03213605835826815,0.004837089799780901,0.004537306491639046,0.00505391150581189,0.005939131521259122,0.001392447695933643,0.0027674670998134782,0.004255195651800061,0.0025957311901223692,0.00440884028340653,0.002596045709242582
A,0.06419898103030605,0.08754036862481637,0.11901799004799314,0.15075211946747996,0.02592799040850784,0.05641655898637947,0.0876320558500753,0.0388807634747894,0.06798132982741438,0.031905002962488015,0.004378792292242496,0.004162663627075894,0.005143969337396515,0.005817120477520987,0.0013884882350264657,0.002650675113955619,0.004211338360143599,0.0025481413127328434,0.004536540363376143,0.0027658150185234463
A,0.06388112646467417,0.08735873686717707,0.11871611004690921,0.1501327348256958,0.02599157256725365,0.05630321219168244,0.0872116418165773,0.03851571026257061,0.06732973394147254,0.03161337833973094,0.003724160653603608,0.0037314279761052785,0.004429706864869051,0.004708247300312741,0.001395250299127092,0.0025047913393650093,0.004068496376705367,0.0023255295035810833,0.004646619155997201,0.0029447043854495857
A,0.06376146397724163,0.08730748102327607,0.11859127211081408,0.14965799590618298,0.0260888648441929,0.056140018760578114,0.08676408618203393,0.038194771171018174,0.06675127340380364,0.03126956559302422,0.0036650209814854365,0.003692337624823553,0.0043097276754554105,0.004251704812477724,0.0014295476270578776,0.002312323448631123,0.0037704479850755443,0.0022650308829822,0.00463810708874366,0.0029051998893538165
A,0.06369374022856224,0.0872383168374238,0.11839758363102917,0.14920626783549834,0.02609992553086001,0.0558577463779091,0.08624184209996752,0.037845635832300314,0.06617120048624106,0.031034504370479506,0.00363303675263993,0.0036894228801195085,0.0042603726590142495,0.003857381254006349,0.0014190444770999801,0.002252025158760328,0.003386590927381318,0.0019293090206127588,0.004100264119035536,0.002696152683677814
A,0.06362712724345615,0.08725526856517463,0.11848136166510828,0.14882697114194116,0.02618133634195512,0.05584995266729396,0.08582055724025495,0.03765972018016238,0.06558454857961876,0.030591270304698086,0.0036606286498068923,0.0036833502623134567,0.0043026516995688865,0.003307336262344687,0.0014194750529066213,0.002237100858429423,0.002339386899948155,0.001511551487290929,0.003010349988819779,0.002106968310800935
A,0.06304994302154301,0.08691731113853349,0.1183160310114018,0.1484789357199227,0.026454808440736333,0.05614699045866084,0.085975081148043,0.0376240815819237,0.06544016085738488,0.03042445116103743,0.0031219196054928892,0.00338728422414178,0.004132526606114118,0.002691324639244269,0.0014019555581624345,0.002433115592949891,0.002487675129204272,0.0014703455250237084,0.002893678284853299,0.0020219211521271432
A,0.06329748503346282,0.08737588288168469,0.11876230606489993,0.14857203472686586,0.026639770603769153,0.05627641087783852,0.08576833049536353,0.03741891059805958,0.06491441392087861,0.03009230476546516,0.003308669367739948,0.0036350247773487957,0.004434227294144949,0.0028308064385466477,0.0012726175085371585,0.0024659676640304425,0.00233210814286733,0.0013668196288359913,0.0025713123277673285,0.0018108872064098295
A,0.0631555563483071,0.08723444900303934,0.11880143126315375,0.14858139121002065,0.02666123512575878,0.05641042513765312,0.08587900850807743,0.03741153283112788,0.06489049028489884,0.03006657208268069,0.0034610660381185617,0.003748979166453242,0.004403944744033264,0.0028284881253652994,0.0012921927285780093,0.002476662875814766,0.0024684132083105477,0.0013674049647611453,0.0025437938207354084,0.001772065109013662
A,0.06309574924399483,0.08736474020196774,0.11901696071947124,0.14875538679641676,0.026885959756579196,0.05660445637395857,0.08604705568747223,0.03732827023105155,0.06478712720959418,0.030034916338872102,0.0034861545537588825,0.0036659858334811423,0.0043271704057182975,0.002875342953239273,0.0012208877489948524,0.002495561616361558,0.0026338757783846024,0.0012659807462665098,0.0023701788850497775,0.0017309890320797454
A,0.0629536382926906,0.08728992679587563,0.11898991146626936,0.1487912538017772,0.02697315101962139,0.05668712272538564,0.08620517266413241,0.037220690090177644,0.06478162810528783,0.030102490887471006,0.003424595416710505,0.0036737657567555153,0.004333793044913085,0.0028511439918109025,0.001108017977155488,0.0024021024293990026,0.002412945150896357,0.0013741760332736058,0.002374434513517247,0.0016889689144576744
A,0.06299960812161584,0.0873127521762044,0.11907891940022124,0.14881164148594178,0.026952057578091836,0.0566949870038818,0.0861541154702827,0.037174134210244326,0.06468107808979047,0.03004080152618474,0.003354460709480105,0.0036339131807829658,0.004189958045131099,0.0028149384364169533,0.0011270780896076226,0.0023959932807546755,0.002411693809586641,0.0013622969187712182,0.002272188280296956,0.0016219621320297773
A,0.06294903117180299,0.0871908238032604,0.11911747567471935,0.1488304942700195,0.026818067410898296,0.05674989908413539,0.0862017775013642,0.03718902764601516,0.0646755992315216,0.03002427896309624,0.003414047240234635,0.003805519588321741,0.004124982325478539,0.0027870047206863652,0.001218423223621455,0.002323205373986671,0.002406748415705125,0.0013529404317511118,0.0022666688112903035,0.001591307396175096
A,0.0628242170216878,0.08716354588606862,0.11923617367744059,0.148960745096824,0.0268365514291323,0.05698000696986778,0.08644381984877478,0.0372785840685521,0.06475082077047793,0.03005618249197045,0.0034637042471035175,0.0038164758031325567,0.004007839467671396,0.0026369496565201,0.001226228743955269,0.002030332539706682,0.0022081346941779842,0.0012322235410908856,0.002250428971435848,0.0016116079986277594
A,0.0626518673128409,0.08710967600861577,0.11923814512658823,0.1490514423110586,0.026982883427749942,0.057115566398389196,0.08667740768237522,0.03723775630849835,0.06483312303904193,0.03016324685605095,0.0035453648547367953,0.0038439600556742634,0.00400655491111042,0.0025684817108569827,0.0012573286986944524,0.0019686851913232333,0.002180341859139775,0.0012446548011172333,0.0022626890208640132,0.0016475191101961405
A,0.06274716411687234,0.08706908076684086,0.11907820452948595,0.1488485945270151,0.02687352396982784,0.056833987628633606,0.08635402267068727,0.037051826582856606,0.06463213129399639,0.030130150680808765,0.0034718049169902175,0.003882439488723868,0.004133067396538358,0.0027783035355936135,0.0013108442328842718,0.002029417217102724,0.002178619798301247,0.0010976515572472644,0.0021433495697431664,0.0016417038661801667
A,0.062239726480107546,0.08655087454805976,0.11862990392902702,0.1484844416508853,0.02690242364419441,0.05684502936440396,0.08646074354912166,0.037087068337695706,0.06477124116134535,0.03024453192780226,0.0035275494055452736,0.003781456559118855,0.004106990392044171,0.002878157919890289,0.001329000514572563,0.002033461834953365,0.002166473421386703,0.0011080611642348486,0.0020802536039499987,0.0015709703003521814
A,0.062409265589047504,0.0865857125285722,0.1185439454999762,0.1482235794313123,0.026789434103262223,0.05655220115142532,0.08600608728905476,0.03682655309521291,0.06439083383584358,0.030079611032757275,0.003470666041762568,0.0037727284968196006,0.004168583720449391,0.0031904365571793656,0.0012966517146761156,0.0022655303927948053,0.002619589497809343,0.0015016299925485563,0.002494320281572562,0.0016581797123352638
A,0.062737753135257,0.08678850513979616,0.11880265121664275,0.14845431216665816,0.02663350287806473,0.05644676299410493,0.08588039034553491,0.03673531479984639,0.06430237575392331,0.03007510312164844,0.0037196932154277785,0.003871345142613178,0.004297942410452445,0.003383107914235936,0.0015170192326367643,0.0022828802023123597,0.002612153980080819,0.0015151358633901208,0.002483613834676099,0.0016566681634136101
A,0.06258801069528194,0.08670307436009068,0.11891775414868497,0.14855091680181462,0.02668118647851066,0.0566425525961877,0.08608122651254699,0.03677691538280494,0.06436959727537032,0.030081806356227377,0.0037190694835500335,0.0038900112003820236,0.004264228809824382,0.0033713714379495943,0.0014933498716984467,0.002202840401789101,0.00260996445219092,0.0015299919488430418,0.0025216173839427893,0.0016594234229290392
A,0.06226266217449679,0.08632770737012849,0.11860456245258474,0.14839481773765148,0.026668913228855156,0.05661768375975956,0.08623346020089714,0.03668970868438036,0.06448404581642893,0.030287600474403552,0.00379150749317479,0.003964051852921026,0.004377496791999466,0.0034217796292761956,0.0014874515110621337,0.002209441281438894,0.002615163737109176,0.0015351455759962296,0.002559583749935004,0.0017192079067435305
A,0.06176544825100512,0.08584930944211805,0.11822839917084675,0.14816431236325472,0.026731516174851328,0.05670019656609869,0.08647456554578838,0.036753640218352854,0.06475293977847621,0.03041201943845543,0.003532591154399804,0.00378250175165413,0.004046735276950691,0.0032664496023079273,0.0014483368178853143,0.0022834544864878937,0.0026628863338402204,0.001614902856867917,0.002588285158368392,0.0016173726743749857
A,0.061213832653577396,0.08514789827549446,0.11766426109752223,0.147834298177938,0.026640654337374392,0.05666223133051394,0.08668968097077515,0.036861775428561575,0.06514579455589756,0.030651693630265837,0.0031705282569283186,0.0032881430390069486,0.003511351187474949,0.003017429918889268,0.0015007796833380362,0.002258659165964025,0.0026784592324743087,0.0016680876820593508,0.002486575941473271,0.0014545173925676472
A,0.061138422781981214,0.08486034694605601,0.11749931842792465,0.14794296894995324,0.026418708683576875,0.05656931254943991,0.0868690378611636,0.037006156290549895,0.06557111210398672,0.03094333307471393,0.003110004069227162,0.003129364900858727,0.0033980177646778333,0.00311155516557234,0.0016738940822770907,0.0022633713219587888,0.0026875960051207827,0.0016757185779443019,0.002523745627607442,0.001543677788203352
A,0.06091758889068616,0.08451529782476416,0.11735386191921911,0.14805209139149378,0.02626060555969586,0.05663496414034001,0.08719440374064512,0.03718907678298911,0.06600932597255678,0.031199504414448444,0.0029988532541003377,0.00328026020561368,0.0034503399009419224,0.003165372839867739,0.001942189883628061,0.0021961835621769035,0.00270361628929688,0.0018097583343323848,0.00304378031783222,0.0019515395494536724
A,0.06109305365489766,0.08454444552925258,0.11739788940826434,0.14836385797432391,0.026094429459759715,0.056547014260180016,0.08735113124695033,0.037249875226257306,0.06631466335540721,0.031453864388876616,0.0031267827695050793,0.003296722837905656,0.0035073207633433056,0.0036526708360242327,0.0020158336797797363,0.002089319083398524,0.0028847606833224617,0.0019125893618281646,0.0033774003431201152,0.0020519025144814496
A,0.061689666257111066,0.08486141592503024,0.11766086683326915,0.14875292693028466,0.025732218984307376,0.05625243001803677,0.08714951738847841,0.037212203057419076,0.06634327672600004,0.03163947301358199,0.004013579856457497,0.00376956517853446,0.003943943210817805,0.004226795367899603,0.0021162906816655632,0.001918158795301361,0.0028501160737637314,0.0018847796565831872,0.0033808805457152128,0.0020700560411669277
A,0.06160377499781855,0.08452649260982803,0.11754312044493294,0.14885047484116215,0.025464013123517253,0.05626992949592145,0.08735122865210872,0.03749904575097933,0.06680014063282194,0.031869582054766664,0.0038925745828822097,0.0032354063052998368,0.003725372779026938,0.0043578548236049034,0.0022175836799031732,0.0019366940724627449,0.0028771808380956545,0.0021276116619334926,0.0033253172679369013,0.0019202476080312
A,0.06160854103650182,0.08453471530004375,0.11765432537355022,0.14908095729441656,0.02539621071631386,0.056391150488792584,0.08757667212841193,0.037637285851815236,0.06701635546291937,0.032020699890242976,0.0038884268458390004,0.003231509854279169,0.003703400996486094,0.004426506967958302,0.0021578760963754475,0.002102503184318835,0.003222879501848142,0.002194599222979555,0.003506286060257639,0.002078290983216916
A,0.062347776614451164,0.08492374662822591,0.11808784627761919,0.14965012163988134,0.024947859592069067,0.0561603986197835,0.0874373263302196,0.03777104907408552,0.06719747670418141,0.032165509766698866,0.004970634232780337,0.0038269750445335832,0.004346779674103144,0.005304168145883645,0.002362854881086679,0.0020907700579347933,0.003168155169084988,0.002300223437612778,0.003639924491073301,0.0021711144389489896
A,0.06228264319683443,0.08478155726520004,0.11833656486187041,0.15031155043150893,0.024807690081169665,0.05652186740402345,0.08817803391760398,0.038282814757713945,0.06804391359244007,0.03259965769184358,0.0049688802926226,0.0038298341417846026,0.004456830078016748,0.005762427942564402,0.0023619883386157008,0.0024085054938313686,0.0039545123227862754,0.002701660266899488,0.004424436362942946,0.0024774508211113334
A,0.06236956356971527,0.08497619489556546,0.11868662747380727,0.1509451778705248,0.024854466257505033,0.05682166039068028,0.08873590584876953,0.03844954676908592,0.0684617206712522,0.03290662234921062,0.0049127277257450235,0.0037381514095848026,0.004299021045188532,0.005727372844542979,0.0023891324593510294,0.0025572888120404,0.004337969044794771,0.0027251399880367983,0.004610665772186832,0.0026648218986078825
A,0.06316532824248072,0.08577218512691548,0.1196240918524556,0.15176344229300953,0.02473859311137938,0.057110252734173174,0.08880818219849491,0.0386764742164926,0.06843609242475725,0.032850636405861014,0.005475254805773488,0.004399928530468403,0.0048515866471123825,0.005963633914668571,0.0024470950476928916,0.0025644783965584964,0.004310479153988584,0.0027404095658452613,0.004620634609623737,0.0026771958500705637
A,0.06350914583949789,0.08598653511361973,0.12009790158419276,0.15254003643236674,0.02454406705534114,0.057343230683213245,0.08928963775493878,0.03900834088816257,0.06898617343236987,0.0331547241963386,0.005498519407423456,0.004479008649224603,0.00497004556853968,0.006303959655682639,0.0023710530667061702,0.0026971858599529257,0.004593328568005743,0.0028430349588165022,0.004826468353753598,0.0028335230017335123
A,0.06403582683056067,0.08636641310834019,0.12054013739132421,0.15318278758123385,0.02432609973692406,0.05734374084278465,0.08944704790570307,0.03914018815389343,0.06924567714648416,0.03335634350594634,0.005579191792935093,0.0046672438496230696,0.00503626867572961,0.006456517435397089,0.0021772338601436106,0.0026972153087614055,0.004622065158777518,0.002782900102373788,0.004795736983760579,0.0028680082837503475
A,0.06428602475390335,0.08677403037640521,0.12103216238480193,0.15401968728161827,0.024439099306740396,0.0576712700908565,0.09009432081190093,0.03937896643415825,0.06977837738973938,0.03369418968193607,0.005547046261753801,0.004713090523643076,0.004884875533526068,0.006315504736305417,0.0022763713255833646,0.0026352547233711057,0.004621437141199604,0.0027256527096577166,0.004778570743369257,0.0028630449971102853
A,0.06491682471750261,0.0873277212785936,0.12158967131984492,0.1548717631226372,0.02432947413303841,0.05771062980128594,0.0903752206126445,0.03953476395243861,0.07014596194240896,0.033973727122890714,0.0054020000203343285,0.004813140841178276,0.004754732024524817,0.00608525121449713,0.0021513044983157014,0.0026411730433443456,0.004609359310311742,0.0027169926027229836,0.004689165570365024,0.002793784439969458
A,0.06549701372641525,0.087740618384976,0.12217717029783212,0.15581960012452284,0.024131350956797464,0.057832913669615384,0.09080899781056657,0.039910491005057544,0.07076871125196674,0.03432997108851107,0.005759712301577997,0.005028383686928736,0.004598196800824854,0.00546931256840403,0.002162304679502961,0.002424792777419708,0.0039005897000716984,0.002165203794649019,0.0038192715129906937,0.002391110419781349
A,0.06513699745551346,0.08752491866967407,0.12222863685099845,0.15619619369037988,0.024280178583139606,0.058340888611280284,0.09159457768079624,0.040448908110133464,0.07153229430296382,0.034666280765598335,0.005780506087725896,0.004994644007617853,0.004617060950803241,0.005547857104838715,0.0021928196656004024,0.002824228282825015,0.004190884867337403,0.0023670942647238073,0.003868654925216722,0.0023128956554326428
A,0.06580603207237551,0.08820121199322559,0.12311236259022636,0.1570746906538955,0.024174128959065937,0.058671337481184783,0.09183056369844536,0.04069197664116379,0.07167027404340724,0.034735509068877145,0.0060518860219893845,0.005502755958613843,0.005479077621807635,0.005735936771870101,0.0021389904322263306,0.003090609938162127,0.0041117548451983415,0.002323156703807471,0.0037307206251245314,0.002215619832418137
A,0.06643887414008685,0.08876342864097454,0.1240076430368477,0.15819192487040734,0.02396899991832126,0.059055231358145235,0.0923437062235455,0.041269804395112034,0.07228223069251447,0.03498314196586636,0.005897422685235799,0.005412823088963921,0.0053900153237827425,0.005608713708294468,0.0020261380447463614,0.003185000490599843,0.004212018650868286,0.0024603945683423973,0.003821061757928732,0.0022544433421519735
A,0.06674552688349784,0.08929082264668663,0.1247500538938285,0.15938991472339287,0.02412842098836766,0.05956016810216369,0.09327135701660183,0.04169651092456726,0.0730785515717143,0.03545047538021255,0.0056544333291316745,0.005316602852801218,0.005580027701759919,0.005903619516589342,0.002316490241074628,0.003928963130316201,0.005331129671857672,0.002802512768659003,0.004377603628042026,0.0021881826815733996
A,0.06735323270651117,0.09005462042963099,0.12564593360019888,0.16049437918798315,0.024262307375708857,0.05991871927108498,0.09379853027766658,0.04198744437155919,0.07348006743910288,0.03564838769946836,0.005345156989787736,0.005162291326272095,0.005523902390851831,0.00555120420758254,0.002433184779756391,0.004075076952404932,0.005396332311417482,0.0027778804458611296,0.004280854371717497,0.002030033292951422
A,0.06742622890676345,0.09035506745860634,0.12636049162944735,0.16171371312456326,0.024466193386903153,0.06063760706639375,0.09498231503167705,0.04257327051508481,0.0744924419791126,0.03614113030399296,0.005294147521907555,0.004966519458904803,0.00545209134862814,0.006119352516371797,0.002494972098561921,0.004491739849132829,0.006610416228279771,0.0031798627642190113,0.00551448301589845,0.0026980359387685005
A,0.06788633459136796,0.09134076403198839,0.12780581572230892,0.16317127647838212,0.024943805035015882,0.06170673563824859,0.09604698085598236,0.043080970773508795,0.0749955538024803,0.036143321735048896,0.005054215060555997,0.004731711594641825,0.005985459754991631,0.0067468969855197765,0.0028120392071148644,0.005457924494662742,0.007450881776995263,0.0035500783762408396,0.0058477305113974806,0.0026982757524095444
A,0.06834303848326738,0.0919891155507797,0.1289137650293804,0.16455400679006543,0.025088626439374255,0.06248165779511187,0.09703953941485657,0.043725557442468976,0.07582299539120557,0.036442583916646884,0.005183176641534363,0.004932606090814696,0.006854914682061917,0.007989011935711537,0.0028156790546419474,0.005995161359115487,0.00814482885108604,0.004216975937954298,0.006591225132830931,0.002845092183825684
A,0.06902684448498206,0.09293465431042776,0.13016762339780885,0.16598848071690228,0.025321628835732267,0.06313641048736868,0.09783100565823502,0.04410039584912667,0.07632829793490332,0.0365980878269719,0.006454390366237669,0.006595448020913063,0.008391588565023884,0.00921257118061825,0.0027182586433592447,0.005812908675814055,0.007767436876503665,0.004043761542808499,0.006277367902672131,0.002769707237698354
A,0.0694287760347485,0.09377509235564624,0.13145671867421188,0.16764118455273996,0.02571553957112289,0.06405523605343329,0.09909841335631622,0.04463108939828884,0.07719981357664368,0.03697630670692144,0.0065255175944647645,0.006843132610453066,0.009214776050517832,0.010111659611017709,0.002792342373640172,0.006424123658323465,0.008373781360396054,0.004403569404711218,0.006639505303075433,0.0027355905204202923
A,0.07100457760736081,0.09537710217291716,0.13337562808224368,0.16947007835660466,0.02565840474202265,0.06451770911810892,0.09939720968162372,0.04500786700210942,0.0774043945904786,0.03692352922591208,0.007388370263475665,0.007831053123736938,0.010155835627877438,0.010521543778414846,0.002783729067743744,0.006470280966927465,0.00830698526443617,0.004312451361361134,0.006536190145191589,0.0027725849411454812
A,0.07170009984775605,0.09643976899885105,0.1349120371309989,0.17129945570652808,0.025987389271699995,0.06541096514445507,0.10054441456861349,0.04543572803035051,0.07811188743691452,0.03725884025666132,0.008398014343135897,0.008938696834934886,0.011490247713321524,0.012206760758443305,0.0024198261771133734,0.006194230214800094,0.008149399119462,0.004299857302445731,0.006629830395304746,0.0029100769412876105
A,0.07360503760981739,0.09841355977449404,0.1369964264366911,0.1732099834418967,0.025981705122478133,0.0657073727123766,0.1006087236053758,0.04556649027793755,0.07802574228869089,0.03710582244006612,0.01008695776299179,0.010112538503496497,0.012784549218189063,0.013297358666373426,0.002425810358277378,0.0061624796028737746,0.008141994501090743,0.0043275296729784075,0.006618230176336836,0.0029283404852596963
A,0.07486542754903674,0.0999775131913331,0.13886629383499463,0.1752743373201564,0.026297078547586877,0.06638937578287755,0.10144923146661307,0.046045420474575834,0.07860010963888699,0.037300854157242734,0.009881454378257768,0.01033992689553519,0.012901889973024057,0.01376244186169903,0.0028658495534495793,0.006344992315757577,0.008570654412986083,0.004260492660898912,0.00677902140219182,0.0030675065080792993
A,0.07590118223423656,0.10115906444335401,0.140589661176382,0.17760518005516784,0.026516895355602206,0.06711809866840532,0.10278270949441401,0.046642181253516754,0.07979582920433452,0.03787698314248479,0.010819205173485506,0.011213138380113159,0.014019892264784313,0.015070958428443519,0.0027258527226106427,0.006396371489996598,0.008424546135852286,0.004349209432380825,0.006628563966675134,0.0030488177296120644
A,0.07689154994623205,0.10250132596266344,0.14227214077029046,0.17960218025112681,0.026929308925977863,0.0678002309389177,0.10378611043405525,0.04703709143190443,0.08048450739857393,0.03818774011768455,0.010878906010826223,0.0113621536629215,0.014165634035641866,0.015588392724968675,0.0028787375168169787,0.006440713511769628,0.008800678871585997,0.0043613455061673285,0.0069059834241314835,0.0032971179967889765
A,0.07773301678982739,0.1037803771347466,0.1442210834337333,0.18192222513144102,0.027404129676643768,0.06894049759067111,0.10529865359228703,0.04774216915511937,0.08155527359651976,0.038555061162921574,0.01095521912773922,0.011573064473951053,0.01440214445271921,0.01606359127074707,0.0031705840295450077,0.006535020262873399,0.009198441532508261,0.004157898319887489,0.0070333425051972475,0.0034132890854929225
A,0.07866665763466806,0.10508876607705453,0.14602320587666123,0.183772372219009,0.02773522621802373,0.06979417813004893,0.10619504772363597,0.048128430331661004,0.08198865044415804,0.03861627356980132,0.010703886467225983,0.011553063409768794,0.014031902036095075,0.015661003589608216,0.003489498110784533,0.006462493257929156,0.00914527666808662,0.003860617836117521,0.006861585929619627,0.0033932899559529035
A,0.08002786102911144,0.10672752545951514,0.14795980220596489,0.18592290039679843,0.027998492146842403,0.07038300199374152,0.10701140665139164,0.04838525583431158,0.0824778920367373,0.03881548916275813,0.011190730972787586,0.012097399954779056,0.01377214930503857,0.015376733797045038,0.0035329489353948585,0.005918506801495191,0.008631462436664645,0.003525052721947541,0.006506272454464464,0.0033462800846643975
A,0.08074562512456067,0.10789024640368557,0.1496872306185349,0.18778647587485542,0.02839653577587902,0.07134176226407733,0.10811751257210322,0.04887531960280224,0.08312915988553601,0.03896966602766368,0.01127001810918931,0.01195689806144498,0.013125187751745112,0.01448440247264252,0.0032893432671823692,0.004697014890643051,0.007459288424186058,0.002944058228396031,0.005924894308120688,0.0032258477293829486
A,0.08232579592072053,0.10953508202362099,0.15181702639876052,0.19001818147560745,0.028559590349300133,0.07193326789311036,0.10881812066382832,0.049285608645813564,0.08366103988162196,0.03905778279953078,0.010642577983276919,0.011100185976173365,0.012278809784301244,0.013583949376870791,0.003254108258651919,0.0046346320004359435,0.007373404764590307,0.003137811063756089,0.0060103352782879755,0.0032034162527922764
A,0.08293965266287606,0.11031926017032287,0.15300934534499483,0.19170526741138766,0.028826906941052954,0.07249356607735298,0.10990827040973665,0.04982540223429134,0.084687637604979,0.039476603185282066,0.010530521928967388,0.010848957388975242,0.011878210519663986,0.012636499539537717,0.0031066783968538773,0.004332745163753376,0.006462367216532963,0.0028530213889465038,0.00514016641981567,0.002803570206906913
A,0.0839368090976792,0.11163571918701679,0.15459545712459427,0.1933299761254065,0.029225187768972028,0.07305816417492719,0.1105671304856185,0.04993474280906008,0.08494218427960382,0.03945878980692395,0.010293580718056028,0.010278000815190758,0.011052445612104866,0.011546675325138797,0.0028558915640466407,0.003826770497068651,0.00586174942395031,0.0027965299603840863,0.004957854970818285,0.0028159947065446085
A,0.08522365939187122,0.11283359379598565,0.15601030010929953,0.19479924179000566,0.02925496361057025,0.07323559412679834,0.11079576024714406,0.05011488787586662,0.08518261257172098,0.03949154126078999,0.009428396941828633,0.009435365100367781,0.009983345124115287,0.010593150985537461,0.0028627145938014023,0.003743579901094601,0.005840073360866899,0.0027730260926873114,0.004998928033931071,0.0028209628779386204
A,0.08650126625772267,0.11417348311280714,0.15765129387965598,0.19671525979198423,0.029405109855774575,0.07367677552119897,0.11151405681582442,0.05048781345857556,0.085837185672635,0.03974767684305376,0.009046822485682754,0.00887143264351533,0.008829894733960819,0.009149477852016722,0.0028509179904751235,0.0032259588198635045,0.005257291461554176,0.002481016670801719,0.004630090375304105,0.002708392602781333
A,0.08762053080376626,0.11543756539136633,0.1589168935359627,0.19794592905487524,0.029633374568946075,0.07385732237848572,0.11166510660748792,0.05050530025096631,0.08581972126096679,0.03969010904958599,0.0074952129447607395,0.006907875303858266,0.006706967076139534,0.007844887892319899,0.002843963713406315,0.003111322067049642,0.005323140145726095,0.0024800365802926994,0.004614694301876484,0.0026278598662841457
A,0.08851332565395935,0.11616618993727175,0.15967790833498435,0.19888887245451764,0.029541644110029047,0.0737104380715637,0.11169029959983542,0.05059905578954386,0.08605011277902552,0.0398805819046043,0.0062508050267909955,0.005886698188442252,0.005722376616363291,0.0066477005283321925,0.0028200641226251437,0.0030586361508623213,0.005324491871651952,0.002507976746386343,0.004610055069380444,0.00252274519307169
A,0.08882824457621055,0.1167202371350502,0.1603600648776454,0.1995983402390022,0.029845416251567874,0.07404879619985483,0.11208229380321218,0.05067711059826667,0.08617409609363683,0.03989403607540613,0.0056476444920080734,0.004709498187173663,0.004566055258871455,0.005750394186391216,0.0028070370538737324,0.0034059127973842087,0.005608064358449487,0.002629805214840432,0.004726905771649708,0.0025275009746221298
A,0.08866621615452674,0.11674210987331826,0.16081275936718537,0.20023625264515132,0.03009971982087916,0.07465775722590824,0.11291326256767956,0.051124704865495106,0.08683289342371955,0.04005353951158319,0.005762025895730644,0.004688745695074887,0.0040804595214803925,0.004966332260873241,0.0027101237637088284,0.0033060185755035484,0.00520350039646344,0.0025127816330851728,0.004321607201179877,0.002420190812218519
A,0.0893273649411237,0.11752847073133396,0.16150254712924256,0.200956045372383,0.030307826904703482,0.0747492956533693,0.11303845389410135,0.05111442363619788,0.0868324462384886,0.04004523879936626,0.004757750776445692,0.003644685982125977,0.0031371574844064496,0.0042135926840766265,0.0028488756819572826,0.003389849928875416,0.005281728092351702,0.0025073998378020005,0.004321470018129538,0.0024195435583038625
A,0.08934217086092344,0.11767704008734106,0.16197759846888315,0.2019119346485406,0.03054334272126099,0.07525374946982648,0.1140611191149341,0.05157748480798452,0.08778369668080625,0.04046067810593466,0.00475960936603672,0.0036038463642892905,0.0030395610661342397,0.0035436364025735727,0.0026310198136759327,0.0033294418892158327,0.004675374671559195,0.002654169276527021,0.003911390808771648,0.0021258057759154063
A,0.08954596356289508,0.11809801773681428,0.16230796941318987,0.20242644724573905,0.03085522651513025,0.07540981518794085,0.11443446986949428,0.051657296285790855,0.08802975196356813,0.040585387208926085,0.004859584260862191,0.0037858164055306217,0.0030470458202189682,0.0038395417923981034,0.0024663540390590924,0.003242472335175539,0.004659240610543798,0.002610337242670691,0.003927599442302284,0.002258549993360041
A,0.08956172596043722,0.11829859066288248,0.1624551514895231,0.20297729990171468,0.031160290119206586,0.0755251056046123,0.11498614721852526,0.05166826236425718,0.0884331294009925,0.04095944702444259,0.004893523989593172,0.004122477208053116,0.0032082262442512605,0.004041674085884066,0.001813407271075504,0.0030042735995975903,0.003446109098434511,0.0025941910666270798,0.003241325325586246,0.0019514687037215268
A,0.09038081912429022,0.1190079021456657,0.1632140796207125,0.20378940390280897,0.031079471815264936,0.07548036609955991,0.11501053264591528,0.05164533974144318,0.08848790618933255,0.04099501489415708,0.005437556133826636,0.004873393851238598,0.0036902328092550786,0.004546901791286197,0.0017656817457394692,0.0030251709732167526,0.00343860937810035,0.002610853868465714,0.003207674349552224,0.0019636656398577717
A,0.09057732150412438,0.11976116076849493,0.16380076323689918,0.204311702467621,0.031622273318011034,0.07580251755254311,0.11530815223750299,0.05145966072754408,0.08825426173641317,0.0409139049365244,0.0056709765697343425,0.006045620455909446,0.004802875124377755,0.0054854676588812394,0.002023980078524274,0.0032381323135045694,0.003635220413766778,0.002643218671129242,0.0032363830572058184,0.0019013189379795165
A,0.09109250088931432,0.12046335413332798,0.16445493224345262,0.20489242389803866,0.03178029951759848,0.07593050903579023,0.11538192616322987,0.0513595845255147,0.08810436170168623,0.040828405568307205,0.00578528149476325,0.0064301148564329304,0.005053786716294551,0.005869134749861492,0.0021573924355531176,0.003242521762221467,0.003674372729229221,0.002698961354271031,0.0032329217144848868,0.00181155470158051
A,0.09157850743148735,0.1210681329965853,0.16484202715026502,0.20537768047366972,0.03184245871915827,0.07583466846866922,0.11537689575308636,0.051226659747756566,0.08802105828708956,0.04092502520178181,0.005805541188221651,0.00671574995502833,0.0053290706885297055,0.006415943890001083,0.0022306075415633544,0.003138324100253145,0.003665319300419131,0.0026697982100349006,0.003137175405445255,0.001974632622765296
A,0.09233658341695705,0.12182817557464883,0.16556327095121892,0.20655013171518175,0.03188834038349643,0.0758673415431538,0.11584503897690208,0.05131584029319858,0.08850266614657878,0.041366006804579435,0.0058373392379402,0.007100171126656982,0.0056230826517043,0.007052763036220034,0.0022850996164001207,0.003157295427962417,0.004057780654186538,0.002613514584800627,0.003122791290451402,0.002256098920011357
A,0.09224321939088656,0.12185714401061302,0.16583044944048536,0.20709380106337774,0.03203240486801852,0.07625050644229167,0.11648829947100625,0.051610141063957525,0.08903178424000557,0.04165018645021897,0.005778646858161594,0.007119201816525181,0.0056923942786907995,0.007274093545224595,0.002320092958759046,0.0029084678251442876,0.003967759908124886,0.002312410436059685,0.0029115442958060136,0.002408001677598678
A,0.09230817873188643,0.1221079775508479,0.16617532137307764,0.2079689567771766,0.032285946060635264,0.07659020370055987,0.11734495617213461,0.05181939031478848,0.08975318046243129,0.042165639476958776,0.005746845828180022,0.007048686115753503,0.005601198699639937,0.0072211386786773845,0.002370528525004636,0.002985051947668759,0.004329042738612378,0.0023190905965114793,0.0032817456216561944,0.002635720323045337
A,0.09207294231415944,0.12210027848796193,0.16610927671318917,0.20817580250954143,0.03246202942378222,0.07675667538732683,0.11778075001520598,0.05188227710973563,0.0900701024265909,0.04242243470901485,0.005810186079300329,0.007051989167335322,0.005598844882917296,0.007208321063524885,0.002278758474486092,0.0030973631081075517,0.004463837262513226,0.0024094579200590843,0.003553461510518304,0.002571659188179494
A,0.09229510297207902,0.12238899636703204,0.16635647013136598,0.20883849328561702,0.0325751930582482,0.07681338218397363,0.1182553429554217,0.0518969767003654,0.09052057651154596,0.04281911783744781,0.005689495845813527,0.0068398142845750125,0.005442907528719779,0.007068116646282365,0.0021888579054418133,0.0030823625071473458,0.004590816289797475,0.002419384554547837,0.004020250018931065,0.0028544394923194654
A,0.09212478971001245,0.1224153512952723,0.1665635636083352,0.20952629365964648,0.03273252897532679,0.07720827178251652,0.1191167626452222,0.05222942646098992,0.0912965859172086,0.04328658692289131,0.005777934906618633,0.006829873633520826,0.00541641214133332,0.006905639404946958,0.002192529208416459,0.0032934113888823478,0.004799441831314388,0.0025236765695238997,0.004133633803659741,0.002677249320264297
A,0.09211162631889376,0.12246167649434099,0.16662929074692337,0.2098070845383281,0.03279067068527966,0.07721218828611062,0.11936763615764176,0.052245817926266515,0.09156258014834309,0.04349451598866911,0.005781193912633219,0.006797950935672635,0.005362318009946175,0.00668726552126972,0.002139184846639316,0.0032886218535891376,0.0045680274770441695,0.0025197064064158402,0.0041044135915926615,0.0025919309377687755
A,0.09170793203945178,0.12216204374085529,0.1661968065407851,0.20943806911230606,0.03287661194118247,0.07711342165072747,0.11934840912101441,0.05210543552831611,0.09150470493126642,0.043553273862302254,0.005785879399200721,0.006896768862404444,0.005684069755060742,0.00700175158907284,0.00208353475790147,0.0034173754746536196,0.004592016156779808,0.0026076407384644836,0.004143283412630814,0.002546870909425098
A,0.09182738887399161,0.12231658335296988,0.16624854804427913,0.20956149812526056,0.03290189963082573,0.07699336547388419,0.11932133306257249,0.05207178698187914,0.0915479955723735,0.04361868749748982,0.005707188624644047,0.006772339194673073,0.005612654899308899,0.006865826434738284,0.0020723235904997945,0.003578461134784039,0.004616710431886024,0.0026319504884999997,0.004129000089403832,0.002545428754229837
A,0.09205233056082068,0.12253111525786411,0.16608696084454933,0.20927211957435898,0.032938253356439504,0.07654442765374218,0.1187703466324563,0.05167941055601709,0.09104692952709932,0.04348191960094036,0.0056167906444557075,0.006574430517969022,0.005863743739229626,0.007419408828903566,0.0020163351160735516,0.004454408407279229,0.0059087076454991064,0.003118637044230626,0.005022769273519664,0.002784045272941118
A,0.09254290402100676,0.12287075365186825,0.16587530518287258,0.2088575165190607,0.03286629143779411,0.07577491731509675,0.11782381129590327,0.050987549027361315,0.09019489197106946,0.043278179957733025,0.0049712459164405485,0.006115257760291732,0.006213445275743203,0.008200465193763906,0.0020521103971446503,0.00498805283177714,0.007075370175865415,0.003692346457642951,0.006149827045511557,0.003096093236163299
A,0.09279544997119092,0.12316238907454582,0.16569729887152793,0.20851905927464323,0.032968457793828634,0.07524193628568779,0.1171715141857457,0.050395807361283206,0.0895099758105043,0.04309485155173763,0.004599501469565211,0.005740941251951591,0.006413361094450676,0.008695742714870594,0.0020305199989162064,0.0050881161874532675,0.007595145765802293,0.003985897335691021,0.006824836106879272,0.0033854632414460355
A,0.09278027373785888,0.12305515813255101,0.16529577746900206,0.20770162867336156,0.03294793126363131,0.07472184423159,0.11628721688344856,0.04983574336198489,0.08863501787934024,0.04268448603207809,0.004617025057512449,0.0058283325824259455,0.006801744925984083,0.009866320414451955,0.0020206440587898903,0.005238984722391855,0.008482711398902776,0.0044361959657178655,0.007968491288522861,0.004132036578912379
A,0.092322013246307,0.12262962315382216,0.16411140433333452,0.20617778647981652,0.033055140942838096,0.0738521002050989,0.11510730219872414,0.0489090220309792,0.08741379510732737,0.04236074254867985,0.005270830982477941,0.006452427034833529,0.008461000138253573,0.011820247303839907,0.0019292728095778382,0.005766975968487545,0.009364868439385431,0.0048061946531950984,0.008727811046835739,0.0043577550088583356
A,0.091767822481665,0.12199614531444161,0.16303016394907358,0.204562001845088,0.033055581928142445,0.07319066028604554,0.1139619708327108,0.04820140825252887,0.08624928909417554,0.04186539993242343,0.005650926414612357,0.006921658494041034,0.009527059098703846,0.013371199204487814,0.0019291405822780055,0.006322257459999106,0.010320043819283009,0.005449453503061105,0.009719056928302102,0.00468245463822064
A,0.09085369092411444,0.12119319139315499,0.16182553898699706,0.20288126816704294,0.033215411447698406,0.072762755901105,0.11311052528572718,0.04761897255895929,0.08530708506466791,0.04144653857663085,0.005689676701678123,0.007237323233917036,0.010397158054621589,0.014674359157293307,0.0017502652547154041,0.006785082947924787,0.011170699409134104,0.006036999242821834,0.010558529604758308,0.004948588279326203
A,0.08983820131708421,0.11996825075931665,0.1602212928359947,0.20109752281809135,0.03309466887643849,0.07205331935067019,0.11227069706845878,0.04707396440500983,0.08466526911633729,0.04127918401052955,0.005491272774177545,0.007620201742608712,0.011062681987069525,0.015345888742291565,0.001945875821247671,0.007371916232152532,0.011678322443773658,0.006324529404177641,0.010821319074264675,0.004983373905538223
A,0.08874420277706982,0.11828942354648186,0.15826727145774144,0.1990102937004609,0.032644902576669896,0.071093701162266,0.11122388859700112,0.04666051338081742,0.08422027974009881,0.04114252044006589,0.005723311366311378,0.007730412924446277,0.011299772719096166,0.015700672465974078,0.0018721043564594035,0.007402641445780261,0.011833555721041162,0.006438810592287175,0.010954308542455292,0.005009322879609796
A,0.0878969211978751,0.11711399504560487,0.15668138638569076,0.19711987452171031,0.03239696097121762,0.07028833715326434,0.11013422519995272,0.04611687393860074,0.08343498233471336,0.040856808618612205,0.005654165853173672,0.007562266779175263,0.011407792406307996,0.016035338684108093,0.0018659695133126947,0.007562699346529369,0.012156348774842536,0.006679503979275106,0.011301902544140704,0.005116073717743936
A,0.08716666342854287,0.11596943797271324,0.15509996340717408,0.1951607187396262,0.0320876670068955,0.06933681621992792,0.10884262999877373,0.04546085759470061,0.08250159098253729,0.0404993442016688,0.005443224743671827,0.007264190945392988,0.011337370707107408,0.015890829070623665,0.001917963240180746,0.007679435594765586,0.012206236933815047,0.006853646012977273,0.01141789800305315,0.005060898274160446
A,0.08613727427054454,0.11452500374412115,0.15335021907379048,0.19300784186731296,0.03175195170088168,0.06847350822021803,0.10762416625105994,0.04494695579186901,0.08168251469839036,0.04012521291930453,0.0048773665544875906,0.006673255778937046,0.010876602814070315,0.015094135665058787,0.0019648551134856997,0.007626728341111607,0.011891567491415178,0.006842169474620316,0.011222419188847943,0.004845483103940889
A,0.08538838736002291,0.11342050258225485,0.15175592716366298,0.1909422075914923,0.031502374194509894,0.0675044196436885,0.10622509087696394,0.04421439887057759,0.08058309751546998,0.03968464219788602,0.0045998982954944135,0.0063709265321502595,0.010678321573930567,0.014741940261681189,0.0019854036177878597,0.007596022640401652,0.011758781299034722,0.006844326194735229,0.011150985798960298,0.0047271265314649275
A,0.08489604876215236,0.11248982499321358,0.15021185268449705,0.18880525916292087,0.03106019390597905,0.06634228156309765,0.10450637855166589,0.04343170160053055,0.0792479644011563,0.03912564671946326,0.0045957735990410555,0.0063361401120161165,0.010454187787868871,0.01405915605262429,0.002102644833453191,0.007293667218506639,0.011053607991221879,0.006584234862761491,0.010544360956435787,0.004334614294618148
A,0.08447133440576972,0.11171402074806566,0.1489367713590058,0.18715174195547596,0.030737948822124696,0.06535489017019555,0.10318511253028802,0.04267926557893125,0.07818501563997302,0.03878401139761911,0.0046553251720861085,0.006440285260364427,0.010036478673954026,0.013436113143890711,0.0022788970960479975,0.006631774162623363,0.010282985045015057,0.005948143965143425,0.009849591279539986,0.0041869783985649675
A,0.08438987629784925,0.11133381048245969,0.14805940579983287,0.18555300311605574,0.030340327732874213,0.06446036179766476,0.1015879010003391,0.04193432341818222,0.07674592631478458,0.03812929401802724,0.004548467785298144,0.006156482151810679,0.009315590547464525,0.012018675631407473,0.002700477201682865,0.006259591490569755,0.009370048313378636,0.005436329589653288,0.008789080253811529,0.0035950583508446024
A,0.08468444804822158,0.11111064902983896,0.14703343726639673,0.18385382367895078,0.029793895301803524,0.06303272915675574,0.09951783991624685,0.04083086516800856,0.07504744280408798,0.03751560430961405,0.004918017575557619,0.005911126535665236,0.008136272676073931,0.010061782015211709,0.0029431349749035884,0.005092375589554962,0.007619428830051855,0.004613770529614633,0.007454235317837077,0.0030961564193542563
A,0.08448671167438117,0.11068772103179278,0.1459409898223413,0.182221811407221,0.029598936688447715,0.06210392669925058,0.09805706109740825,0.03994985757134167,0.07367337392877563,0.03698541779132512,0.004754774962198636,0.005686652182062669,0.007374705803124132,0.00869936314565159,0.0029622916698234347,0.0048363520756687095,0.006801945094067838,0.00408933863948599,0.006352329745105586,0.0027638532296015016
A,0.08414585040143362,0.11016769178362426,0.1449342769199796,0.18086765877260289,0.02944140562972731,0.061395723465078336,0.09700523423563112,0.03921766719971067,0.07264038084991288,0.036666852674389946,0.004748977883660649,0.005554409181067082,0.007028816932002121,0.007880482835994984,0.002896122010589536,0.004379539733888778,0.005907825529715927,0.0036623475479461228,0.005535807734561872,0.0025064436303154987
A,0.08331236008215409,0.10912478060224684,0.14344695262572885,0.17888200882555866,0.029280607546791744,0.060684793136940154,0.0958076664391413,0.03855182088855528,0.0715480450067753,0.03620351335070224,0.005231229827556856,0.005881541860562287,0.0070541151131829636,0.0069807439112415555,0.0028257591051745936,0.003860138235537601,0.004401770227095915,0.0027685577414284985,0.0037539175780462288,0.0018426282669510858
A,0.0828748363929041,0.10877665466594551,0.14297300599786747,0.177976494372252,0.02922456463846402,0.06063199763250303,0.09533048053557466,0.03820206288860734,0.07082466787489602,0.035840206186937625,0.004845218681714969,0.005516187212121817,0.006517294288357746,0.006244751619116369,0.0028193632792064133,0.0038153390501678196,0.004308126684323772,0.0024307366071552286,0.003810433360016875,0.0022218770344788145
A,0.08255523778038013,0.10847390870770032,0.14240968708761553,0.17706102826993436,0.029181617367559705,0.060339853449131654,0.09470329220167495,0.037853946877159185,0.07016801171247827,0.03550725112882487,0.004550935670659915,0.005184215233100565,0.006017282152863125,0.005703434434515215,0.0027958246449910915,0.0036762712038971037,0.00437442126400024,0.0024189964892055104,0.004196195783235929,0.0025253767562358614
A,0.08197835385752779,0.1077358044337963,0.14129343976400424,0.17587964489549088,0.029006083388689863,0.05978565702704074,0.09408242449392668,0.03749276030816863,0.06974465285058835,0.03546100685306926,0.0045363356990639515,0.00476300562504809,0.005243767502836101,0.004639558329592434,0.002623610773606257,0.0030811822812048715,0.00367597758646493,0.0021695437524355005,0.0039445054449266746,0.002520036196359818
A,0.08136995963325352,0.10684734191094278,0.14009716864478772,0.1748057434524242,0.02871724418807,0.05918849241822068,0.09359324475766818,0.03727988059737169,0.06963254291234237,0.0356006470697019,0.004595369825307794,0.0045442342151061355,0.004656023100180571,0.004507193003445098,0.00239603996552674,0.0024739474859741756,0.0035282061111256056,0.002004900040294598,0.003948906638855361,0.0023958068447213795
A,0.0809311771087032,0.10628591415859408,0.1395453239548273,0.17408385920135577,0.028514652293901467,0.05903356519819556,0.09329469116359006,0.03723046038577727,0.06947104467727463,0.03545311919723426,0.005017446986654173,0.004854774236520335,0.005017809301448384,0.00508885293677523,0.0022433264557627838,0.00237238122404445,0.0034601261448625837,0.0019922702054104816,0.003971142192089915,0.002437113038443122
A,0.08046492708219519,0.10580699620064253,0.1389258289700855,0.17339293766075017,0.028395558944100084,0.05884795830100853,0.09306260341448357,0.03713051016826695,0.0693390894969211,0.035421424583206663,0.005253760498158807,0.004836071255671928,0.0052044521159556895,0.005546949787695696,0.0020873883778902455,0.0022899208804930686,0.0035018993938404582,0.0020594854524512204,0.0040822094034097854,0.0024572851405835726
A,0.08011308709615728,0.1053353860654137,0.1383103628687648,0.17283360013727828,0.028264584981242215,0.05858061324737331,0.0928539875296328,0.03699246606821202,0.06925646893833391,0.03548451433386476,0.005378079917589455,0.004787587275419067,0.005388833928599651,0.005809461819902072,0.0018873697491316541,0.0022639233715928556,0.0035467714523245487,0.002198861087184283,0.004138514436974455,0.002446623141613693
A,0.07980853944150604,0.10505620661183786,0.13785506824491364,0.17204575598457555,0.02822633998605285,0.05842157595531046,0.09237292085909721,0.03677673411871551,0.06875654463848371,0.03518141278627922,0.005474779119906279,0.004901589603106801,0.0055639248901606046,0.006050865482269405,0.0018807580673771492,0.0023079626498504575,0.0035518116114383945,0.002238370581888402,0.004116068150022947,0.0024100351615140123
A,0.0792649304052538,0.10462028991681538,0.13718652916801594,0.17115394412855212,0.028314250088258146,0.05827421445662687,0.09203901368562964,0.03650427331572571,0.06832030262772973,0.03501594444111647,0.00620204668182082,0.005517508420523068,0.006228236024092975,0.006610811520646264,0.001940301549379618,0.0021819790047950187,0.0031543959113235994,0.0020338208729673104,0.0036869134263633496,0.002258173076453499
A,0.07863102909117997,0.10384830043250828,0.13635417227176366,0.17022788211684128,0.028197512671479723,0.05804743257485501,0.09176250721244218,0.03642041376476566,0.06820019118298579,0.0349704753454299,0.0066912402820222955,0.006166716317113904,0.006772660268214535,0.007097189745568355,0.0018999012317178624,0.0021056415143094927,0.0030142466269804063,0.0020027695723664027,0.0036348219135732517,0.0022419448003061816
A,0.07814747742512491,0.10331604038010142,0.13581070369279807,0.16941582159300253,0.028135361047484243,0.05796450564735003,0.09146088325017313,0.03636789172549122,0.06794986989524113,0.034734824833435436,0.006791144748814194,0.006326734129772831,0.006847218348574767,0.007121891528897329,0.0018984818349130736,0.002084777400349607,0.002862948455594577,0.0019892677421610343,0.003519754817893621,0.002169325905545903
A,0.0777120704833527,0.10277317706677977,0.13513921835579945,0.16856601288277256,0.028088814604214873,0.05773302557478481,0.09107345083865281,0.0361761353399566,0.0676286717400673,0.03460090448608932,0.006986394644324871,0.006727561930936801,0.007091680922768237,0.007025826178916328,0.001905482640447831,0.0020198376905695434,0.002254409403414612,0.0017830676543280433,0.002964823000790059,0.0019470695867595412
A,0.07715113450132612,0.10227659376901635,0.1345618827032216,0.16783050498678814,0.028097604674673305,0.05768639797175011,0.09090692516672279,0.03616770098552205,0.06748951904454555,0.034487686381151544,0.007224126579458447,0.0069295618674273685,0.007306079458852943,0.007200684865599924,0.0019099219515670948,0.0020114344668230666,0.002148450084912832,0.0017784321375396168,0.0028735450014390467,0.0018815055244391845
A,0.07674247203912998,0.10186120460685533,0.1342387238690798,0.1673379934409096,0.02812394519390471,0.05775286384179958,0.09084068179486561,0.03616393853949045,0.06738615651820132,0.03432702281925395,0.007267895932056504,0.007068259555354849,0.007330585812935032,0.007159799814071922,0.0018887053413695484,0.002017503276811327,0.002107286979005978,0.0017741454308017358,0.002762725932006133,0.0017956357411025808
A,0.0763277248343808,0.10151802520152575,0.13364118563266908,0.16655653947164684,0.028245073588351804,0.057561294508185715,0.09050444489057448,0.03588887330941627,0.06699235980429233,0.0342010158499993,0.007318768622433066,0.007147205952538401,0.007308996080444037,0.006953646977589307,0.0018566979506325308,0.0019132745410666506,0.001594997845782606,0.0014209444999746122,0.0021858194531952863,0.00166031733842521
A,0.07537760250627937,0.10067238097870443,0.13267691909994755,0.1655391148646595,0.02847725430149916,0.057520560005633846,0.09045490237641864,0.03576238107712075,0.06688943258566458,0.034140821790899854,0.0067376059449707985,0.006798969866496649,0.006635029064822792,0.0061082003701001895,0.0015699286136970747,0.001898400730498919,0.001561854475831072,0.0012627961217182876,0.002090893518918394,0.0016364192763098793
A,0.07426305275899704,0.09977138880221124,0.1317777883290466,0.16448362718640838,0.02879337631931881,0.057727208453174604,0.09054300463366997,0.03586082437269204,0.0668515972935811,0.03401444459839263,0.0053644442374852705,0.005891218419682083,0.00574955277480194,0.005201021583866306,0.0010590246046169127,0.001733800915589429,0.0014087103296973546,0.0012042747050579838,0.002125960793173557,0.0017071768136552017
A,0.07342704213450792,0.09904318298637908,0.13110575333331748,0.16380563743811546,0.028903870142924566,0.05788593493000044,0.09071650159815334,0.0359498321062242,0.06696259304855731,0.03409052216800523,0.0046289761737431405,0.0055001975616024,0.005411504922103059,0.004704928037286432,0.0010286456822801756,0.0015835024186262134,0.0013223299070875393,0.0011401395030378495,0.0021445975285114844,0.0017290231461495795
A,0.07290038809024443,0.09851374511623781,0.13065018899990716,0.1631449401496685,0.028876970056787233,0.0579195559905325,0.09059197349309192,0.03609382497308445,0.06693211983619471,0.033954977679259216,0.0043281425016020395,0.005245586593120893,0.0052045548696804615,0.004273097315112774,0.001028231642690575,0.0015850626604734144,0.0012728663682310263,0.0011325660390317687,0.002140710538757346,0.0016980496134087618
A,0.0728766061853699,0.09848429295346457,0.13076303343904525,0.16317329065360825,0.028852047019190863,0.05804931308293465,0.09067052930362995,0.03615077814210683,0.06694030134588269,0.03390457026623287,0.004331544343096421,0.005253272976164918,0.005196296968721148,0.004276477579912919,0.00103086561640922,0.0016057228287971704,0.0013371391661560726,0.001181288453810393,0.0021479349181019874,0.0016836400509265303
A,0.07246089856772465,0.0979443465262302,0.12993130234022227,0.16249375831450688,0.028817890770635846,0.0576163300897112,0.09042450214815953,0.035973718808628694,0.0669267590575047,0.03404635563538207,0.003673298385385298,0.004374267445181903,0.003812997337363462,0.003365978381884612,0.0010362276954452622,0.0012321402726362376,0.0015668897197063456,0.0012458570235149196,0.002169339349263571,0.0014782410876203144
A,0.07193308791657049,0.09722795600016468,0.12932714294584574,0.16218579311939013,0.028659819534073268,0.057512238509974126,0.09064880008519083,0.036097198005800316,0.06739344019299967,0.03438290613421342,0.0026017164692433955,0.003084456190909595,0.0024780577959021446,0.0027093036418307796,0.0010373188818683728,0.00116774088346584,0.0015658090445797963,0.0012286871395188524,0.001962577664788634,0.00131725819001522
A,0.07185716023165148,0.09698541201469058,0.12907515127542507,0.16193147211111086,0.028462321832057262,0.05734286172907179,0.09050040048006242,0.03616019401059529,0.06744140414093147,0.03441975166033996,0.0024835059670677106,0.0027493616175714502,0.002166670727335197,0.002223448300541274,0.0011353243521979178,0.0013011743073527004,0.0015025755580945262,0.0012362155094403243,0.001991804896962334,0.0013525918469111454
A,0.07161413994828908,0.0965491790369475,0.12882417392768425,0.16194553645289916,0.028331644984126648,0.05734097630282923,0.09075783109812677,0.03634172158797739,0.06789177501251883,0.034707464172224624,0.0023855478018874176,0.0029890941603502416,0.0022005645373824297,0.002244660871100228,0.001321788248004661,0.0013026528298433874,0.0018101996766291789,0.0015532791261509919,0.0029488796684560723,0.0018939115823321997
A,0.0723515366211244,0.09700886760856994,0.12941646328926482,0.16263582618679878,0.028045652493772222,0.05719603016935291,0.09072731554620268,0.036408892479776786,0.06807480044756634,0.03479997874690233,0.004098377785912958,0.003822037906341801,0.0037737661472511306,0.004005583360894372,0.0018158156232089115,0.0012536218861142181,0.0018066985638887508,0.0016196732007268397,0.0030247749811804963,0.0018716250759953418
A,0.07252801685799933,0.09697679365147853,0.12961635478166633,0.16291278597655606,0.027849302579172508,0.05722096169898692,0.09081423049931592,0.03651922663216628,0.06829213259060621,0.03481997922014512,0.0042154529739832506,0.0037871961677229714,0.003979163532906843,0.004227510895888771,0.001795320711008473,0.0012765061429404838,0.0018224857801814828,0.0015823129759095615,0.0029288493708852356,0.001860401166042124
A,0.07284582324358219,0.09720416137120974,0.13009533355663672,0.1632189592202898,0.027684746494192773,0.05736836179510363,0.09080273144012777,0.03671164508630736,0.06832462941545703,0.03460947515759728,0.004603456745833819,0.004160964800207294,0.004626019494459441,0.004565329223677785,0.0017354029446520996,0.0013265175070690033,0.001827585585080155,0.0014343417647544711,0.0029030721420308468,0.001986294898553169
A,0.07314099065696639,0.09765553413361565,0.1309247942276451,0.16406785294403695,0.02772432004137109,0.057915132510207745,0.09134643638407569,0.03705599437026434,0.0686654252126894,0.034635460142550666,0.004922641874291535,0.004908450862065887,0.006056060655646713,0.00580757562372858,0.0017553538040190905,0.002499437935114355,0.002377845679620974,0.00163212342756461,0.0027960953329970247,0.001963035494526173
A,0.07370948660149487,0.09822782663241983,0.13164748231138085,0.16480011631536184,0.027740469480224426,0.058084350012703755,0.09152578662565716,0.03713150744133686,0.06878613011120331,0.03469593782109428,0.004752171165694205,0.005012241929577602,0.00616455981454257,0.006005368587570904,0.001781585475431597,0.0026624314305674548,0.002609104042580351,0.0015937780715864188,0.002817399327207462,0.002009476323329978
A,0.07417564521181612,0.09888265174184606,0.13220249745987583,0.16532221154619767,0.027834174782328636,0.05819390126660602,0.09155996623913702,0.03714141994605496,0.0686745858075844,0.034665511029085085,0.004587765840859204,0.004958977412153095,0.005965074079246902,0.0058280292041978056,0.0018284503305793706,0.0026447214122021605,0.0026025184909181116,0.0015896288569154113,0.0028644749408447204,0.0020040696844203236
A,0.07428486536412093,0.09918544658159449,0.13272510700164636,0.16619387657998197,0.027971155114878316,0.058621306754938575,0.0922865774506499,0.03739555818344696,0.0692129823844812,0.035010986413205464,0.004564445272803266,0.004981850445923802,0.006178175816613207,0.00645852683989637,0.001905879713088622,0.003169618447099434,0.0038260193213054067,0.0018352351013816634,0.003484594932412923,0.0022923172718597984
A,0.0747620955639898,0.09994052321743291,0.1334852417895746,0.1669388449013075,0.028118660362514557,0.0588958342362584,0.092527764502331,0.03749217586079119,0.069260131561285,0.035007988773174854,0.004640696141868418,0.005099349915261112,0.006266009835845135,0.006704802947896225,0.0019661237429217065,0.0031779591482756983,0.003914292261530189,0.00183022686618314,0.0035036738812854536,0.002290086556180273
A,0.07569848358340768,0.10100314187723776,0.13488382384842373,0.1683673295078358,0.02812842416886943,0.05937092666555244,0.09300153828626949,0.0376817951175656,0.06948163782750467,0.035035133394383675,0.005201010411305622,0.006040933364882508,0.00752460012751218,0.00784083179644918,0.001971671234693509,0.0036280912200804083,0.004228344984650093,0.001967578643159371,0.0035617729897515172,0.002287365296539564
A,0.07644876946491512,0.10212316233263283,0.136029492285412,0.16946824464271695,0.028383332505213448,0.05977785493706979,0.09334991975699485,0.03775979968017541,0.06947710847622332,0.035064139891320775,0.005685289804604716,0.006940820906669325,0.008471951927848711,0.008558670941106761,0.002113627861306401,0.003956764294111602,0.004377456668622013,0.002015026148677487,0.0035618989059130897,0.002274952338260889
A,0.07725262757451334,0.10306484545948588,0.13724486172865902,0.1707727427113243,0.028450758839656625,0.06018809071932697,0.09382463691030006,0.03804131224395056,0.06982833019328716,0.03511041725317613,0.006052492583390487,0.007393526845426384,0.00899324485453682,0.00913646801400779,0.0021502567154040447,0.004052049036201544,0.0045152356691523,0.002048510948442079,0.003633705389902232,0.002279730000656139
A,0.07890247592961877,0.10500015381640707,0.13929694804047693,0.17288165687405807,0.02862451367400216,0.06059726798430989,0.09426762521237567,0.03818238351498471,0.06998147699969665,0.03518772552789386,0.008158752957844144,0.009827835452556746,0.011159942407198285,0.01131485260760424,0.0022885729265549,0.004203571891497338,0.004652842028099056,0.0020163923403046856,0.0036130080876241566,0.0022745499433362293
A,0.08217844793831644,0.10854142027100747,0.14303689200237676,0.17669099639946698,0.028809274574718862,0.06106477880843769,0.09477272198353877,0.03829644977518778,0.07014675329123876,0.03520765216028656,0.014817137597549586,0.016807090873948386,0.017770234977744104,0.017331707386257944,0.002504651334482306,0.004429699779736089,0.004579418099871172,0.0019569080509660762,0.0034312499858867485,0.0022470451403464437
A,0.08580510587866613,0.11275497077520473,0.14721977545465695,0.18074653749368327,0.029274952439540324,0.06161375659159599,0.09518108179718782,0.03825232597876816,0.06989511256956032,0.035031445990451264,0.019499963994514136,0.02252192130154539,0.022770063732722477,0.02203469647296839,0.003345442957635172,0.004667906020326982,0.004649467634125979,0.0020182868052500105,0.0037239783582459166,0.002367330945592723
A,0.08848803615693983,0.11589164272871406,0.1503950731569802,0.18418146400333119,0.029803587267777244,0.06214195402724811,0.09593519324986241,0.038245849744228524,0.07009072764117963,0.03522883109665179,0.020848223301290457,0.024279395466537734,0.02434431104114257,0.023786968862607102,0.0039783670817886115,0.004858266177967747,0.0049491673745981155,0.002021210646157512,0.0036646293538551617,0.0023591942926275366
A,0.09049068068563673,0.11838150869613133,0.15285149953035582,0.186513883509974,0.030301735401502057,0.06260389685963785,0.09627981059398726,0.038213885811952154,0.06988759377081802,0.03513069209793309,0.021093497557797908,0.02474628949722762,0.024783861057735626,0.023975353349895645,0.004387479034621323,0.005024898403160056,0.004936841774595514,0.002034890228107982,0.0038330925270068698,0.0024510887532273417
A,0.0913296225233912,0.11961270518107199,0.15446087545111994,0.18830225610379808,0.030764805324936036,0.06337884817716466,0.09725678500061995,0.038559935252210326,0.07041500139544665,0.035346714647382635,0.020786144006496116,0.024444252384780103,0.024256111832889973,0.023342967027396643,0.004636720712249333,0.004944899149623194,0.004883665676314586,0.001842598278199198,0.0036221396402436965,0.0024532551258830693
A,0.08945091027315057,0.11803303287034292,0.15247670508948996,0.18594407721950462,0.031248654670600284,0.06409219098361336,0.09770158203320682,0.03876892081653935,0.07031535916287142,0.035136753373163195,0.023809925036382948,0.0267571082367998,0.027533526344043154,0.027513227776586924,0.004738162527821531,0.005039727826025535,0.004860007246490475,0.0019010608692482894,0.0036344979367181115,0.0024897676910962227
A,0.08731676572706829,0.11577600104425054,0.1496918900279141,0.18299687671665743,0.0314696419115149,0.06451557286372539,0.09809624305381875,0.03888012605909884,0.07042600263523437,0.03511990682361961,0.026734381885337378,0.029999208451945928,0.0321423639291979,0.03240400528580902,0.004591194505174249,0.004572043135866476,0.004505354972801083,0.0018532813195714325,0.003629551716470483,0.0024846664966374846
A,0.08588958680787909,0.11480072502483345,0.1482626369446499,0.18126863636917717,0.03203876765975572,0.06525871073965997,0.09866257135796945,0.03879182089797657,0.07014441033009475,0.034962123410681126,0.02832025467598934,0.031091584713115468,0.03375282239510374,0.034167588347228536,0.004500328712487482,0.004380519683618425,0.004805422573547643,0.0018155734919060155,0.0032773979556517704,0.002224958592155791
A,0.08375597398049889,0.11289191681523869,0.14602757416831774,0.17893049228772687,0.03248700934780828,0.06587227021380639,0.09911055018207017,0.03881393346368611,0.07000800294727494,0.03491076854353234,0.029736733284895685,0.032612990175902676,0.03546537336582756,0.03592327767344392,0.003952918444245776,0.003910058485425452,0.004440902167930928,0.0018159801565167555,0.0032935149645644873,0.002230138488514071
A,0.08217099098614541,0.11103382532294279,0.1432159379031552,0.17577906442376112,0.032598183010343326,0.0660641583916311,0.09927204523733715,0.03906009717832053,0.0701813918608297,0.03494611048680492,0.030879450785011333,0.0342654609529003,0.03830405819715408,0.03927802907491824,0.0038021532473884586,0.0036338026409360636,0.004232099227919926,0.0018890527200967904,0.003329229823179321,0.002220415347052315
A,0.0804779272618842,0.10941058104841402,0.14115336205926737,0.17367761894834738,0.032819962821721005,0.0664165497867437,0.0996501282639535,0.03914380494259395,0.07026847825231115,0.03507586711824698,0.031798228101072995,0.03522586506559473,0.03948943172938953,0.040581344492036285,0.0035781583762176943,0.0032761900045640067,0.003678015858350847,0.001849413238910644,0.0032489041519324236,0.002084538007425169
A,0.07883532758087873,0.10750753333473692,0.13848853076190543,0.17091876277131296,0.03276594350443896,0.06608313763364601,0.09936280328093286,0.03906706186328911,0.07015413065952536,0.03515041830823088,0.032563205435939074,0.03618714766422638,0.040715858214690745,0.04192980522180483,0.00364328207764751,0.0035091808658483294,0.003959419192285504,0.001793157226689484,0.0032610692350247003,0.002039238850869863
A,0.0772713721465729,0.10565166099319696,0.13562046801248684,0.1679519734814205,0.03266713221378905,0.06590042368804536,0.09933679516529036,0.03914952025131684,0.07027374691994126,0.035265809004923605,0.03332435998146828,0.0372273486073018,0.0425284429230854,0.043713905593206225,0.0037221181028231137,0.0037915338107952774,0.003980155532678843,0.001734539509521161,0.0033123999849688996,0.002188877769021411
A,0.0758596851184583,0.10398846755459971,0.133541784085749,0.1657629828731407,0.03266252471133603,0.06606618592967546,0.09959602694057498,0.03930864298624592,0.07052038123162536,0.03531165293637719,0.03390080384291739,0.03796848591204218,0.043498481664686894,0.04472744842546885,0.0037259334748236074,0.0035419919118029547,0.0036047882134261243,0.0016335768890978156,0.003197624052761173,0.0021868401197751687
A,0.07531871109254122,0.10348881891163772,0.13298122313302776,0.16448349558606146,0.03288522491114408,0.066384166173169,0.09942361232703553,0.039544283665954326,0.07029133310112715,0.03482212050189294,0.034006812768196594,0.03805127022162963,0.04348174377558696,0.04469882802109023,0.003712822353618191,0.0038190269494775223,0.0034399417982332644,0.002177094476646481,0.002793290804923153,0.002159099266888454
A,0.07357196365552192,0.10147073273331997,0.13056128732287467,0.161784438719963,0.032671029028647165,0.06621136477544201,0.09906214300227713,0.03949974182716944,0.07001977800885743,0.03461678272792162,0.03461172868804169,0.038826320725159374,0.044283841042569425,0.0455323560489018,0.003969847523978961,0.004099468303397026,0.00407683146996965,0.0022106427038972812,0.002958455121568657,0.0021674809700604324
A,0.07110208661471475,0.09923439142510697,0.12807426015033968,0.15910369723437628,0.033050674471524336,0.06644466574633644,0.0992526765258375,0.03961357532113902,0.07009541567584421,0.034556951179357115,0.035282928895692775,0.039209320947989575,0.04427331386515295,0.04550465886492846,0.003996102554801494,0.004272987548283172,0.004212404969230608,0.00233292197871143,0.0030394492190602865,0.002170835619350617
A,0.06889929578531308,0.09652744051480203,0.12484445824495796,0.15595078727616885,0.03281410878481474,0.06623235838643751,0.09918542415413997,0.03961152984511916,0.07020984875121464,0.03470582118415405,0.03558993210987724,0.03968773367818412,0.04465323953936415,0.04576601297817159,0.00419004195180674,0.004359304354628575,0.004234543915979811,0.002332852644183889,0.003051726663143668,0.002253001350578897
A,0.06730328717787257,0.09540469463755955,0.12361780869014549,0.15455787729239984,0.03331615010045989,0.06672973542934316,0.09964560365581927,0.03969352379574287,0.07029093921401493,0.0347136226363024,0.03543223209878367,0.03945328895224569,0.04421044917667703,0.04521790961889179,0.004446370121907904,0.0047427082610210156,0.004728573123818422,0.002406374290189008,0.0031680477111193633,0.0022569918837266113
A,0.06479600983760272,0.09246912627442128,0.12027064569289654,0.15085634006855062,0.033222584905910575,0.06684026140344135,0.0993211870476843,0.03973850207843892,0.06991657224898962,0.03446479147929549,0.0345345644342778,0.03863193747734074,0.043136305767943306,0.0440774311479207,0.004491657433325068,0.004750468967096267,0.004918744078179362,0.0024025131023022884,0.0034940532165181693,0.0023968577695067223
A,0.05987300967593416,0.08770955206479915,0.11562414967254901,0.14632604831944288,0.03345147957868526,0.06737574484665557,0.10008369205709773,0.04024980056735729,0.07065819755490103,0.03471262857373526,0.030751438971575725,0.03463757018293464,0.038621439761167935,0.039570392000029875,0.004608331599581079,0.005368641989199628,0.005882071450625873,0.0030517563767515745,0.00442534683416815,0.0024139642654998554
A,0.05555852667464707,0.0827192284114911,0.11014709537804868,0.1408885818540233,0.032994652768656305,0.06712337368518083,0.09996308859550765,0.040402530674430906,0.07095999365949601,0.03493043754596124,0.024229922040387795,0.027518162250775715,0.0318556545671145,0.0329550992163104,0.004488939011356935,0.005414069552901174,0.005910244962757182,0.0028589637852004975,0.004110801832132386,0.0023349908774342636
A,0.05142309589720553,0.07856415328766378,0.1061832030821364,0.13664979379634393,0.03291916902223334,0.06746418376554186,0.10017491403478858,0.04082761806313015,0.07130873384037048,0.03487263800232353,0.018574449835303798,0.021284345912876326,0.02573922433854067,0.02616635217182224,0.004395511852249166,0.005719610448377432,0.006157939151434106,0.0029909626090708777,0.004372363669979399,0.002296880114775579
A,0.048164607297027574,0.07482765680715081,0.1021268957617482,0.1328751100262043,0.03270646648248562,0.06762246798161523,0.10061138502798224,0.04096275757475571,0.07179093204177915,0.03528184605566744,0.012305294643513974,0.014478288539091192,0.01927562166589875,0.01992766767844537,0.004221257951036462,0.005796972815411667,0.0063908694226210375,0.002875717701960067,0.0041599791765161405,0.0024621623406640256
A,0.0465844345551583,0.07325450162751204,0.10081593657221981,0.13127798059331028,0.03270006486500411,0.06798538249013847,0.10074067722475655,0.04132866104060785,0.07198113941449993,0.035056851794209386,0.007842361723768992,0.009895364303434658,0.01574747675938733,0.015523641942806513,0.00421393398443042,0.006164191252508014,0.006528725459765528,0.0032668910252800915,0.004336845780135929,0.0024617758769804247
A,0.0468365751240767,0.07366523336533386,0.10120780785959294,0.13188795037323872,0.03281433436527759,0.06799107006515281,0.10118168058155796,0.04152577355191262,0.07270502620890265,0.03550650964163964,0.007564989974599333,0.009735966245916314,0.015591457221538875,0.01524972854357469,0.004353012797530141,0.00616751316139101,0.006865666597579632,0.0033750238933631807,0.004932627487109241,0.002791687546869198
A,0.047379151663311594,0.07475307386382557,0.1024174704067011,0.13309423423316538,0.0333672659278169,0.06846996868061231,0.10185359928386051,0.041715542479928175,0.0731641127899795,0.03572368646159985,0.006867973464250171,0.008576361614725313,0.01430803355922452,0.014000561031393514,0.004707607111497182,0.006150982352841177,0.007138113222044024,0.0033415190436002933,0.00520180238918841,0.002962998484125245
A,0.04748710720631919,0.07479699387291028,0.1022365108483618,0.13292356769558006,0.033478987936598495,0.06856819958602714,0.1021783464503951,0.04204139702045244,0.07376324829427519,0.03589273348270432,0.006795117897567305,0.008560917065369987,0.014390970774477723,0.014047191819955432,0.0048112159302697395,0.006208652693266877,0.007481997643947434,0.0033528439612136164,0.005677169393212895,0.003141416754222034
A,0.048287263720138356,0.07604739306564885,0.10361983123319725,0.13465422628473336,0.0338230972634606,0.0690878922799513,0.1031269541513398,0.04225221046317366,0.07444353704852637,0.03632636934017345,0.007287111395130591,0.009456495312776142,0.015247997410121955,0.015668663338576395,0.004908478595739888,0.006605413588875032,0.00825798929460573,0.003290567046437913,0.005798510249418172,0.003460007710519792
A,0.04851123394484761,0.07686312078985298,0.10569526668858513,0.13698406787753498,0.03416646626899951,0.06993683268997915,0.10407954424444765,0.0426638749622605,0.07498572425833308,0.0364060446514922,0.007259490504742091,0.009046061368075911,0.014603162637152022,0.014637467197233228,0.004754603418222929,0.006787187040357336,0.008386426364782092,0.0037145276436755022,0.006091973305725632,0.0034392250464391205
A,0.04847940243128062,0.07720402204885998,0.10600111597830335,0.13748594093874195,0.03466004245476121,0.07049710105859362,0.10508344390010402,0.043246771487640875,0.0760125965469421,0.0367989156304136,0.007265742768092612,0.009038810911139658,0.014527884686412766,0.014525028397054801,0.004930161463375258,0.006921549184864896,0.008727044146591657,0.004005594216593656,0.006551914873102365,0.0035934942919170435
A,0.04894569848510129,0.07767959519132037,0.10660459783617478,0.13870714127994782,0.03506073127572487,0.07117963381178413,0.10617319713493226,0.043234563028658926,0.07656039084028565,0.03732536426336181,0.00753010071338081,0.008970477160661999,0.014295408983851947,0.014411959453913471,0.004683958884074213,0.006570661269055444,0.008494484419547855,0.004016824037620061,0.006375036004873447,0.003983703153020336
A,0.04895458158859569,0.0774377060332422,0.1068127129434517,0.13885846176516284,0.035444827898602205,0.0722596816401729,0.10726397081439273,0.04389825198154333,0.07732463447564339,0.03728477940072452,0.007527173623084199,0.009302235076155973,0.01396313853160817,0.014165703545818219,0.004463806444394907,0.006164332924313435,0.008509078321548078,0.004296172130022133,0.0067839558729070725,0.003969490215377204
A,0.04816815067010514,0.07723799834427901,0.10731636202417902,0.1396444757354772,0.03583494814905038,0.07304636452538814,0.10817242321804862,0.044132522385144084,0.07772405627401498,0.03740575218988807,0.008292946080042971,0.009470337713302197,0.013660241276857485,0.013777595638976814,0.004266865266252369,0.005814252171492924,0.00828552295245067,0.00419011627650834,0.006654275226999433,0.003954663167096004
A,0.04708308397772011,0.07609944130578208,0.1056087518201874,0.13852459943474366,0.03599830522129533,0.0733177682610853,0.1090537194548237,0.04427113689568779,0.0784286358634598,0.03798635564749248,0.007603593494416851,0.00892694317750996,0.012965569513895124,0.01352780695788548,0.004285921139996633,0.005913463772324463,0.008428240141271524,0.0042998956240451035,0.006900927501067959,0.003713066834562504
A,0.04661188951434705,0.0759261709488943,0.10566117040757042,0.1388426797198297,0.036449350850958184,0.074115605043981,0.11014040539080186,0.04465644194941738,0.07911396059967102,0.038265182397110395,0.007994090939498315,0.009122948186145485,0.01291662262808338,0.013211572051742249,0.00363857972858974,0.004780312596357545,0.007064075053036302,0.004004188827755773,0.006251999046293783,0.003499698780376088
A,0.04661603629787779,0.07595525473777154,0.10542452635081154,0.1390722302523244,0.036414664893360926,0.07414429982619766,0.1106120579570233,0.044778481982597915,0.0796303302307229,0.038672830407145434,0.007989716147176324,0.009109092277137491,0.0129764732188572,0.01316710413573165,0.003637112442962487,0.004767880186502005,0.006953179891815175,0.003993148683080916,0.006236854116843449,0.0034379318584319214
A,0.046378734665372214,0.0760924887001888,0.10553588416758315,0.1393673442532386,0.0368459364089221,0.07468526796420856,0.11141929382556952,0.04507362639153366,0.08021020670060262,0.03885068182903094,0.008161221588822293,0.008944719067969476,0.012843329671619072,0.012848266359177764,0.0029705381073971337,0.003956260054029512,0.006245283110150283,0.00381910253656996,0.006000128288069878,0.003456385205292256
A,0.04558019001845605,0.07460304455738562,0.10359416614978764,0.13760914378434577,0.03637990828018821,0.07428980818063208,0.11120413367650846,0.04503913675786029,0.08028114565942861,0.03898041933720943,0.007994639768840387,0.008472806773152123,0.012220265946796463,0.012408896438199183,0.0031209326857147496,0.004289957529080358,0.0064029686484325925,0.0038443419799498854,0.005952482220511574,0.0033928548022888185
A,0.04525176117582375,0.07456731217234522,0.10373081929583798,0.1383230176789165,0.0365392739401545,0.07450438875486881,0.11212982763571297,0.04523153904219794,0.0811296108208918,0.039513317585216354,0.007794891782808915,0.008470433894589681,0.012222412005678258,0.012329294676447373,0.0028711809228997008,0.004083525788249335,0.004933402506797348,0.0036779896213269664,0.004534820201990922,0.002860230531160787
A,0.04583640393560902,0.0748065961529851,0.10353622631358192,0.13819448220452682,0.03618060403431455,0.07392711529647598,0.11157969568497601,0.04491332530924148,0.08077891273597129,0.0395672950594496,0.007680929157678283,0.008497070355856907,0.012132545043744811,0.012273357321358303,0.0031111672053414723,0.004315131238347402,0.005278803034307444,0.0036505942023878986,0.004670839701101342,0.0028266794630039554
A,0.04567197633460294,0.0747815321575146,0.1040517479858718,0.13902791458086378,0.03606264345318981,0.07398346746247025,0.11188594058582742,0.04513601125255813,0.08124492175257594,0.03978930532328827,0.007491806350848065,0.008483480575631905,0.012259622122527304,0.012480321270751325,0.0033821259128227685,0.004187397232450712,0.004581186167041296,0.0033533207663280673,0.003913776780840608,0.0027210705566458153
A,0.04587463632918852,0.07476826698976428,0.10352411280287713,0.1389308625078412,0.03590174031739392,0.07375172101618224,0.11210692873123895,0.04506749718875149,0.08157985989358768,0.040185578211345836,0.007428201761429276,0.008482241548174835,0.012090718722609459,0.012450929262364395,0.0033769340601272134,0.004214562119690493,0.004554896035833981,0.0033535798772887826,0.0038914646882123793,0.002695592054863634
A,0.0466534288690705,0.07566702151051023,0.10451965389150977,0.14012026459237684,0.03566776877704897,0.0734114741439852,0.11197786027976404,0.04515557278656024,0.0817972859758375,0.0402715904558573,0.008265688434989982,0.00906330693055613,0.012526699795298872,0.013145658741718283,0.003637707227803935,0.004603759659003677,0.00470067032919624,0.00323362581788218,0.0035999822313601314,0.002719796602500419
A,0.046479175745478975,0.07512498862721737,0.10342393696678882,0.13933197140459522,0.03536862412310819,0.0730572812980646,0.11201140831578046,0.04495699995224563,0.08194532104506512,0.0407125165948725,0.008014897154578237,0.008249551364163093,0.010576378301118558,0.012058883207528126,0.003722660360014191,0.004548941994867588,0.004680626323440352,0.003168732383009731,0.003489208192968544,0.0021474132725545535
A,0.047147971958965584,0.07549788946322378,0.10439499631362177,0.1406840646629345,0.034916921437257324,0.07305144315108054,0.11216271165028924,0.04502434105557791,0.08209506465429453,0.040801504137911566,0.00806743928471774,0.008347308518066159,0.010981159380641824,0.012530238286457673,0.0037883841146565717,0.004550823579573778,0.004677847608562747,0.0031878630230809586,0.003610431945235435,0.0022222878257562016
A,0.04743298118413583,0.07535878042829999,0.10472399784472841,0.14121374363637923,0.03420944392283094,0.07285009386801203,0.11190000826153712,0.04519679638949882,0.08211103761026185,0.0408114349484309,0.008025737695382772,0.0083721369235201,0.010884212115387884,0.01226348357249965,0.003809346600670277,0.004645294639504353,0.00487488595447973,0.00316284805832547,0.003604025274757451,0.0022193784638783118
A,0.04754323693817496,0.07537949108771048,0.10533030983567189,0.14204454631993757,0.03368168417337648,0.07253433296205763,0.1115354965147469,0.04510503240344542,0.08192772915219695,0.040776740713386814,0.007991550599016597,0.008364808980554089,0.010600693954998727,0.01186050824788516,0.0038464381813152204,0.004826666085674691,0.00504816609577396,0.003186412021671607,0.003608174620653094,0.002225949059261783
A,0.04697322833242494,0.07444500383784881,0.10461374853600047,0.14121148890224383,0.03338585850948273,0.07227263320740358,0.11132155476851983,0.04540098324509259,0.0821776216939317,0.040760511214469115,0.0074557742055506296,0.007145164782208759,0.009622390261963827,0.010751011229223721,0.0036915196355153624,0.004610592347946469,0.004831236297702405,0.003276184251267417,0.0037691376099148787,0.0022117591093231883
A,0.04664439740248298,0.07407178154820226,0.10374759205273584,0.14064421807699168,0.033313739659637624,0.0718998768751054,0.11124286301030786,0.04513240410667594,0.08216748195799287,0.0410662363601267,0.007471421093031657,0.007041663505794527,0.008879704201334703,0.010439939057499646,0.0036681523114248495,0.004307842108633667,0.00479556226083342,0.0030880187153210104,0.003766229828715622,0.0019793580470783287
A,0.04793544121306712,0.0753021790827428,0.10546983671101676,0.1427199669227063,0.032937797372384316,0.07155970503103602,0.11099078856439792,0.04482871531318368,0.08191185133511307,0.04112550902553204,0.009368307443667583,0.009672263969644943,0.01185864979862105,0.013563857336249185,0.003210577600397274,0.004119585422801763,0.004586742487041701,0.002810582791699714,0.0034839102774640554,0.002021105414794754
A,0.0476052493466408,0.07516076182586146,0.10551348616214402,0.142374455992551,0.03294501575465266,0.07168856496916273,0.11098774951757255,0.0451000449979785,0.08195556520389537,0.04091874114679095,0.009136434314741084,0.009609805830941415,0.011865018822142945,0.013488077467859669,0.003217414997875004,0.004238606477613085,0.0045843111274055225,0.002523469707986264,0.003461009572399217,0.001799777599263841
A,0.04761180072500808,0.07552568647899614,0.10625833512194464,0.14337202197483517,0.03244242281053641,0.07091873137507229,0.11020808901109076,0.04471209500701818,0.08149152832029458,0.040973267877611096,0.009135728113551693,0.009258384972743585,0.011072281755865374,0.01225950886945734,0.0034067200243651976,0.004029557243673251,0.004694295859774062,0.0019774893885710146,0.0032190613521491194,0.0017347094158326713
A,0.04808084204596033,0.07560280877212497,0.10601765522590534,0.14326523541431763,0.032140767886829555,0.07064064783135961,0.11021963074928083,0.04492152721361343,0.08198033851599858,0.04128799089126788,0.008598229672350776,0.009196929775784436,0.0111750603494526,0.01229580954917613,0.0032220315248377984,0.0037214416809979688,0.004705684974014442,0.0021514394098321034,0.0035771327070048434,0.0017502393343442344
A,0.048707289122429005,0.07595536555940105,0.10674502111157044,0.14385683346765624,0.03166485009504066,0.07022278589127107,0.10956807160670026,0.04473364112411505,0.08154816754413959,0.041131539773903006,0.008575976554153004,0.00909748334308683,0.010891223836350918,0.01196841281516476,0.0030101885589961493,0.0033140881501669815,0.004365226711989608,0.001945676537040255,0.003402672546268341,0.0018261387154334958
A,0.04887753121396805,0.07622427700613546,0.10752489545240138,0.14462175531659702,0.031707982215615785,0.07064433615895013,0.10986566514411356,0.04489679149575077,0.08164388378672602,0.041066920876676356,0.008346247227142643,0.008817396109706176,0.010507749936926908,0.011444517900824286,0.0030640492122104364,0.00419872302167251,0.004629826548960746,0.002102577588180665,0.003367567914978438,0.0019490742056685357
A,0.04899361924801171,0.07617411280317127,0.10781605240650938,0.14460304661018397,0.03177167783506667,0.0710105989371883,0.10983026091707837,0.044800322131185843,0.08122558334981325,0.040763188780767505,0.008212333552555665,0.00884473191496458,0.01037229925618735,0.011454487919104991,0.0031690218836213633,0.004628866735935746,0.004604961511651814,0.0021134290452042475,0.0035212000336903014,0.0022299788552372964
A,0.049269180921318906,0.07624085440641468,0.10797227642657654,0.14463472282580248,0.03167092486592792,0.0709247055953284,0.10948783055258975,0.044531848595695804,0.0807408700860988,0.04065248270331042,0.007936311489967117,0.008776891169617225,0.01014118332927887,0.01140964341949707,0.0030686255457907934,0.004601818009965449,0.004588754948167237,0.0023282197713492742,0.0038637013587674695,0.0022750453992028737
A,0.049702565958182836,0.07693768108873136,0.10917879815901162,0.14581027974858135,0.03188277703526085,0.07147490825448224,0.1097821414937619,0.04462117533125655,0.08065785958225305,0.04052715952663658,0.007631598617083941,0.00825243700740523,0.009226530947323567,0.01039558124842243,0.0031578649184453057,0.004761183653844132,0.004447627199140933,0.002259060295554174,0.003961054918344111,0.0024504584220611443
A,0.04941730283241683,0.07656469482051534,0.1086833328224466,0.145030709679126,0.03188031575905083,0.07136272918624632,0.10928254059439957,0.04437213492004409,0.08014840311655036,0.040287728013680364,0.00783373506354814,0.008505748882733175,0.009680653661827542,0.011084462362059412,0.003156733179292291,0.0047617833110905885,0.004730977670467717,0.00258593609784298,0.004566713489646527,0.002579072572618124
A,0.04890581466108743,0.07552230333310357,0.10722942576632724,0.14305952015853443,0.03211641598982391,0.0716363433511247,0.10929111086770735,0.04451822247288062,0.08013978332113046,0.03997421915979903,0.008115579248697867,0.009484200992777168,0.011741697298634297,0.014399697213679086,0.0032404731466996574,0.004645136525692637,0.0047199987899236625,0.0025415731508422893,0.004575328030325458,0.0031236975685660076
A,0.04782230848549762,0.07438220628183863,0.10578830618036048,0.14110443890735352,0.03255406755694391,0.07190018719677818,0.10921184054836637,0.0445034539658313,0.07989386007790855,0.039579898184008575,0.008924814157169132,0.010314161923263362,0.012794736752249285,0.015898521418454943,0.003175763009173906,0.004397271284523702,0.004827589464089078,0.0025536420356121517,0.004774036444363992,0.003497843784922674
A,0.04703054307608196,0.07345767954867827,0.10481702994487203,0.13982720751390415,0.032677543224040775,0.07194618297298075,0.10900682459972424,0.04445075558548718,0.07969233680045833,0.03932189193770684,0.00976249356180003,0.010985275315287937,0.013718378205713788,0.01679351093029338,0.003294132059073626,0.004393027378382822,0.004720079855102045,0.0025659973267190164,0.00465895180089384,0.003366664231484199
A,0.045421110168655715,0.07176645417784977,0.10302081481153333,0.13745890242474149,0.03291620523056345,0.07216748648187978,0.10881797009242178,0.04449664512890751,0.07944776927889408,0.038900803547819836,0.009734404606894669,0.010930845822578182,0.014043612163973937,0.01727059676935724,0.003230167280345515,0.0041490746932378,0.00492665704142073,0.0025207420252811455,0.004822712574978732,0.00354594693564239
A,0.04465064736072928,0.07104840663190597,0.1024920072994909,0.13700206620760036,0.033097851444760705,0.07246583732481449,0.10897007420025437,0.04439084135121006,0.0793149902691446,0.03876936670259962,0.009428921478755754,0.010638984463785316,0.013833764956284324,0.01707324049549254,0.0032464935841072734,0.00422514381853816,0.004992734488729662,0.002578222997886838,0.0048229857345798155,0.003486410704847179
A,0.04361284661602906,0.069599799324998,0.10035125386062113,0.1343338528375078,0.03342257894586807,0.07237858098746039,0.10858427586432799,0.044283840479298855,0.07903634172295126,0.03849241108444447,0.009470269038339326,0.011117614750681203,0.014545266261561862,0.017767860625508534,0.003253125290466854,0.004261441841290491,0.004924344049442065,0.0025296380593645114,0.004559913120192699,0.003316666091827031
A,0.042462622765480365,0.06860510429881812,0.09905683107579516,0.132899118726426,0.03387803423843841,0.07232073338977098,0.10850154010706939,0.04401849055472515,0.07884730048094737,0.038369605322793515,0.01012497045771494,0.011685066408833496,0.015242312888811891,0.018399506029840383,0.0030026893720023857,0.0043173852920905965,0.004983605648753736,0.0025743621930110912,0.00456058856018355,0.00329452083316804
A,0.041976358747057456,0.0681169752379885,0.09806360820515272,0.131386547174485,0.03436073543674682,0.07236840565552244,0.1082966464877243,0.04379717004992682,0.07846029552778111,0.038149956473240945,0.010171674446232829,0.011711231783496286,0.015399550466947172,0.018659253192600138,0.0028554542657553386,0.004261218832539392,0.005174577462786712,0.002797103175521105,0.004761452945670759,0.0033230699699057153
A,0.0412078469261658,0.06745504507004403,0.09693930364576425,0.12998664846242414,0.03433017058220723,0.07193647092789723,0.10752250148421542,0.04340851908491747,0.0778062135949156,0.03774601369662533,0.01020631454070779,0.011638462791680548,0.015188794856874443,0.01838190564779473,0.0028778644828098368,0.004535152846483833,0.005373214527694218,0.002549467849417137,0.0044411137371425475,0.003254418867915012
A,0.04110288113046909,0.06696690806817683,0.09596646971734915,0.12841167648078844,0.0345316030192238,0.07177241706150961,0.10643165741814584,0.042757590078467474,0.07633752401498432,0.0370330735929886,0.010196433255868864,0.011621633888764438,0.015362642645687322,0.01871169090375072,0.0029745369320875415,0.004589612724317366,0.006343023289718142,0.0035672633312328907,0.006708647303552334,0.0036938408173359783
A,0.0391459777880191,0.06461740722835108,0.09339987776564865,0.12543735169704803,0.03456342633027637,0.07149765011730506,0.10588073998562644,0.04256465584676776,0.0760370454454585,0.03677390222367402,0.0073188518811244455,0.007867273087360804,0.011676350273701643,0.014434199752969744,0.0029672878975697224,0.00480731634389166,0.006271672352182445,0.0035646906688885692,0.006513442883004178,0.0034318038270357014
A,0.03795513737058742,0.06345796291811755,0.09194701349096047,0.12383922699038752,0.03461720951523642,0.07087375331130716,0.1051754206803781,0.042174393004001,0.0756485046479786,0.03663094723799567,0.007235916825938948,0.007498562675535318,0.011619364602551538,0.014273967888149096,0.003003417756632482,0.004891192197275479,0.006037169028501976,0.0037165504148346257,0.006464131439477736,0.0033102035729197163
A,0.03713248383341063,0.06264341113634006,0.09059556574880623,0.12210944492526872,0.03497372432644594,0.07085917521154828,0.10493245001929863,0.04195926842586154,0.0753004142753319,0.036347130630678084,0.007130684402148066,0.0076372712492518285,0.012037238301472842,0.01466585345165072,0.002364490664366734,0.004909886754753994,0.006248261602055234,0.0037179567251593806,0.006471165484431027,0.0033054700361020567
A,0.0371479110679644,0.06258711576442608,0.09042781115915349,0.1213440538709633,0.03542011859691078,0.0710192197275392,0.1041731555549377,0.04131091395879217,0.0738853017023554,0.035657340743868324,0.0071423354658755895,0.007594367488903304,0.011942211025007018,0.014204747404938536,0.0024699925996631107,0.005005254855106247,0.005895445107309492,0.0036284312796805228,0.006389900728192329,0.0029844315644454674
A,0.036121988788693674,0.06177530764885988,0.08940677867505274,0.12010074708738519,0.035760749381125015,0.07089637727039053,0.10398921172167186,0.04113217895315343,0.0738042735628004,0.035608001233770246,0.005975581819753537,0.006873308816452472,0.011125850461685238,0.013337342122234768,0.0019005046072353047,0.005066332829607903,0.005900823486242008,0.0035192399367363707,0.006336465598365538,0.0029402663950023667
A,0.036344326351227765,0.06112172457672964,0.0874597332117297,0.1177924577526539,0.03576088708504965,0.07011161324649648,0.10326984312120209,0.04070888623118083,0.07347509650156762,0.03557435858709852,0.006161243544701169,0.006732572140729283,0.010811855119897745,0.013014775206121914,0.001900515537801868,0.004371104360471047,0.005135806856165332,0.003105194944488141,0.006104675565696391,0.0029295563506627183
A,0.03650802571800618,0.0607357496914378,0.08596208565651405,0.1159120309921938,0.035723082925761776,0.06933595057846546,0.10260917346297635,0.04041870530053522,0.07335334084229632,0.03563543541420988,0.006312341090137523,0.006373469639335814,0.010237275603639278,0.012623516097410721,0.001872603214263094,0.003962830427481908,0.004707510139619299,0.003088221260290721,0.006077592253156413,0.002949319110074927
A,0.03663568038903104,0.059799025696627914,0.0838842733453941,0.11312406510274556,0.03556843939309107,0.06885303838153702,0.10187700443544272,0.040375240550500714,0.0730866616045345,0.035225046242092176,0.00648203475964879,0.006620821722235649,0.012339092956015527,0.015344240611532852,0.00213287092090709,0.004240848656911386,0.005168981514318005,0.003097033712216679,0.006180271105666588,0.0030653555535155104
A,0.035825375420083176,0.058395236124975304,0.08144795285978522,0.11028452592641161,0.035284426806581344,0.06791029271774655,0.10085056834683097,0.03998237836399626,0.07257779660996799,0.035004785973504884,0.0059592668772292185,0.005706608658227176,0.01103180798061697,0.013892548067865357,0.002507423184438224,0.004185196458306519,0.005405175044689255,0.0031490445776087427,0.006393947125081992,0.0031565506856494068
A,0.035221571359168403,0.05705077190254396,0.07993818526096896,0.10865503249191769,0.03510950607702722,0.06744995542736569,0.10011181783757776,0.03962449550986415,0.0719973139927959,0.03472468724849308,0.005992967632232013,0.006548484299621055,0.011097181720819381,0.013611790106713855,0.0027494916488676794,0.00440093109334174,0.006163212619224724,0.0036300488861374966,0.007071029460965793,0.00324436987238381
A,0.035102193547481765,0.05723382581918999,0.08049223639562167,0.10939572301441161,0.03501335619511138,0.06725677120181205,0.10008755366635635,0.03953997800708721,0.07207548470571987,0.03493994191027679,0.005926933550040168,0.006600400660650857,0.011273450568560935,0.013681510616887127,0.0027679318416997784,0.004269686566929738,0.006151482570079821,0.0035189165793114187,0.007117693355616285,0.003201808629340183
A,0.035586132680264136,0.05743689922049013,0.08016482272361931,0.10885203635145191,0.035036481198450445,0.0669147618881841,0.09972100116832584,0.03922504744205764,0.07171639362490217,0.034935209152433595,0.005980643035641054,0.00663233046258315,0.011287077861895133,0.01382553459286049,0.002779967598242165,0.004297356323808625,0.006245527392914649,0.003541271649820717,0.007203270146712107,0.003205195404002521
A,0.0360026917478478,0.057373778504097306,0.07942527057646545,0.10794104799933377,0.03481268131339472,0.06638965319273059,0.09922808754148121,0.03896254246587108,0.07150015148498795,0.034967397121587675,0.005839284397189673,0.006642719733715484,0.011559447429676073,0.01390876875480681,0.002796891192799527,0.004288265318724565,0.00582416123004905,0.003418223399520511,0.006999227131787875,0.003244982520680373
A,0.03615954073446522,0.05657164937279985,0.07786196781168539,0.10635476086172149,0.03446324543753011,0.06580330020469607,0.09867861370979525,0.03868192469155069,0.07121710524188214,0.034961072388218974,0.005725055685635187,0.007646583472057309,0.012941875522452455,0.015161818880261352,0.0032395181477315156,0.004604533331454275,0.00607357238803913,0.0033522419836952864,0.007008891294880519,0.0032480967798428875
A,0.03622278750786151,0.055885325438789955,0.07693618962223023,0.10558215867064155,0.03417657151616284,0.06551835037016909,0.09845838150611562,0.03868067048104181,0.0713391479708499,0.035106196395818016,0.0057862799949549605,0.007134052382834546,0.011714630406041537,0.013751689102692994,0.0034179687293236444,0.004089472986191596,0.005629503476145883,0.003351004551954405,0.0071465947118203475,0.0034864741805872837
A,0.03629170118929124,0.05640617110032449,0.07811695725605784,0.10677520187260185,0.03397336509266523,0.06549486179428439,0.0982377849308633,0.03867177743403234,0.07107824893845581,0.03488341202372745,0.0057601281685670915,0.007228806372629969,0.012643342501384559,0.014610027409496674,0.0033901011713437174,0.004066185178189121,0.005420113431873338,0.003335945124398234,0.006886280950843856,0.0034399341345071922
A,0.03699113567193053,0.05733138325341337,0.07906366690560318,0.10751186179410495,0.033957035040232036,0.065336375929678,0.09785252909325388,0.03851655983491629,0.07067533286816743,0.03466667800232319,0.005293352817054908,0.00784677298377994,0.013343979389298703,0.015180299478041061,0.003378731116288357,0.004041850115964669,0.005256330651677385,0.0032928043927345518,0.006760555970467512,0.003385530143733138
A,0.03640071362192646,0.056662369781700896,0.07853001571396015,0.10723735769339697,0.033612576112979194,0.06525472695576881,0.09786407449679212,0.03869677060036454,0.07091664335825097,0.03471863676045162,0.005946602378173365,0.007917587533210282,0.013260970996800717,0.015112963072006175,0.0032936991429228196,0.004008264249370737,0.0052648314411859595,0.0034104014107154785,0.006901214663732481,0.003407865948033016
A,0.03616464590258593,0.05578221974818608,0.07730934092875923,0.10602808706969372,0.033416073147915955,0.0651326481872482,0.09783363964147873,0.03872220014116935,0.07104770670002716,0.03480392739461276,0.006149400182337656,0.008198690845629655,0.013352800704283015,0.014981851197804921,0.0034986056599247903,0.004049796894184461,0.0052610049355748595,0.00343243472416452,0.006980041756344234,0.0034218305574567577
A,0.03567552756314585,0.05512557486216561,0.07647904387898756,0.10532117943545868,0.03287791201438476,0.06452319246412777,0.09765557531688944,0.03884854350334242,0.0715222410820895,0.034997217771466714,0.006129102138388774,0.008141609977592041,0.01342736102787779,0.01513105058590203,0.0036015417804011367,0.004371571430678732,0.005546524578927508,0.0032145996046299527,0.006050549749955977,0.003135995337012553
A,0.0363103701010828,0.055106231507272764,0.07587083987771352,0.10497082124817499,0.0326153053610956,0.06438217005072742,0.09759924656065794,0.03852510844438546,0.07129185301269839,0.035185732466718175,0.006509720142258243,0.008135528198561712,0.013144554925835843,0.014841958099909815,0.0036868392126150414,0.004394037992460308,0.005513182684752024,0.003327503044955352,0.005905394408939819,0.003407256034525999
A,0.03650678496432217,0.05500705465901443,0.07590421309546659,0.10487190140081945,0.0325226764921036,0.06456512077772711,0.09763819595107048,0.03882356060314219,0.07147463812923684,0.03500328063251306,0.006285744773569702,0.008149680793994725,0.013152291009916956,0.014814034932473488,0.003594266734213625,0.00446223618705405,0.005536390163809106,0.003447365394620421,0.006004400682393726,0.003341218390160013
A,0.036850489320301535,0.054813478117184566,0.07589057274577155,0.10482537863294991,0.0323807701913605,0.06470460386550167,0.09780831541960619,0.03892954869743161,0.07160752568758476,0.03502324864885029,0.0061192009053615175,0.008226034443156305,0.013154296985281103,0.014823188216639643,0.0036068869966711195,0.004499476460388873,0.005575136711975752,0.0035105692217847345,0.006040821995255952,0.0033345928472607415
A,0.03667665170960033,0.053611823660972835,0.0734089220289629,0.10196336540962041,0.031689888978148624,0.06363780371834407,0.09691771268805424,0.03895690026750041,0.0717163942949863,0.03491344556746269,0.005999214084075435,0.007984785676760036,0.013859880789991702,0.016512014479637085,0.0033511038543120064,0.004341506563768346,0.006529799318477564,0.0034870312704869738,0.005862245573689363,0.0035109795696989378
A,0.03665696263119203,0.05331516920547822,0.07278818911729777,0.10123026664557044,0.03136147971016301,0.0632194383975026,0.09621310379321875,0.03858429769692892,0.07091600155015274,0.034574293960398086,0.0060091457022023636,0.007832559519135302,0.013421982152679071,0.016108887166568275,0.003298403487761885,0.00437861447022771,0.006694145750597515,0.003579737274349186,0.006140886904977067,0.0035440943493331043
A,0.03737578439797371,0.05435072088414359,0.07431687900930577,0.10261255749242407,0.030948929726847735,0.06279576322664035,0.09514309448240751,0.03812819691640952,0.06986013353529616,0.034021919048591184,0.007469904201013258,0.009384376043977873,0.014773732309109729,0.0169131340702647,0.00321834043878347,0.004417882498762552,0.007316402048717498,0.003942310791384765,0.007130397780864142,0.004071107851047665
A,0.037357312788384806,0.05409769238863184,0.07419744829947918,0.10279350232751235,0.03056234297355003,0.06252067156274542,0.09466617874857972,0.037807310265561216,0.06929407413681474,0.03385916936820203,0.007454387114737065,0.009209888132762613,0.014771139044224595,0.016911226060552426,0.002950713473611301,0.004494962261836204,0.0073261983165349475,0.0042048975525623205,0.00726302044710089,0.004006685519613497
A,0.03635592506291887,0.053458028568368995,0.0744676655638836,0.10353526520267742,0.03042219901990955,0.06262018932973212,0.09494749470512462,0.03790481414619238,0.06958569006115023,0.034056434719113494,0.007523677455251375,0.009943934857563971,0.01442117245142622,0.015881812729920543,0.0030055369789483482,0.004502232475965173,0.007319100530041169,0.004261427676270167,0.007329752770257652,0.003931683639994433
A,0.035923870385795705,0.053272424676791164,0.0748081118195397,0.10397470529761213,0.03031480594513993,0.06261489567653085,0.09496670619669825,0.03811613838282304,0.06984701161898554,0.03407952628375498,0.00798716890216652,0.010058031655246116,0.014263073073335245,0.0156426602331538,0.0030732332858255016,0.004506307741371959,0.007306274357314551,0.004258426215903035,0.00725811411840813,0.0039186659293375965
A,0.0359872513477721,0.0538880916141702,0.07579543907007055,0.10464820221311806,0.030235790632923483,0.06279747920948718,0.09511137172474429,0.03849845293895225,0.07006272117078724,0.03388873450267062,0.007938057854566923,0.009621154753211878,0.014241444793684053,0.01555491867736532,0.00310533651444065,0.0045137760848145,0.007177751562398413,0.00399770203006475,0.006980330398506828,0.004147246577881533
A,0.03606582849296137,0.05377526117678575,0.07537220171021465,0.10393667462044902,0.029917829374349593,0.06226606014038455,0.0942427227778524,0.03806436032717024,0.06927224716424332,0.033571461462303116,0.007958068715756977,0.00955197927775971,0.013956319731279983,0.01526359315621729,0.003072973027416524,0.004452031405255908,0.007241588835984927,0.00390822224630067,0.007038874904303294,0.004189509234431678
A,0.035580227575250055,0.0533890357103502,0.07544264772426164,0.10430636742884251,0.029527865209112103,0.06222033044243915,0.09418430964117273,0.038062637837034424,0.069237939178264,0.033578215034777134,0.00794797618986543,0.009431453016232244,0.013965815753801932,0.015254364199102014,0.002653863839097184,0.004445672523053335,0.0072427923901678135,0.0039091468418502254,0.007053479994797265,0.004188042862565209
A,0.03538440754460185,0.05366847501999904,0.07647570133465946,0.10509621084795977,0.02955882792817884,0.0625252191053314,0.09387008053426114,0.037976941529828376,0.06853042083092678,0.033148318786128,0.00793530356650866,0.009576911405542794,0.014154191107328904,0.015317238605900745,0.002691422632807114,0.004590857430204089,0.00713197226689397,0.003926140853251318,0.007034684861982985,0.0040207255370347415
A,0.03549225381927204,0.05466152521042276,0.078192374906476,0.1069553291312825,0.02964305741252622,0.06276826915482034,0.09399071745038247,0.03790838872217686,0.06839777563402667,0.0331986663099538,0.007922773194892764,0.009128348905869634,0.013149478965596297,0.014361147988799975,0.002646031487097066,0.0044629894228616586,0.007098645333935912,0.00395772525269175,0.007062940727531746,0.004028636595318214
A,0.03496606007048509,0.054665811887904855,0.07817826443243593,0.10625004499504939,0.029690385194478808,0.06223957636151776,0.09307968335804162,0.037653770225032246,0.06768000377650675,0.032661993658062626,0.007795282352216856,0.009128472582536778,0.01314286963753252,0.01381175227912585,0.0026493853492195883,0.00410794771627837,0.0063508971296685705,0.0038502241274074468,0.006505598407763242,0.003498329367582511
A,0.03427405201426699,0.0533670714379195,0.07606871988771445,0.10405975849875031,0.029473772831433966,0.06147260222710371,0.09196734458338401,0.03679486070086878,0.06650306368951844,0.03241948241923194,0.008375943890730776,0.009726783479395767,0.013030922716030569,0.013611470175085036,0.0025863739107102567,0.004147180570124554,0.006735212928365901,0.004184663445472857,0.00707090546496833,0.003599155522900491
A,0.033964972006822206,0.05255884902689625,0.07533629865495098,0.10384886986898334,0.029126210036996364,0.06149834777352341,0.09235705332659096,0.0367354628890251,0.06684950797122446,0.03278685072545518,0.008274325236839937,0.008846892136225656,0.012179877969180667,0.013298344178451134,0.0020827639708450823,0.004167154542142084,0.007193879972113862,0.004176080792490855,0.00734793661025297,0.004035574308660783
A,0.03439883492336894,0.05292632558092273,0.07617116245658458,0.10451759001457997,0.029217611860490055,0.06133933051770415,0.0919224358809083,0.03656671930541037,0.06644595279578298,0.03250527966105368,0.007993241563646615,0.008863682114722325,0.012724581727089151,0.013833144982711916,0.0022066067002834175,0.004046119767206059,0.006862346594732261,0.00400035648700336,0.006981396827070177,0.003950203160700432
A,0.03512814105797024,0.05407150830132662,0.0775260846257865,0.10562685198656552,0.02965187116512034,0.061306831186962375,0.09175476790698128,0.03617447487520423,0.06598466814599277,0.03245415519708143,0.008107024333811745,0.009218355782684377,0.01287410397005942,0.014007807050037487,0.002720570045424427,0.004038448939165684,0.0067467596749957994,0.0038366712710775183,0.006598294842819831,0.003908799600910836
A,0.03498602693310629,0.054288423813995935,0.07843887714928297,0.10649090667038845,0.02995996535164483,0.06169620064186605,0.09206214158712342,0.03626321453620361,0.06604534328874527,0.032345886306118274,0.008197577734847234,0.009161396467777696,0.012769756785055299,0.013884477689680236,0.002761190435309943,0.003931201574464307,0.006676438100892925,0.0038131718230163705,0.006578589253245683,0.003950075676206839
A,0.03463139918092348,0.054159266711630016,0.07822343180292635,0.10559451434417366,0.030317276738326793,0.06170761276053839,0.09186549878576392,0.036340715398038306,0.06591568881126486,0.032075844589886396,0.007854024435099062,0.009133638997646661,0.01284067214514424,0.013948782334546774,0.003052671411233157,0.003933396871066646,0.00648498355694973,0.003788369915185029,0.006467429839436678,0.0034561701311549265
A,0.034627805311294536,0.05389789551077175,0.07786981436521144,0.10529599325004835,0.030212107216830302,0.0612895548157647,0.09152711571004832,0.03587524425430785,0.06553360442924194,0.03217029168588849,0.007855666192420481,0.009240026525030297,0.012904230576950539,0.013955471698722832,0.0029128820257458997,0.0036837119196576756,0.00615187462651339,0.003500139865263207,0.006046625957868859,0.0035455406161963173
A,0.03416099518781112,0.053878894431152104,0.07793237202149088,0.10552817637766636,0.030306750658374532,0.06085970271037973,0.09120654962892974,0.035563906412972794,0.06540397631399272,0.032365283147838514,0.007970832091785705,0.009248933578076652,0.012887500133014132,0.013928453307191358,0.0029580026672991187,0.00346075241865088,0.005824391527603066,0.0032050051557726204,0.0058780110032439605,0.0037480568158058582
A,0.033600662334777084,0.05399120512390467,0.07907809125720461,0.10719090872225845,0.030630413936203704,0.06109206604677582,0.09179449980960122,0.035473450899301026,0.06575170353965494,0.032784784227305366,0.007990263696432843,0.009139132825405185,0.010855464218743003,0.010654343053582385,0.002867167039402708,0.0031445360846887377,0.005443282529838856,0.0032111366380279346,0.0059302993936238835,0.0037471567384062183
A,0.03353794255130275,0.05383277524269041,0.0786376248494284,0.10669882871864264,0.030923973921647634,0.061086868884471276,0.09198047077594344,0.03542756098311787,0.06602599517896567,0.032979955641319045,0.007996189685028295,0.00915543182691385,0.011125909059411555,0.011045773840007708,0.002961205616221244,0.0031483073992914575,0.005372764308538927,0.0032359633793213414,0.005840678854923176,0.003751179151759052
A,0.032490161830502476,0.05266595651834164,0.07689139000055152,0.10495962556441932,0.03130520021890092,0.06127818636534381,0.09261712787170598,0.03566088909340058,0.06668611696921603,0.03334389772533072,0.005809057280513382,0.007444401574281275,0.010127008611234053,0.010705221098006337,0.0030071606072490436,0.003092751843260115,0.004739647517356967,0.003057600013498662,0.005099202054696504,0.0032988688513078015
A,0.031687027913046714,0.05186648297806427,0.07628260632958322,0.10422285082717,0.03140922499052946,0.06135477519020007,0.0927833415970368,0.03588044674467673,0.06699794640311978,0.033339900366574624,0.005328743422732246,0.007672421166885776,0.01067094114470509,0.011217724348455286,0.0029621359505031105,0.0030455388681141257,0.004702574944453529,0.002899129406768877,0.005007046957613471,0.00329822666656111
A,0.03181463208646713,0.05036572433829364,0.07439509287612057,0.10116638606865447,0.031433255221975924,0.06061688767468608,0.09058697442580885,0.03492948164871869,0.06483910036661668,0.03228686873126504,0.00522841556122589,0.01216998519001272,0.015814043081297822,0.02008883645110802,0.002935610030633322,0.003984055009750029,0.009661066139887564,0.0039124817395097935,0.009125703572474815,0.005446958485314927
A,0.03173826031847049,0.04990045769517551,0.07402904318767009,0.10077439069883073,0.03161689919205841,0.060778086424303414,0.09073609843685697,0.03497362510015733,0.06490713214992944,0.03228640942025891,0.005358844247809085,0.012525108877634042,0.01596357333278801,0.020192361701332904,0.0027873609551039387,0.003984521886081697,0.009677980254868743,0.003974641992953588,0.009171342126485264,0.005446975782421722
A,0.03204378372982524,0.04986229000437551,0.0732253812650093,0.10007298270234144,0.03197105797990304,0.060626319803486484,0.09104311735538959,0.03476079640732877,0.06528776585848313,0.032751963400958636,0.005448388231223433,0.012517513610232749,0.015801703437412884,0.020137526033968525,0.002784514030255759,0.0038882649336989257,0.009748541633673662,0.0038484226074092867,0.009239688945771186,0.005393795497838652
A,0.03174339948548934,0.04971745367669844,0.07317475992077967,0.10041716835632623,0.03223230129196662,0.06075720041001135,0.09151935486496723,0.03482345889390098,0.06572638989184555,0.03302049317773821,0.005226712541241079,0.012432264481534231,0.015778803181901,0.020251429099926766,0.0025619312360836083,0.0038325101687891345,0.00969671120467078,0.003858014226815554,0.009245514627189814,0.005383888372977
A,0.031743591105280966,0.04957895480313452,0.0727869687288546,0.09981528059802294,0.032384886023207264,0.06078061736375119,0.09147506572555256,0.034892890106265104,0.06574469839381276,0.03290467652193486,0.005226690204438104,0.012413883874420021,0.015750882904985154,0.020212683005914632,0.002447269301105849,0.003843917751302615,0.00968967450348861,0.0038899933133778155,0.00924622741191104,0.005413661443997982
A,0.031623421063495985,0.04925475361482632,0.07219517966927527,0.09936432401529707,0.03227959077948652,0.06027976140154305,0.09127336900061478,0.034734771619071736,0.06584824602139391,0.03300411397127806,0.0052001165568093385,0.012186909319253697,0.015353447784518567,0.019994712282836613,0.0024597242054911024,0.003568999328346522,0.009689080924833973,0.003890362282635017,0.009215211826693239,0.005389762163276042
A,0.031632213279436945,0.048733025133946964,0.07082715771415185,0.09787288210397471,0.03228805780651824,0.060003861537229974,0.09119608119421738,0.03469110579314521,0.06597035868012313,0.03303407260235859,0.005206969215363256,0.011942155401594,0.015235431415940021,0.01973549903878911,0.0024487046128339024,0.0035848246833124747,0.0096797954525119,0.003887090544938609,0.00922776467422847,0.005398592033244364
A,0.03293577513257195,0.04963670804795036,0.07117305732309226,0.09755986539615355,0.03170288451234048,0.05924051208781672,0.08979961492697142,0.03421066968568888,0.06491521496526852,0.03238818448103315,0.007747402524431039,0.013015514149279508,0.01560910848082065,0.01958142676963534,0.003846643309989784,0.0048768173064270195,0.011586488220159445,0.004169980409399813,0.010294169175504448,0.006271663309298838
A,0.03393623438801792,0.05019892881744933,0.07116387918555955,0.09801269796330155,0.031230314457180896,0.058651190375836514,0.08983981681335462,0.03410489304620569,0.06545596769364627,0.032999224807024566,0.007415378753224961,0.012682542924931949,0.015617654305173083,0.01937797174319596,0.004729882612754853,0.006048798257629739,0.011550770632947679,0.004371699787079542,0.009880512422616233,0.0064689615041498795
A,0.03380820507534578,0.05008868538415388,0.07109929376368798,0.09734301161752848,0.031405607764770534,0.058628511136479974,0.08935983944183201,0.034244487143607436,0.06512745338976374,0.032505100274114636,0.007439281803316756,0.012649948887686308,0.015571070399689867,0.01876528158170491,0.004716598722702411,0.006025877952678469,0.01113366141281783,0.004497502382574818,0.009633757190956455,0.00622621780855224
A,0.03362153773703878,0.049855339456707434,0.0703436392829339,0.09649984629403019,0.03145978854148554,0.05873463599778247,0.08958716195066853,0.03421956895806637,0.06523468492937581,0.03265463663679265,0.007497533141917059,0.012566359977386615,0.0148787544982549,0.018014900787730524,0.004740671204335628,0.006119098097106983,0.011254580402412331,0.004471164703998183,0.009689372324048477,0.006225172409929477
A,0.03363337221928629,0.04880021090206841,0.06832160633078362,0.09418246880632027,0.031182942387940265,0.058689537394323775,0.0893140762266721,0.034296155144702176,0.06501950712662843,0.032338452268814745,0.007512991355142593,0.011887049398330912,0.014568747799667993,0.018035239980520725,0.00458612652767408,0.006098507276262622,0.011189573511325223,0.004481282687644685,0.009690202149231173,0.006250899720627521
A,0.03376180523513844,0.04897754800037686,0.06813049313052608,0.09386524407291551,0.031087039013433276,0.05854108149465387,0.08896834881554126,0.0341304469739725,0.06461844151685844,0.03218656284507073,0.007444783563623324,0.011988368802658076,0.014363880016868157,0.01776028798097509,0.004561926382656882,0.005995450300667559,0.011163335312098708,0.004473030205335706,0.009868504213850778,0.00634644422431609
A,0.03352344546751541,0.04848967292342214,0.06753326285717579,0.09388577010936176,0.030472081315077504,0.058044019521199086,0.088811526267577,0.03386424447211008,0.06464287665397059,0.032465183110889,0.007347735587594274,0.011935926406378682,0.014440281548539623,0.017763073295779107,0.0046745832749855165,0.006052443291295252,0.011079486597350714,0.004520314569157968,0.009883077951690989,0.006635906985515437
A,0.0336213358957525,0.048978295882131345,0.06843529468291532,0.09482990328715693,0.030434033093993777,0.05818578899206287,0.08884824398218126,0.034104246839523136,0.06477206442421166,0.03235590654714564,0.007326547716108051,0.012091607985905906,0.015244493557124091,0.01865645437961472,0.004655464577734202,0.006119889159712645,0.011099583573396866,0.004631799410560721,0.0099531458282843,0.006588361239709514
A,0.03421698606221968,0.049296992983067875,0.0680630082257198,0.0939402594726452,0.03061555189792506,0.0583087904930536,0.08868988550735554,0.03406263941787205,0.0644550905450959,0.03205335245677474,0.00731119645573964,0.012181263699693669,0.015168457577410779,0.018521011787158346,0.004804959972594147,0.00615219707361313,0.011043430974640297,0.004620243895937718,0.009820263111983767,0.006459666549891377
A,0.034835190394296014,0.049983687898556825,0.06849326282628115,0.09404311000325619,0.03070504701833619,0.05844134437942311,0.08869258530419356,0.034150182574527836,0.06438296566647497,0.03193752538564139,0.007282110619059221,0.012365684609402294,0.015307706370683483,0.01855330601675917,0.004862769699804043,0.00618990554005248,0.011044668890648339,0.004642278473508169,0.009784926463712453,0.006394639605108212
A,0.0349742939162483,0.05004188343793806,0.06852651568099506,0.09387080839225977,0.030588961918559733,0.05836224060871925,0.08839681703749677,0.03414040131246065,0.06410830061736265,0.03169061805914507,0.007256721117427369,0.012374885615366116,0.015306680122254938,0.018574530211914065,0.004794530454820468,0.0061955072100364226,0.011039468579206065,0.004644375428383311,0.009792881423084288,0.006370337299747133
A,0.034652693840998915,0.04967047105804136,0.06850977703365468,0.09393076523924057,0.03033111278616151,0.05830116579125575,0.08828804471078697,0.034219574570331084,0.0640950795722144,0.0316312198251419,0.007304636245835128,0.012369424156832204,0.015309200234674084,0.01856570141781228,0.004672066638225859,0.00616341444742361,0.01099793747054877,0.004679762593031071,0.00978939857042677,0.006368793804608661
A,0.034986268838748474,0.04903702842546987,0.06706180669176472,0.09172628829157255,0.02966942664145713,0.057418932904965615,0.08684066243671239,0.03384639708586727,0.06311815171186556,0.03109342498187277,0.007115129373379957,0.013045971855874252,0.017185838002858958,0.021356966567610467,0.005396478462757404,0.007031539402566537,0.012092248504429755,0.004832622415424711,0.010267601797320062,0.00660982660534015
A,0.035646635561269256,0.05132870945625391,0.06947265648094578,0.09533911373814945,0.029596969757912157,0.0578794307823674,0.08858543242493555,0.03436885681932784,0.0647474600159054,0.032134956992698936,0.0071303195715605155,0.008628495878701674,0.013442533234916511,0.015305035011430566,0.005422615438749331,0.0067707878934923325,0.009367319916999597,0.004054633444982205,0.007120987549870618,0.005230909116946993
A,0.036126678651695304,0.052398443059352505,0.07089099880224044,0.09692288903869649,0.029709792838204786,0.058205885956362134,0.0890426863204097,0.0345750536051967,0.06508233315561995,0.032255431576794655,0.006487773575751792,0.007969791967001845,0.014267895771987458,0.01644611899832257,0.005474927324767469,0.007125195511249467,0.009797171641497586,0.0044676933129851725,0.007582169603273878,0.005255872384707094
A,0.03599288271652027,0.052544018595798395,0.07138482757155813,0.0973450781356485,0.029716296498218258,0.05835859341881561,0.08908760726246985,0.03472003976899128,0.0651116202188556,0.032202781301955086,0.006505644816155446,0.007987598303452565,0.014357258049814099,0.0164992747869501,0.005481652835225823,0.007229999019850487,0.009831848010110661,0.004527683877810127,0.007604357372698313,0.005217667883967292
A,0.03609796962018806,0.052818239534033605,0.07174478485432885,0.09755963822163227,0.029784000905265184,0.05839438844542157,0.08896917638937099,0.03462510186433475,0.06490319959672983,0.03208712743475482,0.006470565084174076,0.00818245818933917,0.014651880165694433,0.01669401107583914,0.005523038114224245,0.007241562565794949,0.009774187918627324,0.004519570110940537,0.007523776686025578,0.0051715538823006784
A,0.03664083693237567,0.053883064614558586,0.07304622496184719,0.09881949460109946,0.029822433313937625,0.058265355098931715,0.08872713028884044,0.03453098157384893,0.06465607321063634,0.03201453997552052,0.006486939153744531,0.009072286022398705,0.015586429182365052,0.01741853279500596,0.005540639107533117,0.0071833714119061845,0.009741301521504729,0.004481559565878119,0.007555645797917864,0.0052045754054545375
A,0.0369720690714405,0.05371929983646275,0.07234444037473495,0.09806644154506336,0.029804872054468932,0.058347191685723096,0.0889297840180797,0.03458953016958649,0.06487864623015832,0.032120957624272105,0.006391286984913388,0.009084055480333053,0.015707323233877343,0.01746930503930017,0.005537469274124487,0.007184148188970432,0.00979490720409924,0.004471734846715282,0.007600449268654774,0.0052381417171931954
A,0.0371004179605059,0.054198148738444404,0.07327464601541327,0.09877589525860941,0.02998088033089515,0.0584260731743023,0.08872668112535062,0.0343793666945298,0.06436357957014677,0.0318699337513125,0.006391661083959191,0.009098071513248778,0.015447134704207655,0.01729913119154016,0.0055704784767331775,0.007179533233930608,0.009779009029770873,0.004565612160172045,0.007714354401357683,0.005218800491978982
A,0.035950465899170336,0.05320805156005942,0.07215534125005421,0.09833600902235352,0.030245041067301432,0.05865650898731993,0.08954592533539829,0.03452254725098014,0.06497071095175541,0.03244008922232781,0.0042477866381717315,0.008005178456851027,0.014915412432767842,0.01726584847169657,0.005133816246974358,0.006803498827432211,0.008038303495539053,0.004381752499336449,0.006560044132144211,0.004244074034346465
A,0.03604215694657527,0.05330199429175033,0.07264126660993764,0.09875722029815621,0.03058725798492634,0.05943260201696317,0.09017867096241122,0.03493785745465952,0.0653076273082769,0.03241002196086529,0.004372137597118013,0.007953549223955194,0.0145526316093451,0.01724700452679936,0.004549421942848279,0.0056719220953130875,0.007750454148438483,0.003811856043255497,0.006616636474738372,0.004186042644308705
A,0.03656722055759123,0.053948219255685895,0.07326860905121776,0.09924397178422767,0.0308907319050709,0.05956405832796367,0.09023585187680555,0.034694733599154974,0.06512568906054639,0.03248759138330355,0.004390257253161573,0.00839802665427601,0.015187648723508668,0.01764586999173718,0.004872090293731015,0.00581679878552308,0.0077874111789769445,0.003660923367712785,0.006553105974216684,0.004172235461702872
A,0.037288442309189776,0.054901818973660345,0.0744629350527514,0.10060224147300774,0.030954542224051435,0.059465792071762225,0.09020225933115679,0.03451933142565593,0.0650586310214422,0.03257932280623083,0.004357608145234891,0.009186108072360965,0.016338638577640147,0.01901776810826808,0.004921489720744441,0.005738916664284114,0.00775652336734209,0.003545970548336841,0.006496564401697927,0.004225010689255365
A,0.03691910911534812,0.055412159271590045,0.07591937522182286,0.10241590174199684,0.03119168169181243,0.05973856282527364,0.09074361297284941,0.034708232491982086,0.06557086262845921,0.03288815346062442,0.004117752354957694,0.008994933648823806,0.015491490986491779,0.017901318734740688,0.005038368292079241,0.005934071785751095,0.008053176390533922,0.003696738445304067,0.0067095478376012025,0.004164766294563713
A,0.03712709994287518,0.055801350993901676,0.0760485312247012,0.10261858647973458,0.03146850493162781,0.05972126658833003,0.09101212534138013,0.03479810178456395,0.06598004975598393,0.03317189632437299,0.003914047782700665,0.009241128295512989,0.015550821695696803,0.017967702550592275,0.005188238128651261,0.005929914966935163,0.007997616469491625,0.0036705046835511595,0.006383083915047091,0.003925497221242379
A,0.037402848882106536,0.05653624350487392,0.07655168268104817,0.10276529488341093,0.03197151794159097,0.06013224552141907,0.09126247183479964,0.0350635859585791,0.06608493805831483,0.03298751957946791,0.0038973096900808118,0.008943759988695883,0.015182414659205033,0.01792900813111721,0.004898404477102218,0.005704852970975527,0.008141386645983127,0.003542461781523693,0.0064773913712424976,0.003585134480632994
A,0.03734008061941244,0.05609140962911494,0.07528512304879431,0.10140660434559301,0.03193805632947906,0.059994198496688134,0.09118824620636132,0.034827751992119224,0.06585629136472763,0.03301359132694969,0.0039775893485260675,0.009107106487375774,0.015043849441809027,0.017518326369179604,0.00489753492885387,0.005680983339621589,0.008111252156413179,0.0034612492193752563,0.0063662487171437035,0.0035956988577060534
A,0.03711850669254428,0.056132839789241176,0.07600515824011257,0.10263893201698086,0.03153523705636061,0.06001909646845484,0.09134686091614566,0.034922469695108635,0.06597554285581046,0.03308498541169257,0.003964085355548512,0.009107293042180767,0.015004900105540842,0.017420920846905778,0.004858653218774719,0.005686815223471529,0.008139166415496136,0.003489164268714908,0.006382434352918951,0.0035881220253377666
A,0.0373784240279542,0.05648447524856866,0.07652060719571355,0.10317904383393035,0.031189257784842543,0.05978993280933276,0.0907875307886831,0.03469705923084099,0.06533667663974511,0.0328116688810888,0.00432262750574053,0.009374089383552857,0.015223300575455932,0.01752394626792439,0.004868920330058955,0.005716558530608075,0.008334620421059142,0.0035478687295565736,0.006727866266836551,0.0036810697700890476
A,0.03767245519710728,0.05699356199992249,0.07738433739265117,0.10454468119461428,0.030861248890867547,0.05980115957596292,0.09104689949088327,0.03477296634690806,0.06563063402756747,0.033108443755671055,0.004348657012399947,0.009422969030667977,0.015226411589038718,0.01750380869425058,0.005000577522037163,0.0057116249326185295,0.008255124372730425,0.00352804593107532,0.006669563378559631,0.003679529487807038
A,0.03741465407797791,0.05630195402251048,0.07641781128940868,0.10323205805825789,0.030458127458826693,0.05909990470139337,0.08990547040394543,0.03425220982291673,0.0646807886448688,0.032716359956647394,0.004885196685537932,0.010613142362917523,0.016477572432890438,0.019304597446561062,0.005355678868894299,0.006350550237979179,0.009589274637640924,0.003901590486347587,0.007738268127078472,0.004234488477406206
A,0.037618866968256934,0.05715014126207772,0.07758605815005507,0.10483897121326828,0.03057183376230947,0.05917909877428214,0.09000247825102856,0.03411809992270573,0.0646017353401262,0.03277157293045292,0.004825666971732756,0.008986186068903255,0.01393701468000278,0.015369358584774373,0.00510555417299474,0.00615033885013247,0.009336867782890333,0.004140823429656085,0.007905067160882835,0.004113910790370235
A,0.03799208107923374,0.05819489303206735,0.07932659390168142,0.10653194124700412,0.030975593646080962,0.0595177929378707,0.09053184890697286,0.03438852878813677,0.06507541163896827,0.0328496910542021,0.0054098447928828675,0.009548143428597621,0.014849596051661059,0.01645444248941758,0.005123014054333834,0.006280303154543371,0.009529344871063114,0.004216300455151384,0.008102330500617748,0.004154759746661117
A,0.038168537091632544,0.058266319896417965,0.07886674905797944,0.10593303448608253,0.031079512108126022,0.059156467015367774,0.09021362507346388,0.03384765395677688,0.06462174548575174,0.03297862625926508,0.005252872464793286,0.009547651610072105,0.014576661794136768,0.01604215651353393,0.005189914858209572,0.005931168356945396,0.009229434097160092,0.0034323253012026843,0.007581501663489592,0.004242634999382788
A,0.038320313670554454,0.05822700912716315,0.07858656935815966,0.10580674669031745,0.030954239732677503,0.058864115483472715,0.09004467949208664,0.033640221609744766,0.06452428688763232,0.03301768235139173,0.005169204917138328,0.00956302508341207,0.01463157456998009,0.01607128018666919,0.005112736656611346,0.005791433874429169,0.009132420141863403,0.0033004524805634074,0.0075092363452722395,0.004269201691117762
A,0.038418450626135275,0.05810861479595135,0.07826342722131667,0.1055096656243387,0.030895296651277594,0.05876591082804163,0.09012188602844348,0.03374333666336556,0.06472796495342684,0.03320897996398038,0.0051223359798722905,0.009540506310484961,0.01451227321553951,0.015959384590695323,0.005086425302791926,0.005769775167494931,0.009160323710664792,0.003345422109092937,0.007597099865461623,0.004351716209198218
A,0.038240028214739465,0.05732372755732166,0.07688058627927073,0.104283633156216,0.030862451976675448,0.05875903481328918,0.09053314596494662,0.03379507317619952,0.06523938821159816,0.033608796518029886,0.005056426431569045,0.009064349432135601,0.014040912271793706,0.015692897697266974,0.005076641764473457,0.0057680338267641984,0.009229139373291317,0.003379312673709507,0.007695196566135135,0.004310552300554877
A,0.03795973605007502,0.05713692609334764,0.07716609778244897,0.10474544362175353,0.0307707138098954,0.058800362026073374,0.0906110614190286,0.033955881456029666,0.06535568044801102,0.033646679668641294,0.005200899031417154,0.009219384188197618,0.013811576826038034,0.015391002537754645,0.005096410808289236,0.0057739518381922485,0.009259868035049383,0.003479063008467452,0.007761165023868295,0.0043239772447967876
A,0.037808307726706174,0.05674556595738528,0.07674596960323941,0.10444908571428109,0.03065408395482904,0.05888847156299911,0.09086765180016956,0.034296901981475295,0.06585474059688377,0.0338152042685094,0.005231669108114162,0.009297228220069965,0.013914701137116866,0.01551021278812251,0.005077705467662268,0.005786024285641028,0.009242945053179661,0.003444406090467802,0.007576506239936609,0.004239050460328776
A,0.03766012767623865,0.056438173882393174,0.07668579587001353,0.104374450351676,0.03094305754016643,0.05932968205437479,0.09147403696254587,0.034616230061107714,0.06634053880682265,0.033995046069321355,0.005351312452847093,0.009507256828954867,0.013951772402616735,0.015556787647830774,0.004844632219349195,0.005369937224197806,0.008791920707240827,0.0033384579151711827,0.007310831257031734,0.0041386326846778515
A,0.03717924062489909,0.05674110399128771,0.07714627706671318,0.10455343911796329,0.03110750289822291,0.0593136059839543,0.0914378402010467,0.03476055562086368,0.06628543708794912,0.033793178343102324,0.005303487579858982,0.009386971195164233,0.013750515428553975,0.015548877448495566,0.004713518235113114,0.005375238774846378,0.008788706645898169,0.003339169227717289,0.007290067634557615,0.003920879003958074
A,0.03697209421193667,0.05622618447864168,0.07598067400864081,0.10348602029467076,0.030515217547075445,0.05871004448092534,0.09097261499871818,0.03476211853906917,0.06620705162952958,0.033827784813143254,0.0052025614115565,0.009160549935134134,0.013226769800853275,0.015308771760599917,0.004448705893266824,0.005134467231744271,0.00879173456975099,0.0033391500004381226,0.007304391524710366,0.003912186209156704
A,0.036576126219211566,0.05544941858688683,0.07505918786404162,0.10240873701430173,0.03024422269052966,0.05883328651491311,0.09100420680306714,0.03508846658384902,0.06628888976672764,0.033722148303754036,0.004952364388730882,0.008489719112791127,0.01204037898164868,0.013961626825917528,0.004308714205318451,0.005266521063844767,0.008814547333039005,0.0036699874552666815,0.00735456488355643,0.0038841385408068113
A,0.03651698245924013,0.055569918822899925,0.07504733654122162,0.10251627038218994,0.02991163018323109,0.05861685727925904,0.09076383849520435,0.03517406922791218,0.06624472169532039,0.03369469996182533,0.004964000352708762,0.008525841785977609,0.012035134794560363,0.014014633604909598,0.004111606924894602,0.005030426912194659,0.008623485447520576,0.003787481227536856,0.00731558118069133,0.0038769178552949977
A,0.03794478666831825,0.05686077049424704,0.0770548297039963,0.10474261128893507,0.029714750628383246,0.05867996222270731,0.09090304843238697,0.03531171268334976,0.06645162725127023,0.03379343016625132,0.007715461874161066,0.011374685366312467,0.016093102075974718,0.018049081349850903,0.0038604647492239633,0.005067488196564758,0.008663123422918736,0.0038132007510644286,0.0073259063824063445,0.00386926004855254
A,0.037733596177608165,0.056766757230110966,0.07719886701557456,0.10479659239759434,0.02943692415796918,0.05828556283430475,0.09023850430999744,0.03514478302252831,0.0659418375553477,0.03352983944633028,0.007719996392584598,0.011357442458553047,0.01604284601141036,0.01803470588730427,0.003751694070871746,0.005188693949818291,0.00858152385030908,0.0038589473050999047,0.007215946036795859,0.003739643539744434
A,0.03811203858783092,0.057484306736209946,0.07792203306431657,0.10552113702633763,0.02936791869927201,0.0582450392344515,0.0901275667648483,0.035192782264206524,0.06588106815811237,0.033487821620676164,0.007599914358662773,0.011268724029458405,0.015796521152758623,0.017870965824947793,0.003721129354410967,0.0051809048803575525,0.008549275684305021,0.00384779194113685,0.007213532209679175,0.0037307891988732867
A,0.0378433380220237,0.057399425008998396,0.07779268723760135,0.10548685135578717,0.029414662982355087,0.05819924107358233,0.09020634239752907,0.03526365763807435,0.06607252115629851,0.03360707015983523,0.007788810750636922,0.011281696939256217,0.015772905373430245,0.01785730393721392,0.0037117647543599332,0.005155144846335679,0.008594347881844181,0.003890419119428963,0.007316605861208613,0.003763474636798919
A,0.037576862156137224,0.05730436562989233,0.07784176750300068,0.10577343877356467,0.029507485624251012,0.05831441439717298,0.09062945472800134,0.035438922445143836,0.06655213376668287,0.033800195151477766,0.007609234442798969,0.011209561415657598,0.015805528524044668,0.017999231527356913,0.003692339758696457,0.005149953607445279,0.008415690632485118,0.0038011262152363528,0.006926459494485277,0.0036172984592641407
A,0.0375850873166549,0.05716646173160528,0.07774946195385077,0.10536734702826242,0.029575015785756283,0.05841093051128047,0.0904640322865914,0.03541153470418486,0.06626490925003112,0.03354701609068328,0.0076128556606889376,0.011158787489244931,0.015765028584317574,0.017826285583182073,0.0036351729102575875,0.0051499395005541885,0.008439881030345174,0.0038092517545260268,0.007016528403217026,0.0036380050352520853
A,0.03759794479918985,0.05820963279883233,0.0796552102813162,0.1079723675870146,0.030020917446837554,0.05936610785303448,0.09208145668343085,0.03613676538152582,0.06762105011792896,0.03419347646567668,0.0075923817314235455,0.009680635694247096,0.014115808396069077,0.015461961379862823,0.003208846474562245,0.0046849642583089044,0.0070934823649462546,0.0034323976378419076,0.005780994395305747,0.0028362260077848156
A,0.03975888327591778,0.06124832489381067,0.08348910148873655,0.11254741191649084,0.030476217788760807,0.05989430817235116,0.09319735136438122,0.03632317021808907,0.0684109517663972,0.03494582870069277,0.012195306215764519,0.014051581771206965,0.017151821184583617,0.01895482653749805,0.0022898221246446765,0.003339757070080528,0.004054886357138145,0.0029222811960931427,0.0036395585400945986,0.0019317895423985342
